id_tiempo,cod_mpio,cod_variedad,area_sembrada_ha,area_cosechada_ha,produccion_ton,rendimiento_ton_ha,tasa_perdida_cosecha_pct,produccion_per_capita_nacional_kg
20190601,05001,PASTUSA_SUPREMA,40.0,40.0,640.0,16.0,0.0,0.012990564830976716
20190601,05002,PASTUSA_SUPREMA,95.0,90.0,900.0,10.0,5.263157894736848,0.018267981793561008
20190601,05004,PASTUSA_SUPREMA,0.5,0.5,2.5,5.0,0.0,5.0744393871002796e-05
20190601,05079,PASTUSA_SUPREMA,30.0,27.0,216.0,8.0,9.999999999999998,0.004384315630454641
20190601,05086,CRIOLLA,150.0,120.0,1020.0,8.5,19.999999999999996,0.02070371269936914
20190601,05086,PASTUSA_SUPREMA,400.0,350.0,4900.0,14.0,12.5,0.09945901198716549
20190601,05088,PASTUSA_SUPREMA,235.0,234.0,3744.0,16.0,0.42553191489361764,0.07599480426121379
20190601,05113,PASTUSA_SUPREMA,6.5,6.5,6.5,1.0,0.0,0.00013193542406460729
20190601,05148,CRIOLLA,250.0,250.0,3000.0,12.0,0.0,0.060893272645203354
20190601,05148,PASTUSA_SUPREMA,170.0,170.0,3400.0,20.0,0.0,0.06901237566456381
20190601,05206,PASTUSA_SUPREMA,45.0,45.0,675.0,15.0,0.0,0.013700986345170755
20190601,05237,CRIOLLA,1.0,1.0,8.3,8.3,0.0,0.0001684713876517293
20190601,05237,PASTUSA_SUPREMA,50.0,50.0,1000.0,20.0,0.0,0.02029775754840112
20190601,05264,PASTUSA_SUPREMA,250.0,200.0,6000.0,30.0,19.999999999999996,0.12178654529040671
20190601,05266,PASTUSA_SUPREMA,7.0,7.0,154.0,22.0,0.0,0.0031258546624537724
20190601,05306,PASTUSA_SUPREMA,1.0,1.0,19.0,19.0,0.0,0.0003856573934196213
20190601,05308,CRIOLLA,6.0,6.0,30.0,5.0,0.0,0.0006089327264520336
20190601,05308,PASTUSA_SUPREMA,6.0,6.0,48.0,8.0,0.0,0.0009742923623232537
20190601,05313,CRIOLLA,1.0,1.0,8.4,8.4,0.0,0.0001705011634065694
20190601,05313,PASTUSA_SUPREMA,14.0,14.0,210.0,15.0,0.0,0.004262529085164235
20190601,05318,PASTUSA_SUPREMA,10.0,10.0,240.0,24.0,0.0,0.004871461811616269
20190601,05376,PASTUSA_SUPREMA,7.5,7.5,90.0,12.0,0.0,0.0018267981793561006
20190601,05400,CRIOLLA,60.0,54.0,648.0,12.0,9.999999999999998,0.013152946891363926
20190601,05400,PASTUSA_SUPREMA,696.0,580.0,8990.0,15.5,16.666666666666664,0.18247684036012607
20190601,05440,CRIOLLA,30.0,29.0,203.0,7.0,3.3333333333333326,0.0041204447823254275
20190601,05440,PASTUSA_SUPREMA,120.0,115.0,1092.5,9.5,4.1666666666666625,0.022175300121628223
20190601,05541,PASTUSA_SUPREMA,35.0,33.0,660.0,20.0,5.714285714285716,0.013396519981944738
20190601,05607,PASTUSA_SUPREMA,50.0,35.0,350.0,10.0,30.000000000000004,0.007104215141940391
20190601,05615,PASTUSA_SUPREMA,18.0,18.0,216.0,12.0,0.0,0.004384315630454641
20190601,05647,PASTUSA_SUPREMA,30.0,30.0,600.0,20.0,0.0,0.012178654529040671
20190601,05658,PASTUSA_SUPREMA,9.0,9.0,225.0,25.0,0.0,0.004566995448390252
20190601,05664,CRIOLLA,48.0,46.0,391.0,8.5,4.1666666666666625,0.007936423201424838
20190601,05664,PASTUSA_SUPREMA,580.0,578.0,17918.0,31.0,0.34482758620689724,0.3636952197522513
20190601,05674,PASTUSA_SUPREMA,600.0,600.0,13200.0,22.0,0.0,0.26793039963889476
20190601,05686,CRIOLLA,50.0,49.0,406.7,8.3,2.0000000000000018,0.008255097994934735
20190601,05686,PASTUSA_SUPREMA,625.0,620.0,13640.0,22.0,0.8000000000000007,0.2768614129601913
20190601,05697,CRIOLLA,72.0,72.0,864.0,12.0,0.0,0.017537262521818565
20190601,05697,PASTUSA_SUPREMA,100.0,100.0,1500.0,15.0,0.0,0.030446636322601677
20190601,05756,CRIOLLA,140.0,138.0,1656.0,12.0,1.4285714285714235,0.03361308650015225
20190601,05756,PASTUSA_SUPREMA,60.0,56.0,896.0,16.0,6.666666666666665,0.018186790763367402
20190601,05847,CRIOLLA,6.0,5.5,44.0,8.0,8.333333333333337,0.0008931013321296493
20190601,05847,PASTUSA_SUPREMA,7.0,7.0,210.0,30.0,0.0,0.004262529085164235
20190601,05887,PASTUSA_SUPREMA,70.0,68.0,1632.0,24.0,2.857142857142858,0.033125940318990625
20190601,15001,CRIOLLA,80.0,80.0,800.0,10.0,0.0,0.016238206038720896
20190601,15001,PASTUSA_SUPREMA,2600.0,2600.0,52000.0,20.0,0.0,1.0554833925168583
20190601,15022,CRIOLLA,2.0,2.0,8.0,4.0,0.0,0.00016238206038720896
20190601,15022,PASTUSA_SUPREMA,5.0,5.0,35.0,7.0,0.0,0.0007104215141940392
20190601,15047,CRIOLLA,35.0,30.0,240.0,8.0,14.28571428571429,0.004871461811616269
20190601,15047,PASTUSA_SUPREMA,300.0,250.0,6500.0,26.0,16.666666666666664,0.1319354240646073
20190601,15051,PASTUSA_SUPREMA,1250.0,1250.0,31250.0,25.0,0.0,0.634304923387535
20190601,15087,CRIOLLA,30.0,27.0,378.0,14.0,9.999999999999998,0.007672552353295623
20190601,15087,PASTUSA_SUPREMA,350.0,240.0,3840.0,16.0,31.428571428571427,0.0779433889858603
20190601,15092,CRIOLLA,7.0,7.0,105.0,15.0,0.0,0.0021312645425821176
20190601,15092,PASTUSA_SUPREMA,36.0,36.0,720.0,20.0,0.0,0.014614385434848805
20190601,15104,PASTUSA_SUPREMA,240.0,240.0,4800.0,20.0,0.0,0.09742923623232537
20190601,15109,PASTUSA_SUPREMA,12.0,12.0,252.0,21.0,0.0,0.005115034902197082
20190601,15114,PASTUSA_SUPREMA,6.0,6.0,60.0,10.0,0.0,0.0012178654529040672
20190601,15131,CRIOLLA,130.0,130.0,1556.0,11.97,0.0,0.03158331074531214
20190601,15131,PASTUSA_SUPREMA,80.0,80.0,959.0,11.99,0.0,0.019465549488916673
20190601,15162,PASTUSA_SUPREMA,12.0,12.0,144.0,12.0,0.0,0.002922877086969761
20190601,15172,PASTUSA_SUPREMA,3.5,3.0,90.0,30.0,14.28571428571429,0.0018267981793561006
20190601,15176,CRIOLLA,50.0,50.0,40.0,0.8,0.0,0.0008119103019360447
20190601,15176,PASTUSA_SUPREMA,200.0,200.0,2400.0,12.0,0.0,0.048714618116162685
20190601,15180,PASTUSA_SUPREMA,100.0,100.0,1800.0,18.0,0.0,0.036535963587122015
20190601,15183,PASTUSA_SUPREMA,210.0,210.0,2520.0,12.0,0.0,0.05115034902197082
20190601,15187,PASTUSA_SUPREMA,60.0,60.0,1500.0,25.0,0.0,0.030446636322601677
20190601,15189,PASTUSA_SUPREMA,264.0,264.0,3226.0,12.22,0.0,0.06548056585114201
20190601,15204,PASTUSA_SUPREMA,650.0,650.0,14300.0,22.0,0.0,0.29025793294213603
20190601,15215,PASTUSA_SUPREMA,4.0,4.0,88.0,22.0,0.0,0.0017862026642592986
20190601,15224,PASTUSA_SUPREMA,200.0,200.0,4004.0,20.02,0.0,0.08127222122379808
20190601,15226,CRIOLLA,3.0,3.0,18.0,6.0,0.0,0.00036535963587122015
20190601,15226,PASTUSA_SUPREMA,20.0,20.0,660.0,33.0,0.0,0.013396519981944738
20190601,15232,CRIOLLA,40.0,35.0,280.0,8.0,12.5,0.005683372113552313
20190601,15232,PASTUSA_SUPREMA,650.0,620.0,12400.0,20.0,4.61538461538461,0.25169219360017386
20190601,15236,PASTUSA_SUPREMA,5.0,5.0,100.0,20.0,0.0,0.002029775754840112
20190601,15238,CRIOLLA,3.0,2.91,46.56,16.0,2.9999999999999916,0.0009450635914535562
20190601,15238,PASTUSA_SUPREMA,15.0,14.55,261.9,18.0,2.9999999999999916,0.005315982701926253
20190601,15244,PASTUSA_SUPREMA,300.0,300.0,2700.0,9.0,0.0,0.05480394538068302
20190601,15248,PASTUSA_SUPREMA,22.0,22.0,160.0,7.27,0.0,0.003247641207744179
20190601,15272,PASTUSA_SUPREMA,120.0,120.0,2400.0,20.0,0.0,0.048714618116162685
20190601,15276,PASTUSA_SUPREMA,50.0,50.0,500.0,10.0,0.0,0.01014887877420056
20190601,15293,PASTUSA_SUPREMA,65.0,65.0,1300.0,20.0,0.0,0.026387084812921454
20190601,15296,PASTUSA_SUPREMA,405.0,400.0,4800.0,12.0,1.2345679012345734,0.09742923623232537
20190601,15299,PASTUSA_SUPREMA,4.0,3.5,21.0,6.0,12.5,0.0004262529085164235
20190601,15317,PASTUSA_SUPREMA,6.0,6.0,36.0,6.0,0.0,0.0007307192717424403
20190601,15332,CRIOLLA,2.0,2.0,18.0,9.0,0.0,0.00036535963587122015
20190601,15332,PASTUSA_SUPREMA,37.0,35.0,420.0,12.0,5.405405405405405,0.00852505817032847
20190601,15362,PASTUSA_SUPREMA,15.0,13.0,195.0,15.0,13.33333333333333,0.0039580627219382184
20190601,15367,PASTUSA_SUPREMA,350.0,350.0,5425.0,15.5,0.0,0.11011533470007608
20190601,15368,PASTUSA_SUPREMA,300.0,299.0,4784.0,16.0,0.33333333333332993,0.09710447211155096
20190601,15377,PASTUSA_SUPREMA,6.0,6.0,56.0,9.33,0.0,0.0011366744227104626
20190601,15403,CRIOLLA,4.0,3.0,6.0,2.0,25.0,0.00012178654529040672
20190601,15403,PASTUSA_SUPREMA,23.0,21.0,252.0,12.0,8.695652173913048,0.005115034902197082
20190601,15407,PASTUSA_SUPREMA,180.0,150.0,3900.0,26.0,16.666666666666664,0.07916125443876436
20190601,15425,PASTUSA_SUPREMA,6.0,6.0,72.0,12.0,0.0,0.0014614385434848806
20190601,15442,PASTUSA_SUPREMA,10.0,9.7,194.0,20.0,3.0000000000000027,0.003937764964389817
20190601,15464,PASTUSA_SUPREMA,200.0,200.0,2400.0,12.0,0.0,0.048714618116162685
20190601,15466,CRIOLLA,10.0,10.0,100.0,10.0,0.0,0.002029775754840112
20190601,15466,PASTUSA_SUPREMA,40.0,40.0,800.0,20.0,0.0,0.016238206038720896
20190601,15476,PASTUSA_SUPREMA,910.0,910.0,20930.0,23.0,0.0,0.4248320654880354
20190601,15491,PASTUSA_SUPREMA,65.0,65.0,2080.0,32.0,0.0,0.04221933570067433
20190601,15494,PASTUSA_SUPREMA,156.0,156.0,2184.0,14.0,0.0,0.044330302485708045
20190601,15500,PASTUSA_SUPREMA,83.0,83.0,2117.0,25.51,0.0,0.04297035272996517
20190601,15511,PASTUSA_SUPREMA,14.0,13.0,78.0,6.0,7.14285714285714,0.0015832250887752872
20190601,15516,PASTUSA_SUPREMA,130.0,125.1,1225.98,9.8,3.769230769230769,0.024884644799188803
20190601,15522,PASTUSA_SUPREMA,17.0,17.0,357.0,21.0,0.0,0.0072462994447792
20190601,15531,CRIOLLA,10.0,10.0,100.0,10.0,0.0,0.002029775754840112
20190601,15531,PASTUSA_SUPREMA,10.0,10.0,250.0,25.0,0.0,0.00507443938710028
20190601,15537,PASTUSA_SUPREMA,23.0,23.0,276.0,12.0,0.0,0.005602181083358709
20190601,15542,PASTUSA_SUPREMA,120.0,113.0,5650.0,50.0,5.833333333333335,0.11468233014846632
20190601,15599,CRIOLLA,18.0,12.0,96.0,8.0,33.333333333333336,0.0019485847246465075
20190601,15599,PASTUSA_SUPREMA,240.0,210.0,3780.0,18.0,12.5,0.07672552353295622
20190601,15600,PASTUSA_SUPREMA,278.0,278.0,3525.0,12.68,0.0,0.07154959535811395
20190601,15621,CRIOLLA,1.0,1.0,12.0,12.0,0.0,0.00024357309058081343
20190601,15621,PASTUSA_SUPREMA,10.0,10.0,150.0,15.0,0.0,0.003044663632260168
20190601,15632,CRIOLLA,700.0,630.0,12600.0,20.0,9.999999999999998,0.2557517451098541
20190601,15632,PASTUSA_SUPREMA,2400.0,2350.0,47000.0,20.0,2.083333333333337,0.9539946047748527
20190601,15646,PASTUSA_SUPREMA,700.0,700.0,26600.0,38.0,0.0,0.5399203507874698
20190601,15664,PASTUSA_SUPREMA,2.0,2.0,20.0,10.0,0.0,0.00040595515096802237
20190601,15676,CRIOLLA,10.0,5.0,125.0,25.0,50.0,0.00253721969355014
20190601,15676,PASTUSA_SUPREMA,20.0,8.0,250.0,31.25,60.0,0.00507443938710028
20190601,15693,CRIOLLA,30.0,30.0,420.0,14.0,0.0,0.00852505817032847
20190601,15693,PASTUSA_SUPREMA,27.0,27.0,405.0,15.0,0.0,0.008220591807102454
20190601,15696,PASTUSA_SUPREMA,45.0,45.0,675.0,15.0,0.0,0.013700986345170755
20190601,15720,PASTUSA_SUPREMA,83.0,83.0,1494.0,18.0,0.0,0.030324849777311272
20190601,15723,PASTUSA_SUPREMA,12.0,11.0,110.0,10.0,8.333333333333337,0.002232753330324123
20190601,15740,CRIOLLA,50.0,50.0,600.0,12.0,0.0,0.012178654529040671
20190601,15740,PASTUSA_SUPREMA,3500.0,3500.0,63000.0,18.0,0.0,1.2787587255492705
20190601,15753,PASTUSA_SUPREMA,12.0,10.0,100.0,10.0,16.666666666666664,0.002029775754840112
20190601,15755,CRIOLLA,9.0,8.0,97.12,12.14,11.111111111111116,0.001971318213100717
20190601,15755,PASTUSA_SUPREMA,280.0,270.0,5400.0,20.0,3.57142857142857,0.10960789076136604
20190601,15757,PASTUSA_SUPREMA,40.0,40.0,425.0,10.62,0.0,0.008626546958070476
20190601,15759,CRIOLLA,8.0,7.0,70.0,10.0,12.5,0.0014208430283880783
20190601,15759,PASTUSA_SUPREMA,240.0,240.0,4800.0,20.0,0.0,0.09742923623232537
20190601,15761,PASTUSA_SUPREMA,10.0,10.0,120.0,12.0,0.0,0.0024357309058081343
20190601,15762,PASTUSA_SUPREMA,120.0,120.0,1920.0,16.0,0.0,0.03897169449293015
20190601,15763,PASTUSA_SUPREMA,470.0,470.0,18800.0,40.0,0.0,0.38159784190994106
20190601,15764,CRIOLLA,600.0,600.0,9000.0,15.0,0.0,0.18267981793561008
20190601,15764,PASTUSA_SUPREMA,820.0,820.0,24600.0,30.0,0.0,0.49932483569066755
20190601,15774,PASTUSA_SUPREMA,115.0,108.0,2415.0,22.36,6.086956521739129,0.0490190844793887
20190601,15776,PASTUSA_SUPREMA,20.0,16.0,275.0,17.19,19.999999999999996,0.005581883325810308
20190601,15790,CRIOLLA,5.0,5.0,35.0,7.0,0.0,0.0007104215141940392
20190601,15790,PASTUSA_SUPREMA,30.0,30.0,255.0,8.5,0.0,0.005175928174842285
20190601,15804,PASTUSA_SUPREMA,170.0,170.0,3740.0,22.0,0.0,0.07591361323102018
20190601,15806,PASTUSA_SUPREMA,70.0,70.0,2100.0,30.0,0.0,0.04262529085164235
20190601,15808,CRIOLLA,3.0,3.0,30.0,10.0,0.0,0.0006089327264520336
20190601,15808,PASTUSA_SUPREMA,17.0,16.0,256.0,16.0,5.882352941176472,0.005196225932390687
20190601,15810,CRIOLLA,1.0,1.0,15.0,15.0,0.0,0.0003044663632260168
20190601,15810,PASTUSA_SUPREMA,2.0,1.5,10.5,7.0,25.0,0.00021312645425821175
20190601,15814,PASTUSA_SUPREMA,1200.0,1000.0,18000.0,18.0,16.666666666666664,0.36535963587122017
20190601,15820,PASTUSA_SUPREMA,79.0,79.0,948.0,12.0,0.0,0.01924227415588426
20190601,15822,PASTUSA_SUPREMA,390.0,360.0,7200.0,20.0,7.692307692307687,0.14614385434848806
20190601,15835,PASTUSA_SUPREMA,200.0,190.0,4180.0,22.0,5.000000000000004,0.08484462655231668
20190601,15837,PASTUSA_SUPREMA,120.0,119.0,1700.0,14.29,0.8333333333333304,0.034506187832281904
20190601,15839,CRIOLLA,38.0,36.0,648.0,18.0,5.263157894736848,0.013152946891363926
20190601,15839,PASTUSA_SUPREMA,517.0,501.0,16032.0,32.0,3.0947775628626717,0.32541364901596675
20190601,15842,CRIOLLA,10.0,10.0,80.0,8.0,0.0,0.0016238206038720895
20190601,15842,PASTUSA_SUPREMA,410.0,410.0,8200.0,20.0,0.0,0.1664416118968892
20190601,15861,CRIOLLA,130.0,130.0,2860.0,22.0,0.0,0.0580515865884272
20190601,15861,PASTUSA_SUPREMA,1600.0,1500.0,45000.0,30.0,6.25,0.9133990896780504
20190601,15879,CRIOLLA,35.0,23.6,306.8,13.0,32.57142857142856,0.0062273520158494635
20190601,15879,PASTUSA_SUPREMA,417.0,307.8,4309.2,14.0,26.187050359712227,0.0874670968275701
20190601,17001,PASTUSA_SUPREMA,210.0,209.0,2717.0,13.0,0.4761904761904745,0.055149007259005844
20190601,17013,PASTUSA_SUPREMA,8.0,8.0,24.0,3.0,0.0,0.00048714618116162687
20190601,17446,PASTUSA_SUPREMA,26.0,26.0,470.0,18.08,0.0,0.009539946047748526
20190601,17653,PASTUSA_SUPREMA,80.0,80.0,1280.0,16.0,0.0,0.02598112966195343
20190601,17873,PASTUSA_SUPREMA,25.0,23.0,230.0,10.0,7.9999999999999964,0.0046684842361322575
20190601,19001,CRIOLLA,5.0,4.0,24.0,6.0,19.999999999999996,0.00048714618116162687
20190601,19001,PASTUSA_SUPREMA,5.0,4.0,32.0,8.0,19.999999999999996,0.0006495282415488359
20190601,19022,PASTUSA_SUPREMA,20.0,18.0,288.0,16.0,9.999999999999998,0.005845754173939522
20190601,19100,CRIOLLA,15.0,15.0,120.0,8.0,0.0,0.0024357309058081343
20190601,19100,PASTUSA_SUPREMA,76.0,76.0,608.0,8.0,0.0,0.012341036589427881
20190601,19364,CRIOLLA,30.0,30.0,120.0,4.0,0.0,0.0024357309058081343
20190601,19397,PASTUSA_SUPREMA,95.0,92.0,644.0,7.0,3.157894736842104,0.01307175586117032
20190601,19517,PASTUSA_SUPREMA,78.0,66.0,924.0,14.0,15.384615384615385,0.018755127974722636
20190601,19585,PASTUSA_SUPREMA,1000.0,980.0,24500.0,25.0,2.0000000000000018,0.4972950599358274
20190601,19622,PASTUSA_SUPREMA,3.0,3.0,24.0,8.0,0.0,0.00048714618116162687
20190601,19693,PASTUSA_SUPREMA,300.0,290.0,5220.0,18.0,3.3333333333333326,0.10595429440265385
20190601,19701,PASTUSA_SUPREMA,3.5,1.95,78.0,40.0,44.285714285714285,0.0015832250887752872
20190601,19743,PASTUSA_SUPREMA,220.0,200.0,7000.0,35.0,9.090909090909093,0.14208430283880782
20190601,19760,PASTUSA_SUPREMA,150.0,150.0,2700.0,18.0,0.0,0.05480394538068302
20190601,19821,CRIOLLA,8.0,8.0,120.0,15.0,0.0,0.0024357309058081343
20190601,19821,PASTUSA_SUPREMA,13.0,13.0,198.0,15.23,0.0,0.004018955994583422
20190601,19824,CRIOLLA,210.0,200.0,4800.0,24.0,4.761904761904767,0.09742923623232537
20190601,19824,PASTUSA_SUPREMA,680.0,580.0,16240.0,28.0,14.70588235294118,0.3296355825860342
20190601,25019,PASTUSA_SUPREMA,4.0,4.0,70.0,17.5,0.0,0.0014208430283880783
20190601,25053,PASTUSA_SUPREMA,23.0,22.0,484.0,22.0,4.347826086956519,0.009824114653426141
20190601,25099,CRIOLLA,250.0,245.0,4410.0,18.0,2.0000000000000018,0.08951311078844894
20190601,25099,PASTUSA_SUPREMA,220.0,215.0,4300.0,20.0,2.2727272727272707,0.08728035745812482
20190601,25120,PASTUSA_SUPREMA,20.0,18.0,324.0,18.0,9.999999999999998,0.006576473445681963
20190601,25126,PASTUSA_SUPREMA,3.7,3.4,20.0,5.88,8.108108108108114,0.00040595515096802237
20190601,25151,CRIOLLA,65.0,65.0,1040.0,16.0,0.0,0.021109667850337164
20190601,25151,PASTUSA_SUPREMA,65.0,60.0,1140.0,19.0,7.692307692307687,0.023139443605177275
20190601,25154,CRIOLLA,30.0,30.0,600.0,20.0,0.0,0.012178654529040671
20190601,25154,PASTUSA_SUPREMA,600.0,600.0,12000.0,20.0,0.0,0.24357309058081342
20190601,25175,PASTUSA_SUPREMA,70.0,70.0,1050.0,15.0,0.0,0.021312645425821175
20190601,25178,CRIOLLA,35.0,35.0,385.0,11.0,0.0,0.007814636656134431
20190601,25181,CRIOLLA,15.0,15.0,120.0,8.0,0.0,0.0024357309058081343
20190601,25181,PASTUSA_SUPREMA,18.0,18.0,360.0,20.0,0.0,0.0073071927174244026
20190601,25183,CRIOLLA,150.0,143.0,1859.0,13.0,4.666666666666663,0.03773353128247768
20190601,25183,PASTUSA_SUPREMA,2149.0,2019.0,60570.0,30.0,6.049325267566308,1.2294351747066559
20190601,25200,PASTUSA_SUPREMA,440.0,408.0,7344.0,18.0,7.272727272727275,0.14906673143545782
20190601,25214,PASTUSA_SUPREMA,70.0,70.0,1820.0,26.0,0.0,0.03694191873809004
20190601,25224,CRIOLLA,10.0,10.0,150.0,15.0,0.0,0.003044663632260168
20190601,25224,PASTUSA_SUPREMA,120.0,120.0,2400.0,20.0,0.0,0.048714618116162685
20190601,25260,CRIOLLA,290.0,290.0,5220.0,18.0,0.0,0.10595429440265385
20190601,25260,PASTUSA_SUPREMA,410.0,410.0,9840.0,24.0,0.0,0.199729934276267
20190601,25269,CRIOLLA,107.0,107.0,1712.0,16.0,0.0,0.034749760922862714
20190601,25269,PASTUSA_SUPREMA,270.0,270.0,5832.0,21.6,0.0,0.11837652202227533
20190601,25281,CRIOLLA,120.0,120.0,1800.0,15.0,0.0,0.036535963587122015
20190601,25281,PASTUSA_SUPREMA,230.0,230.0,5520.0,24.0,0.0,0.11204362166717417
20190601,25286,PASTUSA_SUPREMA,246.0,238.0,4046.0,17.0,3.2520325203251987,0.08212472704083093
20190601,25288,CRIOLLA,12.0,12.0,168.0,14.0,0.0,0.003410023268131388
20190601,25288,PASTUSA_SUPREMA,83.0,83.0,1494.0,18.0,0.0,0.030324849777311272
20190601,25295,PASTUSA_SUPREMA,80.0,78.0,1638.0,21.0,2.500000000000002,0.033247726864281034
20190601,25297,PASTUSA_SUPREMA,10.0,9.0,108.0,12.0,9.999999999999998,0.0021921578152273207
20190601,25299,PASTUSA_SUPREMA,4.5,4.0,100.0,25.0,11.111111111111116,0.002029775754840112
20190601,25312,CRIOLLA,35.0,35.0,420.0,12.0,0.0,0.00852505817032847
20190601,25312,PASTUSA_SUPREMA,80.0,80.0,1440.0,18.0,0.0,0.02922877086969761
20190601,25317,CRIOLLA,5.0,5.0,100.0,20.0,0.0,0.002029775754840112
20190601,25317,PASTUSA_SUPREMA,310.0,310.0,6820.0,22.0,0.0,0.13843070648009564
20190601,25322,CRIOLLA,18.0,18.0,342.0,19.0,0.0,0.006941833081553183
20190601,25322,PASTUSA_SUPREMA,173.0,173.0,4105.0,23.73,0.0,0.08332229473618659
20190601,25326,CRIOLLA,60.0,60.0,1500.0,25.0,0.0,0.030446636322601677
20190601,25326,PASTUSA_SUPREMA,555.0,550.0,17600.0,32.0,0.9009009009009028,0.3572405328518597
20190601,25372,PASTUSA_SUPREMA,40.0,40.0,720.0,18.0,0.0,0.014614385434848805
20190601,25377,CRIOLLA,150.0,146.0,3066.0,21.0,2.6666666666666616,0.06223292464339783
20190601,25377,PASTUSA_SUPREMA,910.0,905.0,27150.0,30.0,0.5494505494505475,0.5510841174390904
20190601,25407,CRIOLLA,30.0,30.0,450.0,15.0,0.0,0.009133990896780504
20190601,25407,PASTUSA_SUPREMA,450.0,450.0,7650.0,17.0,0.0,0.15527784524526855
20190601,25426,CRIOLLA,35.0,35.0,308.0,8.8,0.0,0.006251709324907545
20190601,25426,PASTUSA_SUPREMA,260.0,260.0,3848.0,14.8,0.0,0.07810577104624751
20190601,25430,PASTUSA_SUPREMA,340.0,330.0,6567.0,19.9,2.941176470588236,0.13329537382035014
20190601,25436,PASTUSA_SUPREMA,30.0,28.0,560.0,20.0,6.666666666666665,0.011366744227104627
20190601,25473,PASTUSA_SUPREMA,200.0,195.0,5655.0,29.0,2.500000000000002,0.11478381893620833
20190601,25486,PASTUSA_SUPREMA,13.0,13.0,221.0,17.0,0.0,0.004485804418196647
20190601,25513,CRIOLLA,280.0,275.0,3850.0,14.0,1.7857142857142905,0.07814636656134431
20190601,25513,PASTUSA_SUPREMA,120.0,118.0,2478.0,21.0,1.6666666666666718,0.05029784320493797
20190601,25535,PASTUSA_SUPREMA,700.0,700.0,16800.0,24.0,0.0,0.3410023268131388
20190601,25594,CRIOLLA,10.0,10.0,150.0,15.0,0.0,0.003044663632260168
20190601,25594,PASTUSA_SUPREMA,20.0,20.0,420.0,21.0,0.0,0.00852505817032847
20190601,25649,PASTUSA_SUPREMA,16.0,15.0,360.0,24.0,6.25,0.0073071927174244026
20190601,25653,CRIOLLA,45.0,42.0,504.0,12.0,6.666666666666665,0.010230069804394164
20190601,25653,PASTUSA_SUPREMA,980.0,972.0,19440.0,20.0,0.8163265306122436,0.3945884067409178
20190601,25736,CRIOLLA,100.0,100.0,1000.0,10.0,0.0,0.02029775754840112
20190601,25736,PASTUSA_SUPREMA,1270.0,1270.0,54610.0,43.0,0.0,1.108460539718185
20190601,25740,CRIOLLA,495.0,495.0,12375.0,25.0,0.0,0.25118474966146387
20190601,25740,PASTUSA_SUPREMA,716.0,716.0,18616.0,26.0,0.0,0.37786305452103525
20190601,25745,PASTUSA_SUPREMA,170.0,170.0,5950.0,35.0,0.0,0.12077165741298666
20190601,25754,CRIOLLA,30.0,27.0,486.0,18.0,9.999999999999998,0.009864710168522944
20190601,25754,PASTUSA_SUPREMA,398.0,398.0,7960.0,20.0,0.0,0.1615701500852729
20190601,25758,CRIOLLA,5.0,5.0,75.0,15.0,0.0,0.001522331816130084
20190601,25758,PASTUSA_SUPREMA,80.0,80.0,1600.0,20.0,0.0,0.03247641207744179
20190601,25769,CRIOLLA,98.0,98.0,1764.0,18.0,0.0,0.03580524431537958
20190601,25769,PASTUSA_SUPREMA,480.0,480.0,10080.0,21.0,0.0,0.20460139608788327
20190601,25772,CRIOLLA,35.0,35.0,1120.0,32.0,0.0,0.022733488454209253
20190601,25772,PASTUSA_SUPREMA,825.0,825.0,26400.0,32.0,0.0,0.5358607992777895
20190601,25779,CRIOLLA,50.0,50.0,1000.0,20.0,0.0,0.02029775754840112
20190601,25779,PASTUSA_SUPREMA,180.0,180.0,3600.0,20.0,0.0,0.07307192717424403
20190601,25781,PASTUSA_SUPREMA,123.0,121.0,2843.5,23.5,1.6260162601625994,0.05771667358887858
20190601,25785,PASTUSA_SUPREMA,84.0,82.0,1886.0,23.0,2.3809523809523836,0.03828157073628451
20190601,25793,CRIOLLA,105.0,105.0,1890.0,18.0,0.0,0.03836276176647811
20190601,25793,PASTUSA_SUPREMA,7400.0,7400.0,162800.0,22.0,0.0,3.3044749288797024
20190601,25799,CRIOLLA,20.0,20.0,500.0,25.0,0.0,0.01014887877420056
20190601,25799,PASTUSA_SUPREMA,220.0,220.0,4400.0,20.0,0.0,0.08931013321296492
20190601,25817,PASTUSA_SUPREMA,9.0,9.0,153.0,17.0,0.0,0.0031055569049053713
20190601,25839,CRIOLLA,3.5,3.5,52.5,15.0,0.0,0.0010656322712910588
20190601,25839,PASTUSA_SUPREMA,6.0,6.0,180.0,30.0,0.0,0.0036535963587122013
20190601,25841,CRIOLLA,110.0,110.0,660.0,6.0,0.0,0.013396519981944738
20190601,25841,PASTUSA_SUPREMA,150.0,150.0,1200.0,8.0,0.0,0.024357309058081342
20190601,25843,CRIOLLA,32.0,30.0,540.0,18.0,6.25,0.010960789076136604
20190601,25843,PASTUSA_SUPREMA,460.0,460.0,9200.0,20.0,0.0,0.1867393694452903
20190601,25845,CRIOLLA,227.0,220.0,4840.0,22.0,3.083700440528636,0.09824114653426141
20190601,25845,PASTUSA_SUPREMA,908.0,900.0,30600.0,34.0,0.8810572687224627,0.6211113809810742
20190601,25873,CRIOLLA,11.0,11.0,187.0,17.0,0.0,0.0037956806615510093
20190601,25873,PASTUSA_SUPREMA,5300.0,5130.0,143640.0,28.0,3.20754716981132,2.9155698942523367
20190601,25898,CRIOLLA,220.0,200.0,2400.0,12.0,9.090909090909093,0.048714618116162685
20190601,25898,PASTUSA_SUPREMA,245.0,226.0,8588.0,38.0,7.755102040816331,0.17431714182566882
20190601,25899,CRIOLLA,50.0,50.0,900.0,18.0,0.0,0.018267981793561008
20190601,25899,PASTUSA_SUPREMA,1410.0,1410.0,35250.0,25.0,0.0,0.7154959535811395
20190601,41001,PASTUSA_SUPREMA,2.0,2.0,12.0,6.0,0.0,0.00024357309058081343
20190601,41020,PASTUSA_SUPREMA,3.0,3.0,15.0,5.0,0.0,0.0003044663632260168
20190601,41206,PASTUSA_SUPREMA,4.0,4.0,16.0,4.0,0.0,0.00032476412077441793
20190601,41359,PASTUSA_SUPREMA,6.0,6.0,30.0,5.0,0.0,0.0006089327264520336
20190601,41396,PASTUSA_SUPREMA,5.0,4.0,20.0,5.0,19.999999999999996,0.00040595515096802237
20190601,41668,PASTUSA_SUPREMA,2.0,2.0,10.0,5.0,0.0,0.00020297757548401119
20190601,52001,CRIOLLA,320.0,320.0,5760.0,18.0,0.0,0.11691508347879044
20190601,52001,PASTUSA_SUPREMA,4000.0,4000.0,96000.0,24.0,0.0,1.9485847246465073
20190601,52022,PASTUSA_SUPREMA,320.0,280.0,4500.0,16.07,12.5,0.09133990896780504
20190601,52083,PASTUSA_SUPREMA,8.0,6.0,30.0,5.0,25.0,0.0006089327264520336
20190601,52110,PASTUSA_SUPREMA,100.0,95.0,760.0,8.0,5.000000000000004,0.015426295736784851
20190601,52210,PASTUSA_SUPREMA,520.0,520.0,11440.0,22.0,0.0,0.2322063463537088
20190601,52215,CRIOLLA,60.0,60.0,1800.0,30.0,0.0,0.036535963587122015
20190601,52215,PASTUSA_SUPREMA,300.0,300.0,5400.0,18.0,0.0,0.10960789076136604
20190601,52224,CRIOLLA,40.0,39.0,312.0,8.0,2.500000000000002,0.006332900355101149
20190601,52224,PASTUSA_SUPREMA,500.0,490.0,8820.0,18.0,2.0000000000000018,0.17902622157689788
20190601,52227,CRIOLLA,30.0,20.0,240.0,12.0,33.333333333333336,0.004871461811616269
20190601,52227,PASTUSA_SUPREMA,230.0,210.0,4200.0,20.0,8.695652173913048,0.0852505817032847
20190601,52258,PASTUSA_SUPREMA,13.0,11.0,101.0,9.18,15.384615384615385,0.002050073512388513
20190601,52287,PASTUSA_SUPREMA,130.0,130.0,1430.0,11.0,0.0,0.0290257932942136
20190601,52317,CRIOLLA,28.0,26.0,312.0,12.0,7.14285714285714,0.006332900355101149
20190601,52317,PASTUSA_SUPREMA,390.0,370.0,7030.0,19.0,5.128205128205132,0.14269323556525987
20190601,52320,CRIOLLA,18.0,18.0,180.0,10.0,0.0,0.0036535963587122013
20190601,52320,PASTUSA_SUPREMA,275.0,275.0,4400.0,16.0,0.0,0.08931013321296492
20190601,52323,CRIOLLA,10.0,10.0,200.0,20.0,0.0,0.004059551509680224
20190601,52323,PASTUSA_SUPREMA,600.0,600.0,13800.0,23.0,0.0,0.28010905416793547
20190601,52352,CRIOLLA,90.0,90.0,720.0,8.0,0.0,0.014614385434848805
20190601,52352,PASTUSA_SUPREMA,920.0,920.0,18400.0,20.0,0.0,0.3734787388905806
20190601,52354,CRIOLLA,16.5,16.0,185.5,11.59,3.0303030303030276,0.0037652340252284076
20190601,52354,PASTUSA_SUPREMA,171.0,168.4,3010.0,17.87,1.520467836257311,0.06109625022068737
20190601,52356,CRIOLLA,70.0,68.0,612.0,9.0,2.857142857142858,0.012422227619621485
20190601,52356,PASTUSA_SUPREMA,1300.0,1254.0,22572.0,18.0,3.5384615384615348,0.45816098338251005
20190601,52378,PASTUSA_SUPREMA,25.0,19.0,228.0,12.0,24.0,0.0046278887210354554
20190601,52381,CRIOLLA,2.0,2.0,10.0,5.0,0.0,0.00020297757548401119
20190601,52381,PASTUSA_SUPREMA,9.0,9.0,54.0,6.0,0.0,0.0010960789076136603
20190601,52385,PASTUSA_SUPREMA,2.0,2.0,10.0,5.0,0.0,0.00020297757548401119
20190601,52418,PASTUSA_SUPREMA,5.0,5.0,75.0,15.0,0.0,0.001522331816130084
20190601,52435,PASTUSA_SUPREMA,42.0,25.0,260.0,10.4,40.476190476190474,0.005277416962584291
20190601,52480,CRIOLLA,4.0,4.0,32.0,8.0,0.0,0.0006495282415488359
20190601,52480,PASTUSA_SUPREMA,10.0,10.0,12.0,1.2,0.0,0.00024357309058081343
20190601,52506,CRIOLLA,10.0,9.0,270.0,30.0,9.999999999999998,0.005480394538068302
20190601,52506,PASTUSA_SUPREMA,990.0,900.0,29700.0,33.0,9.090909090909093,0.6028433991875133
20190601,52560,CRIOLLA,180.0,180.0,4050.0,22.5,0.0,0.08220591807102454
20190601,52560,PASTUSA_SUPREMA,550.0,550.0,22275.0,40.5,0.0,0.4521325493906349
20190601,52565,CRIOLLA,33.0,33.0,330.0,10.0,0.0,0.006698259990972369
20190601,52565,PASTUSA_SUPREMA,68.0,68.0,748.0,11.0,0.0,0.015182722646204037
20190601,52573,CRIOLLA,85.0,83.0,830.0,10.0,2.352941176470591,0.01684713876517293
20190601,52573,PASTUSA_SUPREMA,180.0,178.0,3382.0,19.0,1.1111111111111072,0.06864701602869258
20190601,52585,CRIOLLA,74.0,74.0,1998.0,27.0,0.0,0.040554919581705436
20190601,52585,PASTUSA_SUPREMA,2440.0,2440.0,58500.0,23.98,0.0,1.1874188165814654
20190601,52612,PASTUSA_SUPREMA,4.0,4.0,80.0,20.0,0.0,0.0016238206038720895
20190601,52678,PASTUSA_SUPREMA,69.0,62.0,1178.0,19.0,10.144927536231885,0.023910758392016517
20190601,52683,PASTUSA_SUPREMA,9.0,9.0,180.0,20.0,0.0,0.0036535963587122013
20190601,52685,PASTUSA_SUPREMA,5.0,5.0,35.0,7.0,0.0,0.0007104215141940392
20190601,52699,PASTUSA_SUPREMA,40.0,39.0,546.0,14.0,2.500000000000002,0.011082575621427011
20190601,52720,CRIOLLA,20.0,19.0,190.0,10.0,5.000000000000004,0.003856573934196213
20190601,52720,PASTUSA_SUPREMA,1000.0,1000.0,17000.0,17.0,0.0,0.34506187832281904
20190601,52788,PASTUSA_SUPREMA,400.0,400.0,7200.0,18.0,0.0,0.14614385434848806
20190601,52838,CRIOLLA,414.0,400.0,4800.0,12.0,3.3816425120772986,0.09742923623232537
20190601,52838,PASTUSA_SUPREMA,2802.0,2750.0,71500.0,26.0,1.855817273376159,1.45128966471068
20190601,52885,PASTUSA_SUPREMA,260.0,260.0,5980.0,23.0,0.0,0.1213805901394387
20190601,54125,CRIOLLA,50.0,48.0,960.0,20.0,4.0000000000000036,0.019485847246465075
20190601,54125,PASTUSA_SUPREMA,80.0,78.0,1716.0,22.0,2.500000000000002,0.03483095195305632
20190601,54174,CRIOLLA,30.0,25.0,375.0,15.0,16.666666666666664,0.007611659080650419
20190601,54174,PASTUSA_SUPREMA,460.0,368.0,5152.0,14.0,19.999999999999996,0.10457404688936256
20190601,54347,CRIOLLA,3.0,3.0,48.0,16.0,0.0,0.0009742923623232537
20190601,54347,PASTUSA_SUPREMA,9.0,9.0,162.0,18.0,0.0,0.0032882367228409815
20190601,54377,PASTUSA_SUPREMA,6.0,5.0,75.0,15.0,16.666666666666664,0.001522331816130084
20190601,54480,CRIOLLA,132.0,132.0,3300.0,25.0,0.0,0.06698259990972369
20190601,54480,PASTUSA_SUPREMA,81.0,81.0,2025.0,25.0,0.0,0.04110295903551227
20190601,54518,CRIOLLA,99.0,98.0,1274.0,13.0,1.0101010101010055,0.025859343116663026
20190601,54518,PASTUSA_SUPREMA,158.0,157.0,2355.0,15.0,0.6329113924050667,0.04780121902648463
20190601,54743,CRIOLLA,191.0,189.0,3780.0,20.0,1.0471204188481686,0.07672552353295622
20190601,54743,PASTUSA_SUPREMA,1041.0,1026.0,26940.0,26.26,1.4409221902017322,0.5468215883539261
20190601,68020,PASTUSA_SUPREMA,30.0,30.0,600.0,20.0,0.0,0.012178654529040671
20190601,68101,PASTUSA_SUPREMA,49.0,49.0,1000.0,20.41,0.0,0.02029775754840112
20190601,68132,CRIOLLA,2.5,2.5,25.0,10.0,0.0,0.000507443938710028
20190601,68132,PASTUSA_SUPREMA,4.0,4.0,48.0,12.0,0.0,0.0009742923623232537
20190601,68152,PASTUSA_SUPREMA,800.0,800.0,12800.0,16.0,0.0,0.25981129661953434
20190601,68162,PASTUSA_SUPREMA,300.0,250.0,11800.0,47.2,16.666666666666664,0.2395135390711332
20190601,68207,CRIOLLA,12.0,12.0,156.0,13.0,0.0,0.0031664501775505744
20190601,68207,PASTUSA_SUPREMA,40.0,40.0,1600.0,40.0,0.0,0.03247641207744179
20190601,68264,PASTUSA_SUPREMA,95.0,95.0,570.0,6.0,0.0,0.011569721802588638
20190601,68298,PASTUSA_SUPREMA,15.0,15.0,120.0,8.0,0.0,0.0024357309058081343
20190601,68318,CRIOLLA,30.0,29.5,619.5,21.0,1.6666666666666718,0.012574460801234493
20190601,68318,PASTUSA_SUPREMA,275.0,271.0,7046.0,26.0,1.4545454545454528,0.1430179996860343
20190601,68368,PASTUSA_SUPREMA,2.0,2.0,22.0,11.0,0.0,0.00044655066606482464
20190601,68377,CRIOLLA,2.0,1.8,28.44,15.8,9.999999999999998,0.0005772682246765278
20190601,68377,PASTUSA_SUPREMA,2.0,1.9,34.58,18.2,5.000000000000004,0.0007018964560237107
20190601,68432,CRIOLLA,0.25,0.2,7.0,35.0,19.999999999999996,0.00014208430283880783
20190601,68432,PASTUSA_SUPREMA,1.0,0.9,18.0,20.0,9.999999999999998,0.00036535963587122015
20190601,68468,PASTUSA_SUPREMA,18.0,17.0,340.0,20.0,5.555555555555558,0.00690123756645638
20190601,68502,PASTUSA_SUPREMA,176.0,176.0,3872.0,22.0,0.0,0.07859291722740913
20190601,68572,PASTUSA_SUPREMA,30.0,28.0,420.0,15.0,6.666666666666665,0.00852505817032847
20190601,68669,PASTUSA_SUPREMA,17.0,17.0,160.0,9.41,0.0,0.003247641207744179
20190601,68682,PASTUSA_SUPREMA,2.0,2.0,20.0,10.0,0.0,0.00040595515096802237
20190601,68773,PASTUSA_SUPREMA,2.0,1.0,38.86,38.86,50.0,0.0007887708583308675
20190601,68820,PASTUSA_SUPREMA,350.0,350.0,8750.0,25.0,0.0,0.1776053785485098
20190601,68861,PASTUSA_SUPREMA,5.0,5.0,10.0,2.0,0.0,0.00020297757548401119
20190601,68867,CRIOLLA,1.0,1.0,15.0,15.0,0.0,0.0003044663632260168
20190601,68867,PASTUSA_SUPREMA,42.0,42.0,840.0,20.0,0.0,0.01705011634065694
20190601,73043,PASTUSA_SUPREMA,90.0,83.0,1328.0,16.0,7.777777777777772,0.026955422024276688
20190601,73124,PASTUSA_SUPREMA,30.0,29.0,464.0,16.0,3.3333333333333326,0.009418159502458119
20190601,73152,PASTUSA_SUPREMA,200.0,200.0,2000.0,10.0,0.0,0.04059551509680224
20190601,73347,PASTUSA_SUPREMA,170.0,170.0,3060.0,18.0,0.0,0.06211113809810743
20190601,73461,CRIOLLA,16.0,16.0,280.0,17.5,0.0,0.005683372113552313
20190601,73461,PASTUSA_SUPREMA,550.0,550.0,12000.0,21.82,0.0,0.24357309058081342
20190601,73622,CRIOLLA,60.0,55.0,770.0,14.0,8.333333333333337,0.015629273312268863
20190601,73622,PASTUSA_SUPREMA,50.0,45.0,900.0,20.0,9.999999999999998,0.018267981793561008
20190601,73686,PASTUSA_SUPREMA,200.0,200.0,3200.0,16.0,0.0,0.06495282415488358
20190601,73870,PASTUSA_SUPREMA,20.0,20.0,262.0,13.1,0.0,0.005318012477681093
20190601,76111,PASTUSA_SUPREMA,5.0,5.0,100.0,20.0,0.0,0.002029775754840112
20190601,76275,PASTUSA_SUPREMA,4.0,3.5,70.0,20.0,12.5,0.0014208430283880783
20190601,76834,PASTUSA_SUPREMA,150.0,150.0,3000.0,20.0,0.0,0.060893272645203354
20190601,86749,PASTUSA_SUPREMA,2.5,2.5,50.0,20.0,0.0,0.001014887877420056
20190601,86755,PASTUSA_SUPREMA,10.0,10.0,19.0,1.9,0.0,0.0003856573934196213
20190601,86760,PASTUSA_SUPREMA,3.0,3.0,30.0,10.0,0.0,0.0006089327264520336
20190601,05001,PASTUSA_SUPREMA,40.0,40.0,640.0,16.0,0.0,0.012990564830976716
20190601,05002,PASTUSA_SUPREMA,80.0,75.0,750.0,10.0,6.25,0.015223318161300839
20190601,05079,PASTUSA_SUPREMA,30.0,27.0,216.0,8.0,9.999999999999998,0.004384315630454641
20190601,05086,CRIOLLA,100.0,80.0,680.0,8.5,19.999999999999996,0.01380247513291276
20190601,05086,PASTUSA_SUPREMA,200.0,180.0,2700.0,15.0,9.999999999999998,0.05480394538068302
20190601,05088,PASTUSA_SUPREMA,265.0,264.0,4224.0,16.0,0.37735849056603765,0.08573772788444632
20190601,05113,PASTUSA_SUPREMA,5.0,5.0,4.0,0.8,0.0,8.119103019360448e-05
20190601,05148,CRIOLLA,280.0,280.0,3360.0,12.0,0.0,0.06820046536262776
20190601,05148,PASTUSA_SUPREMA,180.0,180.0,3600.0,20.0,0.0,0.07307192717424403
20190601,05206,PASTUSA_SUPREMA,45.0,45.0,675.0,15.0,0.0,0.013700986345170755
20190601,05237,PASTUSA_SUPREMA,50.0,50.0,1500.0,30.0,0.0,0.030446636322601677
20190601,05264,PASTUSA_SUPREMA,250.0,250.0,7500.0,30.0,0.0,0.1522331816130084
20190601,05266,PASTUSA_SUPREMA,6.0,6.0,132.0,22.0,0.0,0.0026793039963889475
20190601,05306,PASTUSA_SUPREMA,4.0,4.0,76.0,19.0,0.0,0.0015426295736784851
20190601,05308,CRIOLLA,6.0,6.0,30.0,5.0,0.0,0.0006089327264520336
20190601,05308,PASTUSA_SUPREMA,6.0,6.0,48.0,8.0,0.0,0.0009742923623232537
20190601,05313,CRIOLLA,7.0,6.0,78.0,13.0,14.28571428571429,0.0015832250887752872
20190601,05313,PASTUSA_SUPREMA,20.0,20.0,300.0,15.0,0.0,0.006089327264520336
20190601,05318,PASTUSA_SUPREMA,10.0,10.0,240.0,24.0,0.0,0.004871461811616269
20190601,05376,PASTUSA_SUPREMA,8.0,8.0,96.0,12.0,0.0,0.0019485847246465075
20190601,05400,CRIOLLA,100.0,98.0,1176.0,12.0,2.0000000000000018,0.023870162876919718
20190601,05400,PASTUSA_SUPREMA,1000.0,980.0,15190.0,15.5,2.0000000000000018,0.30832293716021303
20190601,05440,CRIOLLA,30.0,29.0,203.0,7.0,3.3333333333333326,0.0041204447823254275
20190601,05440,PASTUSA_SUPREMA,120.0,115.0,1092.5,9.5,4.1666666666666625,0.022175300121628223
20190601,05541,PASTUSA_SUPREMA,20.0,18.0,360.0,20.0,9.999999999999998,0.0073071927174244026
20190601,05607,PASTUSA_SUPREMA,50.0,38.0,456.0,12.0,24.0,0.009255777442070911
20190601,05615,PASTUSA_SUPREMA,18.0,18.0,216.0,12.0,0.0,0.004384315630454641
20190601,05647,PASTUSA_SUPREMA,20.0,20.0,300.0,15.0,0.0,0.006089327264520336
20190601,05658,PASTUSA_SUPREMA,9.0,9.0,225.0,25.0,0.0,0.004566995448390252
20190601,05664,CRIOLLA,40.0,35.0,297.5,8.5,12.5,0.006038582870649333
20190601,05664,PASTUSA_SUPREMA,650.0,647.0,20057.0,31.0,0.4615384615384577,0.40711212314828127
20190601,05674,PASTUSA_SUPREMA,600.0,600.0,13200.0,22.0,0.0,0.26793039963889476
20190601,05686,CRIOLLA,50.0,49.0,406.7,8.3,2.0000000000000018,0.008255097994934735
20190601,05686,PASTUSA_SUPREMA,630.0,625.0,13750.0,22.0,0.7936507936507908,0.27909416629051537
20190601,05697,PASTUSA_SUPREMA,170.0,170.0,2380.0,14.0,0.0,0.04830866296519466
20190601,05756,CRIOLLA,95.0,94.0,1222.0,13.0,1.0526315789473717,0.024803859724146168
20190601,05756,PASTUSA_SUPREMA,45.0,45.0,720.0,16.0,0.0,0.014614385434848805
20190601,05847,CRIOLLA,6.0,5.5,44.0,8.0,8.333333333333337,0.0008931013321296493
20190601,05847,PASTUSA_SUPREMA,7.0,7.0,280.0,40.0,0.0,0.005683372113552313
20190601,05887,PASTUSA_SUPREMA,50.0,50.0,1050.0,21.0,0.0,0.021312645425821175
20190601,15001,CRIOLLA,50.0,50.0,500.0,10.0,0.0,0.01014887877420056
20190601,15001,PASTUSA_SUPREMA,2000.0,2000.0,40000.0,20.0,0.0,0.8119103019360447
20190601,15047,CRIOLLA,30.0,25.0,200.0,8.0,16.666666666666664,0.004059551509680224
20190601,15047,PASTUSA_SUPREMA,80.0,60.0,1500.0,25.0,25.0,0.030446636322601677
20190601,15051,PASTUSA_SUPREMA,1250.0,1250.0,25000.0,20.0,0.0,0.507443938710028
20190601,15087,CRIOLLA,35.0,35.0,287.0,8.2,0.0,0.005825456416391121
20190601,15087,PASTUSA_SUPREMA,320.0,320.0,4160.0,13.0,0.0,0.08443867140134866
20190601,15092,CRIOLLA,5.0,5.0,75.0,15.0,0.0,0.001522331816130084
20190601,15092,PASTUSA_SUPREMA,22.0,22.0,440.0,20.0,0.0,0.008931013321296493
20190601,15104,PASTUSA_SUPREMA,140.0,140.0,3640.0,26.0,0.0,0.07388383747618008
20190601,15109,PASTUSA_SUPREMA,12.0,12.0,252.0,21.0,0.0,0.005115034902197082
20190601,15131,CRIOLLA,141.0,141.0,1698.0,12.04,0.0,0.0344655923171851
20190601,15131,PASTUSA_SUPREMA,84.0,84.0,1006.0,11.98,0.0,0.020419544093691525
20190601,15162,PASTUSA_SUPREMA,28.0,28.0,280.0,10.0,0.0,0.005683372113552313
20190601,15172,PASTUSA_SUPREMA,1.5,1.5,45.0,30.0,0.0,0.0009133990896780503
20190601,15176,CRIOLLA,50.0,50.0,450.0,9.0,0.0,0.009133990896780504
20190601,15176,PASTUSA_SUPREMA,310.0,310.0,4030.0,13.0,0.0,0.08179996292005651
20190601,15180,PASTUSA_SUPREMA,110.0,110.0,1980.0,18.0,0.0,0.040189559945834216
20190601,15183,PASTUSA_SUPREMA,231.0,231.0,2772.0,12.0,0.0,0.056265383924167904
20190601,15187,PASTUSA_SUPREMA,50.0,50.0,900.0,18.0,0.0,0.018267981793561008
20190601,15189,PASTUSA_SUPREMA,245.0,245.0,3062.5,12.5,0.0,0.062161882491978425
20190601,15204,PASTUSA_SUPREMA,550.0,550.0,13750.0,25.0,0.0,0.27909416629051537
20190601,15215,PASTUSA_SUPREMA,1.0,0.8,17.6,22.0,19.999999999999996,0.0003572405328518597
20190601,15224,PASTUSA_SUPREMA,350.0,350.0,7000.0,20.0,0.0,0.14208430283880782
20190601,15226,CRIOLLA,3.0,3.0,15.0,5.0,0.0,0.0003044663632260168
20190601,15226,PASTUSA_SUPREMA,20.0,20.0,680.0,34.0,0.0,0.01380247513291276
20190601,15232,CRIOLLA,40.0,35.0,280.0,8.0,12.5,0.005683372113552313
20190601,15232,PASTUSA_SUPREMA,750.0,720.0,14400.0,20.0,4.0000000000000036,0.2922877086969761
20190601,15236,PASTUSA_SUPREMA,6.0,6.0,102.0,17.0,0.0,0.002070371269936914
20190601,15238,CRIOLLA,3.0,2.91,46.56,16.0,2.9999999999999916,0.0009450635914535562
20190601,15238,PASTUSA_SUPREMA,15.0,14.55,261.9,18.0,2.9999999999999916,0.005315982701926253
20190601,15244,PASTUSA_SUPREMA,100.0,100.0,950.0,9.5,0.0,0.019282869670981063
20190601,15248,PASTUSA_SUPREMA,7.0,7.0,50.0,7.14,0.0,0.001014887877420056
20190601,15272,PASTUSA_SUPREMA,160.0,120.0,2400.0,20.0,25.0,0.048714618116162685
20190601,15293,PASTUSA_SUPREMA,50.0,50.0,1200.0,24.0,0.0,0.024357309058081342
20190601,15296,PASTUSA_SUPREMA,140.0,138.0,1656.0,12.0,1.4285714285714235,0.03361308650015225
20190601,15299,PASTUSA_SUPREMA,4.0,3.0,18.0,6.0,25.0,0.00036535963587122015
20190601,15317,PASTUSA_SUPREMA,30.0,29.0,290.0,10.0,3.3333333333333326,0.0058863496890363244
20190601,15332,CRIOLLA,3.0,2.8,25.2,9.0,6.666666666666677,0.0005115034902197082
20190601,15332,PASTUSA_SUPREMA,43.0,41.0,492.0,12.0,4.651162790697672,0.009986496713813351
20190601,15367,PASTUSA_SUPREMA,280.0,280.0,4200.0,15.0,0.0,0.0852505817032847
20190601,15368,PASTUSA_SUPREMA,200.0,199.0,3980.0,20.0,0.5000000000000004,0.08078507504263645
20190601,15403,CRIOLLA,3.0,3.0,33.0,11.0,0.0,0.0006698259990972369
20190601,15403,PASTUSA_SUPREMA,10.0,10.0,150.0,15.0,0.0,0.003044663632260168
20190601,15407,PASTUSA_SUPREMA,220.0,219.0,4818.0,22.0,0.4545454545454519,0.0977945958681966
20190601,15425,CRIOLLA,3.0,2.0,16.0,8.0,33.333333333333336,0.00032476412077441793
20190601,15425,PASTUSA_SUPREMA,3.0,3.0,39.0,13.0,0.0,0.0007916125443876436
20190601,15442,PASTUSA_SUPREMA,9.0,8.0,176.0,22.0,11.111111111111116,0.003572405328518597
20190601,15464,PASTUSA_SUPREMA,42.0,42.0,504.0,12.0,0.0,0.010230069804394164
20190601,15466,CRIOLLA,20.0,20.0,200.0,10.0,0.0,0.004059551509680224
20190601,15466,PASTUSA_SUPREMA,40.0,40.0,800.0,20.0,0.0,0.016238206038720896
20190601,15476,CRIOLLA,15.0,15.0,105.0,7.0,0.0,0.0021312645425821176
20190601,15476,PASTUSA_SUPREMA,350.0,350.0,8050.0,23.0,0.0,0.163396948264629
20190601,15491,PASTUSA_SUPREMA,62.0,62.0,1302.0,21.0,0.0,0.026427680328018257
20190601,15494,PASTUSA_SUPREMA,180.0,180.0,2520.0,14.0,0.0,0.05115034902197082
20190601,15500,PASTUSA_SUPREMA,81.0,81.0,2082.0,25.7,0.0,0.04225993121577113
20190601,15511,PASTUSA_SUPREMA,10.0,9.0,54.0,6.0,9.999999999999998,0.0010960789076136603
20190601,15522,PASTUSA_SUPREMA,21.0,21.0,462.0,22.0,0.0,0.009377563987361318
20190601,15531,CRIOLLA,10.0,10.0,100.0,10.0,0.0,0.002029775754840112
20190601,15531,PASTUSA_SUPREMA,15.0,15.0,375.0,25.0,0.0,0.007611659080650419
20190601,15537,PASTUSA_SUPREMA,10.0,10.0,110.0,11.0,0.0,0.002232753330324123
20190601,15542,PASTUSA_SUPREMA,326.0,318.0,21942.0,69.0,2.4539877300613466,0.4453733961270174
20190601,15599,CRIOLLA,15.0,15.0,165.0,11.0,0.0,0.0033491299954861845
20190601,15599,PASTUSA_SUPREMA,200.0,200.0,3400.0,17.0,0.0,0.06901237566456381
20190601,15600,PASTUSA_SUPREMA,272.0,272.0,3514.0,12.92,0.0,0.07132632002508153
20190601,15621,PASTUSA_SUPREMA,5.0,5.0,75.0,15.0,0.0,0.001522331816130084
20190601,15632,CRIOLLA,750.0,730.0,13140.0,18.0,2.6666666666666616,0.2667125341859907
20190601,15632,PASTUSA_SUPREMA,2500.0,2450.0,49000.0,20.0,2.0000000000000018,0.9945901198716548
20190601,15646,PASTUSA_SUPREMA,1050.0,1050.0,30450.0,29.0,0.0,0.6180667173488141
20190601,15676,PASTUSA_SUPREMA,48.0,40.0,850.0,21.25,16.666666666666664,0.017253093916140952
20190601,15693,CRIOLLA,21.0,21.0,294.0,14.0,0.0,0.005967540719229929
20190601,15693,PASTUSA_SUPREMA,26.0,26.0,390.0,15.0,0.0,0.007916125443876437
20190601,15723,PASTUSA_SUPREMA,4.0,4.0,40.0,10.0,0.0,0.0008119103019360447
20190601,15740,CRIOLLA,50.0,50.0,600.0,12.0,0.0,0.012178654529040671
20190601,15740,PASTUSA_SUPREMA,3500.0,3500.0,63000.0,18.0,0.0,1.2787587255492705
20190601,15755,CRIOLLA,8.0,7.0,84.98,12.14,12.5,0.0017249034364631272
20190601,15755,PASTUSA_SUPREMA,260.0,260.0,5200.0,20.0,0.0,0.10554833925168582
20190601,15757,PASTUSA_SUPREMA,42.0,42.0,450.0,10.71,0.0,0.009133990896780504
20190601,15759,CRIOLLA,6.0,6.0,60.0,10.0,0.0,0.0012178654529040672
20190601,15759,PASTUSA_SUPREMA,240.0,240.0,4320.0,18.0,0.0,0.08768631260909283
20190601,15761,PASTUSA_SUPREMA,8.0,8.0,96.0,12.0,0.0,0.0019485847246465075
20190601,15762,PASTUSA_SUPREMA,45.0,45.0,720.0,16.0,0.0,0.014614385434848805
20190601,15764,CRIOLLA,700.0,700.0,10500.0,15.0,0.0,0.21312645425821175
20190601,15764,PASTUSA_SUPREMA,610.0,610.0,18300.0,30.0,0.0,0.3714489631357405
20190601,15774,PASTUSA_SUPREMA,65.0,65.0,975.0,15.0,0.0,0.01979031360969109
20190601,15776,PASTUSA_SUPREMA,20.0,18.0,306.0,17.0,9.999999999999998,0.006211113809810743
20190601,15790,CRIOLLA,4.0,4.0,30.0,7.5,0.0,0.0006089327264520336
20190601,15790,PASTUSA_SUPREMA,30.0,30.0,255.0,8.5,0.0,0.005175928174842285
20190601,15806,PASTUSA_SUPREMA,40.0,40.0,1200.0,30.0,0.0,0.024357309058081342
20190601,15808,CRIOLLA,3.0,2.7,24.3,9.0,9.999999999999998,0.0004932355084261472
20190601,15808,PASTUSA_SUPREMA,6.0,5.0,85.0,17.0,16.666666666666664,0.001725309391614095
20190601,15814,PASTUSA_SUPREMA,1300.0,1200.0,18000.0,15.0,7.692307692307687,0.36535963587122017
20190601,15820,PASTUSA_SUPREMA,30.0,30.0,300.0,10.0,0.0,0.006089327264520336
20190601,15822,PASTUSA_SUPREMA,420.0,390.0,7800.0,20.0,7.14285714285714,0.15832250887752872
20190601,15835,PASTUSA_SUPREMA,170.0,160.0,3520.0,22.0,5.882352941176472,0.07144810657037194
20190601,15837,PASTUSA_SUPREMA,50.0,50.0,650.0,13.0,0.0,0.013193542406460727
20190601,15839,CRIOLLA,22.0,21.0,450.0,21.43,4.545454545454541,0.009133990896780504
20190601,15839,PASTUSA_SUPREMA,528.0,526.0,16832.0,32.0,0.37878787878787845,0.34165185505468765
20190601,15842,CRIOLLA,11.0,10.0,80.0,8.0,9.090909090909093,0.0016238206038720895
20190601,15842,PASTUSA_SUPREMA,640.0,620.0,12400.0,20.0,3.125,0.25169219360017386
20190601,15861,CRIOLLA,80.0,80.0,1440.0,18.0,0.0,0.02922877086969761
20190601,15861,PASTUSA_SUPREMA,2000.0,1900.0,57000.0,30.0,5.000000000000004,1.1569721802588637
20190601,15879,CRIOLLA,30.0,23.6,332.76,14.1,21.333333333333325,0.006754281801805957
20190601,15879,PASTUSA_SUPREMA,525.0,383.0,5591.8,14.6,27.047619047619044,0.11350100065914938
20190601,17001,PASTUSA_SUPREMA,210.0,209.0,2717.0,13.0,0.4761904761904745,0.055149007259005844
20190601,17873,PASTUSA_SUPREMA,25.0,23.0,230.0,10.0,7.9999999999999964,0.0046684842361322575
20190601,19001,CRIOLLA,10.0,10.0,60.0,6.0,0.0,0.0012178654529040672
20190601,19001,PASTUSA_SUPREMA,10.0,10.0,80.0,8.0,0.0,0.0016238206038720895
20190601,19022,PASTUSA_SUPREMA,100.0,95.0,1900.0,20.0,5.000000000000004,0.03856573934196213
20190601,19355,PASTUSA_SUPREMA,2.0,2.0,30.0,15.0,0.0,0.0006089327264520336
20190601,19364,CRIOLLA,20.0,10.0,40.0,4.0,50.0,0.0008119103019360447
20190601,19397,PASTUSA_SUPREMA,80.0,80.0,480.0,6.0,0.0,0.009742923623232537
20190601,19517,PASTUSA_SUPREMA,79.2,67.0,804.0,12.0,15.404040404040408,0.0163193970689145
20190601,19585,PASTUSA_SUPREMA,750.0,740.0,18500.0,25.0,1.3333333333333308,0.37550851464542073
20190601,19622,PASTUSA_SUPREMA,3.0,3.0,24.0,8.0,0.0,0.00048714618116162687
20190601,19693,PASTUSA_SUPREMA,410.0,410.0,7380.0,18.0,0.0,0.14979745070720027
20190601,19701,PASTUSA_SUPREMA,1.5,1.0,20.0,20.0,33.333333333333336,0.00040595515096802237
20190601,19743,PASTUSA_SUPREMA,180.0,160.0,3840.0,24.0,11.111111111111116,0.0779433889858603
20190601,19760,PASTUSA_SUPREMA,90.0,90.0,1620.0,18.0,0.0,0.032882367228409815
20190601,19821,CRIOLLA,8.0,8.0,120.0,15.0,0.0,0.0024357309058081343
20190601,19821,PASTUSA_SUPREMA,12.0,12.0,180.0,15.0,0.0,0.0036535963587122013
20190601,19824,CRIOLLA,70.0,50.0,1200.0,24.0,28.57142857142857,0.024357309058081342
20190601,19824,PASTUSA_SUPREMA,780.0,500.0,14000.0,28.0,35.89743589743589,0.28416860567761565
20190601,25019,PASTUSA_SUPREMA,4.0,4.0,70.0,17.5,0.0,0.0014208430283880783
20190601,25053,PASTUSA_SUPREMA,24.0,5.0,110.0,22.0,79.16666666666666,0.002232753330324123
20190601,25099,CRIOLLA,230.0,230.0,3450.0,15.0,0.0,0.07002726354198387
20190601,25099,PASTUSA_SUPREMA,260.0,250.0,4750.0,19.0,3.8461538461538436,0.09641434835490531
20190601,25120,PASTUSA_SUPREMA,20.0,20.0,360.0,18.0,0.0,0.0073071927174244026
20190601,25126,PASTUSA_SUPREMA,47.9,45.8,916.0,20.0,4.384133611691022,0.018592745914335424
20190601,25151,CRIOLLA,55.0,55.0,880.0,16.0,0.0,0.017862026642592985
20190601,25151,PASTUSA_SUPREMA,60.0,60.0,1140.0,19.0,0.0,0.023139443605177275
20190601,25154,CRIOLLA,30.0,30.0,600.0,20.0,0.0,0.012178654529040671
20190601,25154,PASTUSA_SUPREMA,600.0,600.0,12000.0,20.0,0.0,0.24357309058081342
20190601,25175,PASTUSA_SUPREMA,30.0,30.0,450.0,15.0,0.0,0.009133990896780504
20190601,25178,PASTUSA_SUPREMA,26.0,26.0,468.0,18.0,0.0,0.009499350532651723
20190601,25181,CRIOLLA,80.0,80.0,1040.0,13.0,0.0,0.021109667850337164
20190601,25181,PASTUSA_SUPREMA,25.0,25.0,300.0,12.0,0.0,0.006089327264520336
20190601,25183,CRIOLLA,154.0,147.0,2352.0,16.0,4.545454545454541,0.047740325753839435
20190601,25183,PASTUSA_SUPREMA,2642.0,2560.0,76800.0,30.0,3.1037093111279335,1.558867779717206
20190601,25200,PASTUSA_SUPREMA,405.0,396.0,7128.0,18.0,2.2222222222222254,0.14468241580500318
20190601,25214,PASTUSA_SUPREMA,70.0,69.5,1807.0,26.0,0.7142857142857117,0.036678047889960826
20190601,25224,CRIOLLA,20.0,20.0,300.0,15.0,0.0,0.006089327264520336
20190601,25224,PASTUSA_SUPREMA,160.0,160.0,3200.0,20.0,0.0,0.06495282415488358
20190601,25260,CRIOLLA,278.0,276.0,4692.0,17.0,0.7194244604316502,0.09523707841709805
20190601,25260,PASTUSA_SUPREMA,420.0,419.0,10056.0,24.0,0.23809523809523725,0.20411424990672167
20190601,25269,CRIOLLA,99.0,88.0,1672.0,19.0,11.111111111111116,0.03393785062092667
20190601,25269,PASTUSA_SUPREMA,334.0,334.0,6479.6,19.4,0.0,0.1315213498106199
20190601,25281,CRIOLLA,460.0,460.0,6900.0,15.0,0.0,0.14005452708396773
20190601,25281,PASTUSA_SUPREMA,360.0,360.0,8640.0,24.0,0.0,0.17537262521818567
20190601,25286,PASTUSA_SUPREMA,200.0,200.0,4000.0,20.0,0.0,0.08119103019360448
20190601,25288,CRIOLLA,18.0,18.0,252.0,14.0,0.0,0.005115034902197082
20190601,25288,PASTUSA_SUPREMA,82.0,82.0,1476.0,18.0,0.0,0.029959490141440052
20190601,25295,PASTUSA_SUPREMA,5.0,5.0,125.0,25.0,0.0,0.00253721969355014
20190601,25297,PASTUSA_SUPREMA,10.0,9.0,108.0,12.0,9.999999999999998,0.0021921578152273207
20190601,25299,PASTUSA_SUPREMA,5.0,4.0,100.0,25.0,19.999999999999996,0.002029775754840112
20190601,25312,CRIOLLA,40.0,40.0,480.0,12.0,0.0,0.009742923623232537
20190601,25312,PASTUSA_SUPREMA,60.0,60.0,1080.0,18.0,0.0,0.02192157815227321
20190601,25317,CRIOLLA,3.0,3.0,54.0,18.0,0.0,0.0010960789076136603
20190601,25317,PASTUSA_SUPREMA,280.0,280.0,6160.0,22.0,0.0,0.1250341864981509
20190601,25322,CRIOLLA,20.0,20.0,400.0,20.0,0.0,0.008119103019360448
20190601,25322,PASTUSA_SUPREMA,230.0,230.0,5198.0,22.6,0.0,0.10550774373658901
20190601,25326,CRIOLLA,20.0,20.0,500.0,25.0,0.0,0.01014887877420056
20190601,25326,PASTUSA_SUPREMA,210.0,210.0,6300.0,30.0,0.0,0.12787587255492705
20190601,25339,PASTUSA_SUPREMA,60.0,60.0,1440.0,24.0,0.0,0.02922877086969761
20190601,25372,PASTUSA_SUPREMA,40.0,38.0,532.0,14.0,5.000000000000004,0.010798407015749396
20190601,25377,CRIOLLA,112.0,110.0,2420.0,22.0,1.7857142857142905,0.04912057326713071
20190601,25377,PASTUSA_SUPREMA,895.0,893.0,26790.0,30.0,0.22346368715083775,0.5437769247216659
20190601,25407,CRIOLLA,30.0,30.0,450.0,15.0,0.0,0.009133990896780504
20190601,25407,PASTUSA_SUPREMA,455.0,440.0,7840.0,17.82,3.296703296703296,0.15913441917946478
20190601,25426,CRIOLLA,25.0,25.0,212.5,8.5,0.0,0.004313273479035238
20190601,25426,PASTUSA_SUPREMA,140.0,140.0,2072.0,14.8,0.0,0.042056953640287116
20190601,25430,PASTUSA_SUPREMA,345.0,334.0,6980.6,20.9,3.1884057971014457,0.14169052634236887
20190601,25436,PASTUSA_SUPREMA,30.0,30.0,600.0,20.0,0.0,0.012178654529040671
20190601,25473,PASTUSA_SUPREMA,200.0,195.0,5655.0,29.0,2.500000000000002,0.11478381893620833
20190601,25486,PASTUSA_SUPREMA,12.0,12.0,204.0,17.0,0.0,0.004140742539873828
20190601,25513,CRIOLLA,140.0,120.0,1680.0,14.0,14.28571428571429,0.03410023268131388
20190601,25513,PASTUSA_SUPREMA,180.0,180.0,3420.0,19.0,0.0,0.06941833081553182
20190601,25535,PASTUSA_SUPREMA,1000.0,1000.0,24000.0,24.0,0.0,0.48714618116162683
20190601,25594,CRIOLLA,10.0,10.0,160.0,16.0,0.0,0.003247641207744179
20190601,25594,PASTUSA_SUPREMA,20.0,20.0,420.0,21.0,0.0,0.00852505817032847
20190601,25649,PASTUSA_SUPREMA,12.0,10.0,280.0,28.0,16.666666666666664,0.005683372113552313
20190601,25653,CRIOLLA,38.0,25.0,300.0,12.0,34.210526315789465,0.006089327264520336
20190601,25653,PASTUSA_SUPREMA,980.0,970.0,19400.0,20.0,1.0204081632653073,0.3937764964389817
20190601,25736,CRIOLLA,115.0,115.0,1150.0,10.0,0.0,0.023342421180661287
20190601,25736,PASTUSA_SUPREMA,925.0,925.0,37000.0,40.0,0.0,0.7510170292908415
20190601,25740,CRIOLLA,498.0,498.0,12450.0,25.0,0.0,0.2527070814775939
20190601,25740,PASTUSA_SUPREMA,692.0,692.0,11764.0,17.0,0.0,0.23878281979939076
20190601,25745,PASTUSA_SUPREMA,150.0,150.0,5250.0,35.0,0.0,0.10656322712910588
20190601,25754,CRIOLLA,30.0,22.0,396.0,18.0,26.66666666666667,0.008037911989166844
20190601,25754,PASTUSA_SUPREMA,400.0,350.0,7000.0,20.0,12.5,0.14208430283880782
20190601,25758,PASTUSA_SUPREMA,13.0,13.0,260.0,20.0,0.0,0.005277416962584291
20190601,25769,CRIOLLA,90.0,90.0,1620.0,18.0,0.0,0.032882367228409815
20190601,25769,PASTUSA_SUPREMA,428.0,428.0,8988.0,21.0,0.0,0.18243624484502927
20190601,25772,CRIOLLA,15.0,15.0,480.0,32.0,0.0,0.009742923623232537
20190601,25772,PASTUSA_SUPREMA,650.0,650.0,20800.0,32.0,0.0,0.42219335700674326
20190601,25779,CRIOLLA,40.0,40.0,800.0,20.0,0.0,0.016238206038720896
20190601,25779,PASTUSA_SUPREMA,500.0,500.0,10000.0,20.0,0.0,0.20297757548401119
20190601,25781,PASTUSA_SUPREMA,95.0,93.0,2139.0,23.0,2.1052631578947323,0.04341690339602999
20190601,25785,PASTUSA_SUPREMA,80.0,78.0,1872.0,24.0,2.500000000000002,0.03799740213060689
20190601,25793,CRIOLLA,70.0,70.0,1260.0,18.0,0.0,0.02557517451098541
20190601,25793,PASTUSA_SUPREMA,6500.0,6500.0,143000.0,22.0,0.0,2.90257932942136
20190601,25799,CRIOLLA,25.0,25.0,620.0,24.8,0.0,0.012584609680008694
20190601,25799,PASTUSA_SUPREMA,220.0,220.0,4200.0,19.09,0.0,0.0852505817032847
20190601,25807,PASTUSA_SUPREMA,201.0,201.0,3618.0,18.0,0.0,0.07343728681011524
20190601,25817,PASTUSA_SUPREMA,5.0,5.0,50.0,10.0,0.0,0.001014887877420056
20190601,25843,CRIOLLA,35.0,33.0,594.0,18.0,5.714285714285716,0.012056867983750264
20190601,25843,PASTUSA_SUPREMA,480.0,480.0,9600.0,20.0,0.0,0.19485847246465074
20190601,25845,CRIOLLA,190.0,171.0,4104.0,24.0,9.999999999999998,0.08330199697863819
20190601,25845,PASTUSA_SUPREMA,1028.0,925.2,29606.4,32.0,9.999999999999998,0.6009435290809829
20190601,25873,CRIOLLA,42.0,38.0,646.0,17.0,9.523809523809524,0.013112351376267123
20190601,25873,PASTUSA_SUPREMA,6000.0,5900.0,165200.0,28.0,1.6666666666666718,3.353189546995865
20190601,25898,CRIOLLA,250.0,240.0,2880.0,12.0,4.0000000000000036,0.05845754173939522
20190601,25898,PASTUSA_SUPREMA,280.0,270.0,10260.0,38.0,3.57142857142857,0.20825499244659548
20190601,25899,CRIOLLA,60.0,60.0,1080.0,18.0,0.0,0.02192157815227321
20190601,25899,PASTUSA_SUPREMA,1200.0,1200.0,30000.0,25.0,0.0,0.6089327264520336
20190601,41001,PASTUSA_SUPREMA,3.0,3.0,18.0,6.0,0.0,0.00036535963587122015
20190601,41020,PASTUSA_SUPREMA,3.0,3.0,15.0,5.0,0.0,0.0003044663632260168
20190601,41206,PASTUSA_SUPREMA,4.0,4.0,16.0,4.0,0.0,0.00032476412077441793
20190601,41359,PASTUSA_SUPREMA,6.0,6.0,30.0,5.0,0.0,0.0006089327264520336
20190601,41396,PASTUSA_SUPREMA,5.0,5.0,35.0,7.0,0.0,0.0007104215141940392
20190601,41668,PASTUSA_SUPREMA,3.0,3.0,15.0,5.0,0.0,0.0003044663632260168
20190601,52001,CRIOLLA,330.0,330.0,5940.0,18.0,0.0,0.12056867983750265
20190601,52001,PASTUSA_SUPREMA,5000.0,5000.0,120000.0,24.0,0.0,2.4357309058081342
20190601,52022,PASTUSA_SUPREMA,310.0,270.0,4725.0,17.5,12.903225806451612,0.09590690441619529
20190601,52083,PASTUSA_SUPREMA,9.0,7.0,36.0,5.14,22.22222222222222,0.0007307192717424403
20190601,52110,PASTUSA_SUPREMA,90.0,80.0,640.0,8.0,11.111111111111116,0.012990564830976716
20190601,52210,PASTUSA_SUPREMA,510.0,300.0,5400.0,18.0,41.17647058823529,0.10960789076136604
20190601,52215,CRIOLLA,60.0,60.0,1000.0,16.67,0.0,0.02029775754840112
20190601,52215,PASTUSA_SUPREMA,350.0,350.0,6300.0,18.0,0.0,0.12787587255492705
20190601,52224,CRIOLLA,26.0,24.0,192.0,8.0,7.692307692307687,0.003897169449293015
20190601,52224,PASTUSA_SUPREMA,460.0,440.0,7920.0,18.0,4.347826086956519,0.16075823978333686
20190601,52227,CRIOLLA,20.0,19.0,228.0,12.0,5.000000000000004,0.0046278887210354554
20190601,52227,PASTUSA_SUPREMA,280.0,270.0,5400.0,20.0,3.57142857142857,0.10960789076136604
20190601,52258,PASTUSA_SUPREMA,11.0,9.0,83.0,9.22,18.181818181818176,0.001684713876517293
20190601,52287,PASTUSA_SUPREMA,195.0,70.0,700.0,10.0,64.1025641025641,0.014208430283880783
20190601,52320,CRIOLLA,15.0,15.0,180.0,12.0,0.0,0.0036535963587122013
20190601,52320,PASTUSA_SUPREMA,220.0,220.0,3520.0,16.0,0.0,0.07144810657037194
20190601,52323,CRIOLLA,18.0,18.0,360.0,20.0,0.0,0.0073071927174244026
20190601,52323,PASTUSA_SUPREMA,600.0,600.0,13800.0,23.0,0.0,0.28010905416793547
20190601,52352,CRIOLLA,55.0,55.0,440.0,8.0,0.0,0.008931013321296493
20190601,52352,PASTUSA_SUPREMA,1200.0,1200.0,24000.0,20.0,0.0,0.48714618116162683
20190601,52354,CRIOLLA,19.8,7.0,81.13,11.59,64.64646464646464,0.0016467570699017827
20190601,52354,PASTUSA_SUPREMA,217.0,113.0,2019.31,17.87,47.92626728110599,0.040987464795061865
20190601,52356,CRIOLLA,50.0,48.0,432.0,9.0,4.0000000000000036,0.008768631260909283
20190601,52356,PASTUSA_SUPREMA,1600.0,1596.0,28728.0,18.0,0.24999999999999467,0.5831139788504673
20190601,52378,PASTUSA_SUPREMA,11.0,11.0,132.0,12.0,0.0,0.0026793039963889475
20190601,52381,CRIOLLA,3.5,2.5,27.5,11.0,28.57142857142857,0.0005581883325810308
20190601,52381,PASTUSA_SUPREMA,9.2,9.0,27.0,3.0,2.1739130434782483,0.0005480394538068302
20190601,52385,PASTUSA_SUPREMA,2.0,2.0,10.0,5.0,0.0,0.00020297757548401119
20190601,52435,PASTUSA_SUPREMA,42.0,25.0,260.0,10.4,40.476190476190474,0.005277416962584291
20190601,52480,CRIOLLA,4.0,4.0,32.0,8.0,0.0,0.0006495282415488359
20190601,52480,PASTUSA_SUPREMA,7.0,7.0,84.0,12.0,0.0,0.001705011634065694
20190601,52506,CRIOLLA,10.0,10.0,270.0,27.0,0.0,0.005480394538068302
20190601,52506,PASTUSA_SUPREMA,890.0,890.0,26700.0,30.0,0.0,0.5419501265423099
20190601,52560,CRIOLLA,150.0,150.0,3375.0,22.5,0.0,0.06850493172585377
20190601,52560,PASTUSA_SUPREMA,800.0,200.0,900.0,4.5,75.0,0.018267981793561008
20190601,52565,CRIOLLA,68.0,68.0,816.0,12.0,0.0,0.016562970159495313
20190601,52573,CRIOLLA,40.0,38.0,380.0,10.0,5.000000000000004,0.007713147868392426
20190601,52573,PASTUSA_SUPREMA,215.0,213.0,4047.0,19.0,0.9302325581395321,0.08214502479837933
20190601,52585,CRIOLLA,74.0,74.0,1998.0,27.0,0.0,0.040554919581705436
20190601,52585,PASTUSA_SUPREMA,2480.0,2480.0,62000.0,25.0,0.0,1.2584609680008694
20190601,52612,PASTUSA_SUPREMA,4.5,4.5,40.5,9.0,0.0,0.0008220591807102454
20190601,52678,PASTUSA_SUPREMA,59.0,56.0,1064.0,19.0,5.0847457627118615,0.021596814031498792
20190601,52685,PASTUSA_SUPREMA,7.0,6.0,60.0,10.0,14.28571428571429,0.0012178654529040672
20190601,52720,CRIOLLA,12.0,12.0,96.0,8.0,0.0,0.0019485847246465075
20190601,52720,PASTUSA_SUPREMA,1000.0,980.0,16660.0,17.0,2.0000000000000018,0.33816064075636265
20190601,52788,PASTUSA_SUPREMA,417.0,417.0,7089.0,17.0,0.0,0.14389080326061554
20190601,52838,CRIOLLA,300.0,300.0,3600.0,12.0,0.0,0.07307192717424403
20190601,52838,PASTUSA_SUPREMA,2802.0,2750.0,55000.0,20.0,1.855817273376159,1.1163766651620615
20190601,54125,CRIOLLA,50.0,48.0,960.0,20.0,4.0000000000000036,0.019485847246465075
20190601,54125,PASTUSA_SUPREMA,90.0,88.0,1936.0,22.0,2.2222222222222254,0.039296458613704566
20190601,54174,CRIOLLA,37.0,37.0,362.6,9.8,0.0,0.007359966887050246
20190601,54174,PASTUSA_SUPREMA,560.0,370.0,7400.0,20.0,33.92857142857143,0.15020340585816827
20190601,54347,CRIOLLA,5.0,5.0,85.0,17.0,0.0,0.001725309391614095
20190601,54347,PASTUSA_SUPREMA,8.0,8.0,136.0,17.0,0.0,0.002760495026582552
20190601,54377,PASTUSA_SUPREMA,8.0,6.0,90.0,15.0,25.0,0.0018267981793561006
20190601,54480,CRIOLLA,125.0,125.0,3125.0,25.0,0.0,0.0634304923387535
20190601,54480,PASTUSA_SUPREMA,78.0,78.0,1950.0,25.0,0.0,0.03958062721938218
20190601,54518,CRIOLLA,85.0,84.0,1092.0,13.0,1.17647058823529,0.022165151242854023
20190601,54518,PASTUSA_SUPREMA,140.0,138.0,2070.0,15.0,1.4285714285714235,0.04201635812519032
20190601,54743,CRIOLLA,145.0,140.0,2800.0,20.0,3.4482758620689613,0.05683372113552313
20190601,54743,PASTUSA_SUPREMA,715.0,702.0,19370.0,27.59,1.8181818181818188,0.3931675637125297
20190601,68020,PASTUSA_SUPREMA,20.0,20.0,400.0,20.0,0.0,0.008119103019360448
20190601,68101,PASTUSA_SUPREMA,30.0,30.0,615.0,20.5,0.0,0.012483120892266688
20190601,68132,CRIOLLA,2.0,2.0,18.0,9.0,0.0,0.00036535963587122015
20190601,68207,CRIOLLA,12.0,12.0,156.0,13.0,0.0,0.0031664501775505744
20190601,68207,PASTUSA_SUPREMA,40.0,40.0,1600.0,40.0,0.0,0.03247641207744179
20190601,68264,PASTUSA_SUPREMA,95.0,95.0,570.0,6.0,0.0,0.011569721802588638
20190601,68298,PASTUSA_SUPREMA,10.0,10.0,70.0,7.0,0.0,0.0014208430283880783
20190601,68318,CRIOLLA,27.0,27.0,567.0,21.0,0.0,0.011508828529943435
20190601,68318,PASTUSA_SUPREMA,210.0,206.0,5150.0,25.0,1.904761904761909,0.10453345137426577
20190601,68377,CRIOLLA,1.5,1.4,21.0,15.0,6.666666666666677,0.0004262529085164235
20190601,68377,PASTUSA_SUPREMA,1.5,1.4,25.5,18.21,6.666666666666677,0.0005175928174842285
20190601,68432,CRIOLLA,0.25,0.2,7.0,35.0,19.999999999999996,0.00014208430283880783
20190601,68432,PASTUSA_SUPREMA,1.0,0.9,18.0,20.0,9.999999999999998,0.00036535963587122015
20190601,68468,PASTUSA_SUPREMA,18.0,18.0,360.0,20.0,0.0,0.0073071927174244026
20190601,68502,PASTUSA_SUPREMA,176.0,176.0,3872.0,22.0,0.0,0.07859291722740913
20190601,68572,PASTUSA_SUPREMA,30.0,30.0,450.0,15.0,0.0,0.009133990896780504
20190601,68669,PASTUSA_SUPREMA,17.0,17.0,175.0,10.29,0.0,0.0035521075709701957
20190601,68773,PASTUSA_SUPREMA,2.0,1.5,58.29,38.86,25.0,0.0011831562874963012
20190601,68867,PASTUSA_SUPREMA,5.0,5.0,100.0,20.0,0.0,0.002029775754840112
20190601,73043,PASTUSA_SUPREMA,118.0,83.0,1328.0,16.0,29.66101694915254,0.026955422024276688
20190601,73124,PASTUSA_SUPREMA,25.0,25.0,400.0,16.0,0.0,0.008119103019360448
20190601,73152,PASTUSA_SUPREMA,200.0,200.0,2000.0,10.0,0.0,0.04059551509680224
20190601,73347,PASTUSA_SUPREMA,156.0,156.0,2808.0,18.0,0.0,0.05699610319591034
20190601,73461,CRIOLLA,15.0,15.0,290.0,19.33,0.0,0.0058863496890363244
20190601,73622,CRIOLLA,60.0,52.0,728.0,14.0,13.33333333333333,0.014776767495236015
20190601,73622,PASTUSA_SUPREMA,50.0,45.0,900.0,20.0,9.999999999999998,0.018267981793561008
20190601,73686,PASTUSA_SUPREMA,200.0,200.0,3200.0,16.0,0.0,0.06495282415488358
20190601,73870,PASTUSA_SUPREMA,30.0,30.0,525.0,17.5,0.0,0.010656322712910588
20190601,76111,PASTUSA_SUPREMA,5.0,5.0,100.0,20.0,0.0,0.002029775754840112
20190601,76275,PASTUSA_SUPREMA,0.5,0.5,10.0,20.0,0.0,0.00020297757548401119
20190601,76834,PASTUSA_SUPREMA,200.0,200.0,3400.0,17.0,0.0,0.06901237566456381
20200601,05001,PASTUSA_SUPREMA,35.0,35.0,560.0,16.0,0.0,0.011113141905495031
20200601,05002,PASTUSA_SUPREMA,95.0,90.0,900.0,10.0,5.263157894736848,0.017860406633831302
20200601,05004,CRIOLLA,2.0,1.5,1.5,1.0,25.0,2.9767344389718835e-05
20200601,05004,PASTUSA_SUPREMA,1.0,0.8,2.4,3.0,19.999999999999996,4.7627751023550136e-05
20200601,05079,PASTUSA_SUPREMA,30.0,27.0,216.0,8.0,9.999999999999998,0.0042864975921195125
20200601,05086,PASTUSA_SUPREMA,200.0,200.0,2800.0,14.0,0.0,0.05556570952747516
20200601,05088,PASTUSA_SUPREMA,235.0,234.0,3744.0,16.0,0.42553191489361764,0.07429929159673822
20200601,05148,CRIOLLA,250.0,240.0,2880.0,12.0,4.0000000000000036,0.057153301228260164
20200601,05148,PASTUSA_SUPREMA,170.0,150.0,3000.0,20.0,11.764705882352944,0.05953468877943767
20200601,05206,PASTUSA_SUPREMA,45.0,45.0,675.0,15.0,0.0,0.013395304975373477
20200601,05237,CRIOLLA,1.0,1.0,8.3,8.3,0.0,0.00016471263895644422
20200601,05237,PASTUSA_SUPREMA,50.0,50.0,1000.0,20.0,0.0,0.019844896259812558
20200601,05264,PASTUSA_SUPREMA,380.0,330.0,9900.0,30.0,13.157894736842103,0.1964644729721443
20200601,05266,PASTUSA_SUPREMA,7.0,7.0,154.0,22.0,0.0,0.0030561140240111338
20200601,05306,PASTUSA_SUPREMA,4.0,3.5,70.0,20.0,12.5,0.001389142738186879
20200601,05308,CRIOLLA,6.0,5.5,27.5,5.0,8.333333333333337,0.0005457346471448453
20200601,05308,PASTUSA_SUPREMA,6.0,5.5,44.0,8.0,8.333333333333337,0.0008731754354317525
20200601,05313,CRIOLLA,0.8,0.5,15.0,30.0,37.5,0.00029767344389718836
20200601,05313,PASTUSA_SUPREMA,5.0,5.0,178.0,35.6,0.0,0.003532391534246635
20200601,05318,PASTUSA_SUPREMA,10.0,10.0,220.0,22.0,0.0,0.004365877177158762
20200601,05376,PASTUSA_SUPREMA,7.5,7.5,90.0,12.0,0.0,0.0017860406633831301
20200601,05400,CRIOLLA,50.0,50.0,600.0,12.0,0.0,0.011906937755887534
20200601,05400,PASTUSA_SUPREMA,1275.0,1275.0,19125.0,15.0,0.0,0.3795336409689152
20200601,05440,PASTUSA_SUPREMA,122.0,115.0,1092.5,9.5,5.737704918032782,0.02168054916384522
20200601,05541,PASTUSA_SUPREMA,35.0,30.0,600.0,20.0,14.28571428571429,0.011906937755887534
20200601,05607,PASTUSA_SUPREMA,50.0,35.0,350.0,10.0,30.000000000000004,0.006945713690934395
20200601,05615,PASTUSA_SUPREMA,10.0,10.0,120.0,12.0,0.0,0.002381387551177507
20200601,05647,PASTUSA_SUPREMA,20.0,20.0,300.0,15.0,0.0,0.005953468877943767
20200601,05658,PASTUSA_SUPREMA,10.0,10.0,250.0,25.0,0.0,0.004961224064953139
20200601,05664,CRIOLLA,53.0,53.0,477.0,9.0,0.0,0.00946601551593059
20200601,05664,PASTUSA_SUPREMA,647.0,647.0,20057.0,31.0,0.0,0.39802908428306044
20200601,05674,PASTUSA_SUPREMA,600.0,600.0,13200.0,22.0,0.0,0.26195263062952573
20200601,05686,CRIOLLA,50.0,49.0,406.0,8.29,2.0000000000000018,0.008057027881483898
20200601,05686,PASTUSA_SUPREMA,625.0,610.0,13420.0,22.0,2.400000000000002,0.26631850780668453
20200601,05697,CRIOLLA,70.0,70.0,840.0,12.0,0.0,0.016669712858242546
20200601,05697,PASTUSA_SUPREMA,100.0,100.0,1500.0,15.0,0.0,0.029767344389718835
20200601,05756,CRIOLLA,140.0,138.0,1656.0,12.0,1.4285714285714235,0.032863148206249596
20200601,05756,PASTUSA_SUPREMA,60.0,56.0,896.0,16.0,6.666666666666665,0.01778102704879205
20200601,05847,CRIOLLA,6.5,6.0,48.0,8.0,7.692307692307687,0.0009525550204710027
20200601,05847,PASTUSA_SUPREMA,7.0,7.0,175.0,25.0,0.0,0.0034728568454671974
20200601,05887,PASTUSA_SUPREMA,65.0,64.0,1632.0,25.5,1.538461538461533,0.03238687069601409
20200601,15001,CRIOLLA,300.0,300.0,3000.0,10.0,0.0,0.05953468877943767
20200601,15001,PASTUSA_SUPREMA,2800.0,2800.0,56000.0,20.0,0.0,1.1113141905495032
20200601,15022,CRIOLLA,2.0,2.0,7.0,3.5,0.0,0.0001389142738186879
20200601,15022,PASTUSA_SUPREMA,4.0,4.0,28.0,7.0,0.0,0.0005556570952747516
20200601,15047,CRIOLLA,30.0,28.0,140.0,5.0,6.666666666666665,0.002778285476373758
20200601,15047,PASTUSA_SUPREMA,300.0,290.0,1740.0,6.0,3.3333333333333326,0.03453011949207385
20200601,15051,PASTUSA_SUPREMA,1270.0,1270.0,22860.0,18.0,0.0,0.45365432849931503
20200601,15087,CRIOLLA,40.0,37.0,519.0,14.03,7.499999999999996,0.010299501158842718
20200601,15087,PASTUSA_SUPREMA,380.0,342.0,5670.0,16.58,9.999999999999998,0.1125205617931372
20200601,15092,CRIOLLA,5.0,5.0,65.0,13.0,0.0,0.0012899182568878163
20200601,15092,PASTUSA_SUPREMA,40.0,40.0,720.0,18.0,0.0,0.014288325307065041
20200601,15104,PASTUSA_SUPREMA,210.0,210.0,4200.0,20.0,0.0,0.08334856429121273
20200601,15109,PASTUSA_SUPREMA,20.0,20.0,420.0,21.0,0.0,0.008334856429121273
20200601,15114,PASTUSA_SUPREMA,6.0,5.0,50.0,10.0,16.666666666666664,0.000992244812990628
20200601,15131,CRIOLLA,150.0,150.0,1750.0,11.67,0.0,0.034728568454671975
20200601,15131,PASTUSA_SUPREMA,70.0,70.0,859.0,12.27,0.0,0.017046765887178985
20200601,15162,PASTUSA_SUPREMA,14.0,14.0,140.0,10.0,0.0,0.002778285476373758
20200601,15172,PASTUSA_SUPREMA,4.0,4.0,68.0,17.0,0.0,0.0013494529456672538
20200601,15176,CRIOLLA,45.0,45.0,36.0,0.8,0.0,0.000714416265353252
20200601,15176,PASTUSA_SUPREMA,180.0,180.0,2160.0,12.0,0.0,0.04286497592119512
20200601,15180,PASTUSA_SUPREMA,120.0,80.0,1440.0,18.0,33.333333333333336,0.028576650614130082
20200601,15183,PASTUSA_SUPREMA,232.0,232.0,2784.0,12.0,0.0,0.055248191187318156
20200601,15187,PASTUSA_SUPREMA,150.0,150.0,3750.0,25.0,0.0,0.07441836097429709
20200601,15189,PASTUSA_SUPREMA,260.0,260.0,2860.0,11.0,0.0,0.05675640330306391
20200601,15204,PASTUSA_SUPREMA,680.0,680.0,14960.0,22.0,0.0,0.29687964804679584
20200601,15215,PASTUSA_SUPREMA,13.6,13.3,292.6,22.0,2.2058823529411686,0.005806616645621154
20200601,15224,PASTUSA_SUPREMA,290.0,290.0,7540.0,26.0,0.0,0.14963051779898667
20200601,15226,CRIOLLA,3.0,3.0,15.0,5.0,0.0,0.00029767344389718836
20200601,15226,PASTUSA_SUPREMA,20.0,20.0,500.0,25.0,0.0,0.009922448129906279
20200601,15232,CRIOLLA,40.0,25.0,200.0,8.0,37.5,0.003968979251962512
20200601,15232,PASTUSA_SUPREMA,650.0,350.0,7000.0,20.0,46.15384615384615,0.1389142738186879
20200601,15236,PASTUSA_SUPREMA,3.0,3.0,54.0,18.0,0.0,0.0010716243980298781
20200601,15238,CRIOLLA,3.0,2.91,46.56,16.0,2.9999999999999916,0.0009239783698568727
20200601,15238,PASTUSA_SUPREMA,15.0,14.55,291.0,20.0,2.9999999999999916,0.005774864811605454
20200601,15244,PASTUSA_SUPREMA,300.0,290.0,2610.0,9.0,3.3333333333333326,0.05179517923811077
20200601,15248,PASTUSA_SUPREMA,20.0,20.0,100.0,5.0,0.0,0.001984489625981256
20200601,15272,PASTUSA_SUPREMA,120.0,120.0,1800.0,15.0,0.0,0.035720813267662604
20200601,15276,PASTUSA_SUPREMA,40.0,35.0,350.0,10.0,12.5,0.006945713690934395
20200601,15293,PASTUSA_SUPREMA,67.0,67.0,1005.0,15.0,0.0,0.01994412074111162
20200601,15296,PASTUSA_SUPREMA,410.0,405.0,4860.0,12.0,1.2195121951219523,0.09644619582268903
20200601,15299,PASTUSA_SUPREMA,4.0,4.0,24.0,6.0,0.0,0.00047627751023550136
20200601,15317,PASTUSA_SUPREMA,8.0,8.0,80.0,10.0,0.0,0.0015875917007850046
20200601,15332,CRIOLLA,2.0,2.0,20.0,10.0,0.0,0.00039689792519625116
20200601,15332,PASTUSA_SUPREMA,35.0,35.0,455.0,13.0,0.0,0.009029427798214713
20200601,15362,PASTUSA_SUPREMA,20.0,20.0,410.0,20.5,0.0,0.008136407466523148
20200601,15367,PASTUSA_SUPREMA,400.0,400.0,7600.0,19.0,0.0,0.15082121157457543
20200601,15368,PASTUSA_SUPREMA,300.0,299.0,6000.0,20.07,0.33333333333332993,0.11906937755887534
20200601,15377,PASTUSA_SUPREMA,5.0,5.0,72.0,14.4,0.0,0.001428832530706504
20200601,15403,CRIOLLA,5.0,5.0,18.0,3.6,0.0,0.000357208132676626
20200601,15403,PASTUSA_SUPREMA,25.0,23.0,276.0,12.0,7.9999999999999964,0.005477191367708266
20200601,15407,PASTUSA_SUPREMA,111.0,111.0,2101.0,18.93,0.0,0.04169412704186618
20200601,15425,PASTUSA_SUPREMA,12.0,11.0,143.0,13.0,8.333333333333337,0.002837820165153196
20200601,15442,PASTUSA_SUPREMA,10.0,10.0,200.0,20.0,0.0,0.003968979251962512
20200601,15464,PASTUSA_SUPREMA,180.0,140.0,1680.0,12.0,22.22222222222222,0.03333942571648509
20200601,15466,CRIOLLA,10.0,10.0,100.0,10.0,0.0,0.001984489625981256
20200601,15466,PASTUSA_SUPREMA,50.0,50.0,1000.0,20.0,0.0,0.019844896259812558
20200601,15476,PASTUSA_SUPREMA,910.0,900.0,20700.0,23.0,1.098901098901095,0.41078935257811994
20200601,15491,PASTUSA_SUPREMA,50.0,48.0,960.0,20.0,4.0000000000000036,0.019051100409420055
20200601,15494,PASTUSA_SUPREMA,158.0,158.0,2291.0,14.5,0.0,0.04546465733123057
20200601,15500,PASTUSA_SUPREMA,83.0,83.0,2075.0,25.0,0.0,0.041178159739111056
20200601,15511,PASTUSA_SUPREMA,13.0,12.0,72.0,6.0,7.692307692307687,0.001428832530706504
20200601,15516,PASTUSA_SUPREMA,67.0,50.0,600.0,12.0,25.373134328358205,0.011906937755887534
20200601,15522,PASTUSA_SUPREMA,24.0,24.0,504.0,21.0,0.0,0.01000182771494553
20200601,15531,CRIOLLA,7.0,7.0,70.0,10.0,0.0,0.001389142738186879
20200601,15531,PASTUSA_SUPREMA,20.0,20.0,250.0,12.5,0.0,0.004961224064953139
20200601,15537,PASTUSA_SUPREMA,24.0,24.0,360.0,15.0,0.0,0.0071441626535325205
20200601,15542,PASTUSA_SUPREMA,130.0,123.0,2460.0,20.0,5.384615384615388,0.04881844479913889
20200601,15599,CRIOLLA,15.0,12.0,144.0,12.0,19.999999999999996,0.002857665061413008
20200601,15599,PASTUSA_SUPREMA,150.0,140.0,2520.0,18.0,6.666666666666665,0.05000913857472764
20200601,15600,PASTUSA_SUPREMA,272.0,272.0,3514.0,12.92,0.0,0.06973496545698132
20200601,15621,PASTUSA_SUPREMA,10.0,10.0,150.0,15.0,0.0,0.0029767344389718836
20200601,15632,CRIOLLA,500.0,450.0,7200.0,16.0,9.999999999999998,0.14288325307065042
20200601,15632,PASTUSA_SUPREMA,2400.0,2100.0,42000.0,20.0,12.5,0.8334856429121273
20200601,15646,PASTUSA_SUPREMA,500.0,500.0,13500.0,27.0,0.0,0.2679060995074695
20200601,15676,CRIOLLA,5.0,5.0,75.0,15.0,0.0,0.0014883672194859418
20200601,15676,PASTUSA_SUPREMA,20.0,15.0,300.0,20.0,25.0,0.005953468877943767
20200601,15693,CRIOLLA,32.0,31.0,434.0,14.0,3.125,0.00861268497675865
20200601,15693,PASTUSA_SUPREMA,29.0,28.0,420.0,15.0,3.4482758620689613,0.008334856429121273
20200601,15696,PASTUSA_SUPREMA,40.0,40.0,600.0,15.0,0.0,0.011906937755887534
20200601,15720,PASTUSA_SUPREMA,100.0,100.0,1800.0,18.0,0.0,0.035720813267662604
20200601,15723,PASTUSA_SUPREMA,10.0,8.0,80.0,10.0,19.999999999999996,0.0015875917007850046
20200601,15740,CRIOLLA,60.0,45.0,540.0,12.0,25.0,0.01071624398029878
20200601,15740,PASTUSA_SUPREMA,3600.0,3400.0,78200.0,23.0,5.555555555555558,1.551870887517342
20200601,15753,PASTUSA_SUPREMA,12.0,10.0,150.0,15.0,16.666666666666664,0.0029767344389718836
20200601,15755,CRIOLLA,8.0,7.0,84.98,12.14,12.5,0.0016864192841588711
20200601,15755,PASTUSA_SUPREMA,290.0,280.0,5600.0,20.0,3.4482758620689613,0.11113141905495032
20200601,15757,PASTUSA_SUPREMA,35.0,35.0,380.0,10.86,0.0,0.007541060578728772
20200601,15759,CRIOLLA,5.0,4.0,40.0,10.0,19.999999999999996,0.0007937958503925023
20200601,15759,PASTUSA_SUPREMA,230.0,220.0,3960.0,18.0,4.347826086956519,0.07858578918885772
20200601,15761,PASTUSA_SUPREMA,8.0,8.0,96.0,12.0,0.0,0.0019051100409420054
20200601,15762,PASTUSA_SUPREMA,230.0,198.0,3680.0,18.59,13.913043478260867,0.07302921823611021
20200601,15763,PASTUSA_SUPREMA,470.0,470.0,9400.0,20.0,0.0,0.18654202484223803
20200601,15764,CRIOLLA,600.0,550.0,8250.0,15.0,8.333333333333337,0.1637203941434536
20200601,15764,PASTUSA_SUPREMA,850.0,820.0,24600.0,30.0,3.529411764705881,0.4881844479913889
20200601,15774,PASTUSA_SUPREMA,175.0,169.0,3778.85,22.36,3.4285714285714253,0.07499088623139268
20200601,15776,PASTUSA_SUPREMA,20.0,13.0,221.0,17.0,35.0,0.004385722073418575
20200601,15790,CRIOLLA,5.0,5.0,35.0,7.0,0.0,0.0006945713690934395
20200601,15790,PASTUSA_SUPREMA,30.0,30.0,261.0,8.7,0.0,0.005179517923811078
20200601,15804,PASTUSA_SUPREMA,140.0,140.0,2800.0,20.0,0.0,0.05556570952747516
20200601,15806,PASTUSA_SUPREMA,60.0,60.0,1800.0,30.0,0.0,0.035720813267662604
20200601,15808,CRIOLLA,3.0,3.0,36.0,12.0,0.0,0.000714416265353252
20200601,15808,PASTUSA_SUPREMA,20.0,19.0,380.0,20.0,5.000000000000004,0.007541060578728772
20200601,15810,CRIOLLA,1.0,1.0,5.0,5.0,0.0,9.922448129906279e-05
20200601,15810,PASTUSA_SUPREMA,3.0,3.0,21.0,7.0,0.0,0.0004167428214560637
20200601,15814,PASTUSA_SUPREMA,1545.0,1540.0,27720.0,18.0,0.3236245954692518,0.5501005243220041
20200601,15816,CRIOLLA,6.0,5.0,50.0,10.0,16.666666666666664,0.000992244812990628
20200601,15816,PASTUSA_SUPREMA,4.0,3.5,42.0,12.0,12.5,0.0008334856429121274
20200601,15820,PASTUSA_SUPREMA,70.0,68.0,1244.4,18.3,2.857142857142858,0.024694988905710747
20200601,15822,PASTUSA_SUPREMA,350.0,300.0,6000.0,20.0,14.28571428571429,0.11906937755887534
20200601,15835,PASTUSA_SUPREMA,400.0,380.0,7600.0,20.0,5.000000000000004,0.15082121157457543
20200601,15837,PASTUSA_SUPREMA,120.0,120.0,1800.0,15.0,0.0,0.035720813267662604
20200601,15839,CRIOLLA,40.0,33.0,594.0,18.0,17.500000000000004,0.011787868378328658
20200601,15839,PASTUSA_SUPREMA,530.0,525.0,16800.0,32.0,0.9433962264150941,0.33339425716485094
20200601,15842,CRIOLLA,6.0,5.0,40.0,8.0,16.666666666666664,0.0007937958503925023
20200601,15842,PASTUSA_SUPREMA,510.0,502.0,10542.0,21.0,1.5686274509803977,0.20920489637094397
20200601,15861,CRIOLLA,100.0,90.0,1620.0,18.0,9.999999999999998,0.03214873194089634
20200601,15861,PASTUSA_SUPREMA,1500.0,1400.0,42000.0,30.0,6.666666666666665,0.8334856429121273
20200601,15879,CRIOLLA,36.0,27.0,354.0,13.11,25.0,0.0070250932759736455
20200601,15879,PASTUSA_SUPREMA,420.0,308.0,4147.0,13.46,26.66666666666667,0.08229678478944268
20200601,17001,PASTUSA_SUPREMA,210.0,150.0,1950.0,13.0,28.57142857142857,0.038697547706634486
20200601,17013,PASTUSA_SUPREMA,12.0,8.0,24.0,3.0,33.333333333333336,0.00047627751023550136
20200601,17446,PASTUSA_SUPREMA,20.0,20.0,460.0,23.0,0.0,0.009128652279513776
20200601,17653,PASTUSA_SUPREMA,50.0,41.0,620.0,15.12,18.000000000000004,0.012303835681083786
20200601,17873,PASTUSA_SUPREMA,117.0,117.0,1404.0,12.0,0.0,0.02786223434877683
20200601,19001,CRIOLLA,5.0,4.0,24.0,6.0,19.999999999999996,0.00047627751023550136
20200601,19001,PASTUSA_SUPREMA,4.0,3.0,24.0,8.0,25.0,0.00047627751023550136
20200601,19022,PASTUSA_SUPREMA,120.0,110.0,1980.0,18.0,8.333333333333337,0.03929289459442886
20200601,19100,CRIOLLA,15.0,15.0,120.0,8.0,0.0,0.002381387551177507
20200601,19100,PASTUSA_SUPREMA,78.0,78.0,624.0,8.0,0.0,0.012383215266123036
20200601,19355,PASTUSA_SUPREMA,4.0,4.0,62.0,15.5,0.0,0.0012303835681083785
20200601,19364,CRIOLLA,35.0,35.0,140.0,4.0,0.0,0.002778285476373758
20200601,19397,PASTUSA_SUPREMA,92.0,80.0,560.0,7.0,13.043478260869568,0.011113141905495031
20200601,19517,PASTUSA_SUPREMA,72.8,61.0,854.0,14.0,16.208791208791208,0.016947541405879923
20200601,19585,PASTUSA_SUPREMA,1150.0,1140.0,28500.0,25.0,0.8695652173912993,0.5655795434046579
20200601,19693,PASTUSA_SUPREMA,300.0,300.0,5400.0,18.0,0.0,0.10716243980298781
20200601,19701,CRIOLLA,2.0,2.0,31.0,15.5,0.0,0.0006151917840541893
20200601,19701,PASTUSA_SUPREMA,2.0,2.0,40.0,20.0,0.0,0.0007937958503925023
20200601,19743,PASTUSA_SUPREMA,150.0,130.0,3120.0,24.0,13.33333333333333,0.061916076330615175
20200601,19760,PASTUSA_SUPREMA,145.0,140.0,2520.0,18.0,3.4482758620689613,0.05000913857472764
20200601,19821,CRIOLLA,8.0,8.0,120.0,15.0,0.0,0.002381387551177507
20200601,19821,PASTUSA_SUPREMA,14.0,14.0,238.0,17.0,0.0,0.004723085309835388
20200601,19824,CRIOLLA,350.0,150.0,3600.0,24.0,57.14285714285714,0.07144162653532521
20200601,19824,PASTUSA_SUPREMA,1000.0,500.0,14000.0,28.0,50.0,0.2778285476373758
20200601,25019,PASTUSA_SUPREMA,7.0,7.0,140.0,20.0,0.0,0.002778285476373758
20200601,25053,PASTUSA_SUPREMA,48.0,10.0,150.0,15.0,79.16666666666666,0.0029767344389718836
20200601,25099,CRIOLLA,120.0,120.0,1800.0,15.0,0.0,0.035720813267662604
20200601,25099,PASTUSA_SUPREMA,190.0,190.0,3800.0,20.0,0.0,0.07541060578728771
20200601,25120,PASTUSA_SUPREMA,15.0,13.0,156.0,12.0,13.33333333333333,0.003095803816530759
20200601,25126,PASTUSA_SUPREMA,23.3,23.3,396.1,17.0,0.0,0.007860563408511753
20200601,25151,CRIOLLA,63.0,63.0,1120.0,17.78,0.0,0.022226283810990063
20200601,25151,PASTUSA_SUPREMA,57.0,57.0,1387.0,24.33,0.0,0.027524871112360016
20200601,25154,CRIOLLA,40.0,40.0,720.0,18.0,0.0,0.014288325307065041
20200601,25154,PASTUSA_SUPREMA,700.0,600.0,10800.0,18.0,14.28571428571429,0.21432487960597563
20200601,25175,PASTUSA_SUPREMA,53.0,45.0,810.0,18.0,15.094339622641506,0.01607436597044817
20200601,25178,CRIOLLA,32.0,30.0,300.0,10.0,6.25,0.005953468877943767
20200601,25181,CRIOLLA,15.0,15.0,180.0,12.0,0.0,0.0035720813267662603
20200601,25181,PASTUSA_SUPREMA,18.0,18.0,324.0,18.0,0.0,0.006429746388179268
20200601,25183,CRIOLLA,150.0,143.0,1859.0,13.0,4.666666666666663,0.03689166214699154
20200601,25183,PASTUSA_SUPREMA,1505.0,1500.0,42000.0,28.0,0.33222591362126463,0.8334856429121273
20200601,25200,PASTUSA_SUPREMA,500.0,500.0,10000.0,20.0,0.0,0.19844896259812558
20200601,25214,PASTUSA_SUPREMA,69.3,67.22,1747.72,26.0,3.001443001442994,0.0346833220911996
20200601,25224,CRIOLLA,8.0,8.0,112.0,14.0,0.0,0.0022226283810990064
20200601,25224,PASTUSA_SUPREMA,110.0,110.0,2200.0,20.0,0.0,0.043658771771587626
20200601,25260,CRIOLLA,280.0,270.0,4320.0,16.0,3.57142857142857,0.08572995184239024
20200601,25260,PASTUSA_SUPREMA,400.0,390.0,8580.0,22.0,2.500000000000002,0.17026920990919173
20200601,25269,CRIOLLA,108.0,106.0,1696.0,16.0,1.851851851851849,0.033656944056642095
20200601,25269,PASTUSA_SUPREMA,364.0,357.0,7854.0,22.0,1.9230769230769273,0.15586181522456782
20200601,25281,CRIOLLA,126.0,126.0,1953.0,15.5,0.0,0.03875708239541392
20200601,25281,PASTUSA_SUPREMA,242.0,242.0,5808.0,24.0,0.0,0.11525915747699134
20200601,25286,PASTUSA_SUPREMA,222.0,200.0,4000.0,20.0,9.909909909909908,0.07937958503925023
20200601,25288,CRIOLLA,10.0,10.0,140.0,14.0,0.0,0.002778285476373758
20200601,25288,PASTUSA_SUPREMA,80.0,80.0,1600.0,20.0,0.0,0.031751834015700094
20200601,25290,PASTUSA_SUPREMA,4.0,4.0,72.0,18.0,0.0,0.001428832530706504
20200601,25295,PASTUSA_SUPREMA,4.0,2.0,40.0,20.0,50.0,0.0007937958503925023
20200601,25297,PASTUSA_SUPREMA,10.0,9.0,180.0,20.0,9.999999999999998,0.0035720813267662603
20200601,25299,PASTUSA_SUPREMA,5.0,5.0,125.0,25.0,0.0,0.0024806120324765697
20200601,25312,CRIOLLA,25.0,25.0,300.0,12.0,0.0,0.005953468877943767
20200601,25312,PASTUSA_SUPREMA,80.0,80.0,1440.0,18.0,0.0,0.028576650614130082
20200601,25317,CRIOLLA,15.0,15.0,240.0,16.0,0.0,0.004762775102355014
20200601,25317,PASTUSA_SUPREMA,310.0,200.0,4000.0,20.0,35.483870967741936,0.07937958503925023
20200601,25322,CRIOLLA,15.0,13.0,247.0,19.0,13.33333333333333,0.0049016893761737014
20200601,25322,PASTUSA_SUPREMA,211.0,202.0,4444.0,22.0,4.265402843601896,0.088190718978607
20200601,25326,CRIOLLA,75.0,75.0,1275.0,17.0,0.0,0.02530224273126101
20200601,25326,PASTUSA_SUPREMA,660.0,660.0,14520.0,22.0,0.0,0.28814789369247834
20200601,25372,PASTUSA_SUPREMA,40.0,38.0,684.0,18.0,5.000000000000004,0.013573909041711789
20200601,25377,CRIOLLA,140.0,139.0,2919.0,21.0,0.7142857142857117,0.057927252182392856
20200601,25377,PASTUSA_SUPREMA,890.0,885.0,26550.0,30.0,0.5617977528089901,0.5268819956980234
20200601,25407,CRIOLLA,25.0,25.0,300.0,12.0,0.0,0.005953468877943767
20200601,25407,PASTUSA_SUPREMA,480.0,480.0,8160.0,17.0,0.0,0.16193435348007046
20200601,25426,CRIOLLA,35.0,35.0,316.0,9.03,0.0,0.006270987218100768
20200601,25426,PASTUSA_SUPREMA,300.0,300.0,4500.0,15.0,0.0,0.08930203316915651
20200601,25430,PASTUSA_SUPREMA,484.5,474.8,9733.4,20.5,2.0020639834881337,0.19315831325525953
20200601,25436,PASTUSA_SUPREMA,30.0,28.0,588.0,21.0,6.666666666666665,0.011668799000769784
20200601,25473,PASTUSA_SUPREMA,220.0,180.0,5220.0,29.0,18.181818181818176,0.10359035847622154
20200601,25486,CRIOLLA,3.0,3.0,39.0,13.0,0.0,0.0007739509541326898
20200601,25486,PASTUSA_SUPREMA,25.0,25.0,425.0,17.0,0.0,0.008434080910420336
20200601,25513,CRIOLLA,120.0,110.0,1650.0,15.0,8.333333333333337,0.032744078828690716
20200601,25513,PASTUSA_SUPREMA,60.0,55.0,1100.0,20.0,8.333333333333337,0.021829385885793813
20200601,25535,PASTUSA_SUPREMA,800.0,800.0,16000.0,20.0,0.0,0.3175183401570009
20200601,25594,PASTUSA_SUPREMA,20.0,20.0,340.0,17.0,0.0,0.006747264728336269
20200601,25649,PASTUSA_SUPREMA,9.0,8.0,160.0,20.0,11.111111111111116,0.0031751834015700093
20200601,25653,CRIOLLA,30.0,27.0,324.0,12.0,9.999999999999998,0.006429746388179268
20200601,25653,PASTUSA_SUPREMA,900.0,800.0,16000.0,20.0,11.111111111111116,0.3175183401570009
20200601,25736,CRIOLLA,40.0,30.0,300.0,10.0,25.0,0.005953468877943767
20200601,25736,PASTUSA_SUPREMA,810.0,700.0,21000.0,30.0,13.580246913580252,0.4167428214560637
20200601,25740,CRIOLLA,510.0,510.0,12750.0,25.0,0.0,0.2530224273126101
20200601,25740,PASTUSA_SUPREMA,690.0,690.0,15732.0,22.8,0.0,0.31219990795937114
20200601,25745,PASTUSA_SUPREMA,120.0,110.0,3850.0,35.0,8.333333333333337,0.07640285060027835
20200601,25754,CRIOLLA,40.0,37.0,666.0,18.0,7.499999999999996,0.013216700909035163
20200601,25754,PASTUSA_SUPREMA,410.0,395.0,7900.0,20.0,3.658536585365857,0.1567746804525192
20200601,25758,PASTUSA_SUPREMA,60.0,60.0,1200.0,20.0,0.0,0.02381387551177507
20200601,25769,CRIOLLA,89.0,89.0,1602.0,18.0,0.0,0.031791523808219715
20200601,25769,PASTUSA_SUPREMA,455.0,455.0,10010.0,22.0,0.0,0.19864741156072369
20200601,25772,CRIOLLA,7.0,7.0,140.0,20.0,0.0,0.002778285476373758
20200601,25772,PASTUSA_SUPREMA,775.0,775.0,23250.0,30.0,0.0,0.46139383804064193
20200601,25779,CRIOLLA,21.0,21.0,252.0,12.0,0.0,0.005000913857472765
20200601,25779,PASTUSA_SUPREMA,120.0,80.0,1440.0,18.0,33.333333333333336,0.028576650614130082
20200601,25781,PASTUSA_SUPREMA,115.0,85.0,2295.0,27.0,26.086956521739136,0.04554403691626982
20200601,25785,CRIOLLA,7.0,7.0,56.0,8.0,0.0,0.0011113141905495032
20200601,25785,PASTUSA_SUPREMA,90.0,90.0,1800.0,20.0,0.0,0.035720813267662604
20200601,25793,CRIOLLA,96.5,93.5,1402.5,15.0,3.1088082901554404,0.027832467004387112
20200601,25793,PASTUSA_SUPREMA,7594.0,7442.0,137677.0,18.5,2.0015801948907064,2.7321857823622135
20200601,25799,PASTUSA_SUPREMA,250.0,250.0,4900.0,19.6,0.0,0.09723999167308153
20200601,25817,PASTUSA_SUPREMA,11.0,11.0,201.3,18.3,0.0,0.003994777617100268
20200601,25839,CRIOLLA,4.0,4.0,60.0,15.0,0.0,0.0011906937755887534
20200601,25839,PASTUSA_SUPREMA,10.0,10.0,300.0,30.0,0.0,0.005953468877943767
20200601,25841,CRIOLLA,150.0,150.0,1800.0,12.0,0.0,0.035720813267662604
20200601,25841,PASTUSA_SUPREMA,400.0,400.0,8000.0,20.0,0.0,0.15875917007850046
20200601,25843,CRIOLLA,35.0,33.0,495.0,15.0,5.714285714285716,0.009823223648607216
20200601,25843,PASTUSA_SUPREMA,470.0,460.0,10120.0,22.0,2.127659574468088,0.2008303501493031
20200601,25845,CRIOLLA,210.0,208.0,4992.0,24.0,0.952380952380949,0.09906572212898429
20200601,25845,PASTUSA_SUPREMA,712.0,695.0,22240.0,32.0,2.3876404494381998,0.44135049281823124
20200601,25873,CRIOLLA,60.0,60.0,1080.0,18.0,0.0,0.02143248796059756
20200601,25873,PASTUSA_SUPREMA,5700.0,5700.0,159600.0,28.0,0.0,3.167245443066084
20200601,25898,CRIOLLA,180.0,165.0,1980.0,12.0,8.333333333333337,0.03929289459442886
20200601,25898,PASTUSA_SUPREMA,150.0,140.0,4900.0,35.0,6.666666666666665,0.09723999167308153
20200601,25899,CRIOLLA,100.0,80.0,1440.0,18.0,19.999999999999996,0.028576650614130082
20200601,25899,PASTUSA_SUPREMA,1400.0,980.0,24500.0,25.0,30.000000000000004,0.48619995836540764
20200601,41001,PASTUSA_SUPREMA,2.5,2.5,13.75,5.5,0.0,0.00027286732357242264
20200601,41020,PASTUSA_SUPREMA,3.0,3.0,15.0,5.0,0.0,0.00029767344389718836
20200601,41206,PASTUSA_SUPREMA,10.0,8.0,40.0,5.0,19.999999999999996,0.0007937958503925023
20200601,41359,PASTUSA_SUPREMA,5.0,5.0,25.0,5.0,0.0,0.000496122406495314
20200601,41396,PASTUSA_SUPREMA,7.0,7.0,126.0,18.0,0.0,0.0025004569287363824
20200601,41668,PASTUSA_SUPREMA,2.0,2.0,10.0,5.0,0.0,0.00019844896259812558
20200601,52001,CRIOLLA,100.0,100.0,1800.0,18.0,0.0,0.035720813267662604
20200601,52001,PASTUSA_SUPREMA,4300.0,4300.0,103200.0,24.0,0.0,2.047993294012656
20200601,52022,PASTUSA_SUPREMA,240.0,180.0,3060.0,17.0,25.0,0.06072538255502642
20200601,52036,PASTUSA_SUPREMA,30.0,30.0,450.0,15.0,0.0,0.008930203316915651
20200601,52083,PASTUSA_SUPREMA,10.0,8.0,33.0,4.12,19.999999999999996,0.0006548815765738144
20200601,52110,PASTUSA_SUPREMA,70.0,68.0,544.0,8.0,2.857142857142858,0.01079562356533803
20200601,52210,PASTUSA_SUPREMA,500.0,500.0,13000.0,26.0,0.0,0.25798365137756324
20200601,52215,CRIOLLA,60.0,60.0,1080.0,18.0,0.0,0.02143248796059756
20200601,52215,PASTUSA_SUPREMA,400.0,400.0,8000.0,20.0,0.0,0.15875917007850046
20200601,52224,CRIOLLA,65.0,60.0,480.0,8.0,7.692307692307687,0.009525550204710027
20200601,52224,PASTUSA_SUPREMA,430.0,390.0,7020.0,18.0,9.302325581395355,0.13931117174388416
20200601,52227,CRIOLLA,25.0,20.0,180.0,9.0,19.999999999999996,0.0035720813267662603
20200601,52227,PASTUSA_SUPREMA,600.0,100.0,2000.0,20.0,83.33333333333334,0.039689792519625115
20200601,52258,PASTUSA_SUPREMA,5.0,4.5,76.0,16.89,9.999999999999998,0.0015082121157457544
20200601,52287,PASTUSA_SUPREMA,130.0,90.0,900.0,10.0,30.76923076923077,0.017860406633831302
20200601,52317,CRIOLLA,25.0,23.5,282.0,12.0,6.000000000000005,0.005596260745267141
20200601,52317,PASTUSA_SUPREMA,500.0,475.0,9500.0,20.0,5.000000000000004,0.1885265144682193
20200601,52320,CRIOLLA,16.0,16.0,192.0,12.0,0.0,0.003810220081884011
20200601,52320,PASTUSA_SUPREMA,251.0,251.0,4016.0,16.0,0.0,0.07969710337940723
20200601,52323,CRIOLLA,10.0,10.0,200.0,20.0,0.0,0.003968979251962512
20200601,52323,PASTUSA_SUPREMA,500.0,500.0,11500.0,23.0,0.0,0.2282163069878444
20200601,52352,CRIOLLA,75.0,75.0,900.0,12.0,0.0,0.017860406633831302
20200601,52352,PASTUSA_SUPREMA,1150.0,1150.0,6900.0,6.0,0.0,0.13692978419270666
20200601,52354,CRIOLLA,28.0,10.5,121.8,11.6,62.5,0.0024171083644451696
20200601,52354,PASTUSA_SUPREMA,349.0,163.0,2901.4,17.8,53.29512893982808,0.057577982008220153
20200601,52356,CRIOLLA,80.0,78.0,702.0,9.0,2.500000000000002,0.013931117174388415
20200601,52356,PASTUSA_SUPREMA,1400.0,1355.0,24390.0,18.0,3.214285714285714,0.48401701977682826
20200601,52378,PASTUSA_SUPREMA,27.0,25.0,300.0,12.0,7.4074074074074066,0.005953468877943767
20200601,52381,CRIOLLA,3.0,2.5,12.5,5.0,16.666666666666664,0.000248061203247657
20200601,52381,PASTUSA_SUPREMA,10.0,10.0,60.0,6.0,0.0,0.0011906937755887534
20200601,52385,PASTUSA_SUPREMA,2.5,2.0,9.0,4.5,19.999999999999996,0.000178604066338313
20200601,52418,PASTUSA_SUPREMA,2.5,2.5,22.0,8.8,0.0,0.00043658771771587626
20200601,52435,PASTUSA_SUPREMA,40.0,40.0,400.0,10.0,0.0,0.007937958503925023
20200601,52480,CRIOLLA,5.0,5.0,40.0,8.0,0.0,0.0007937958503925023
20200601,52480,PASTUSA_SUPREMA,10.0,10.0,150.0,15.0,0.0,0.0029767344389718836
20200601,52506,CRIOLLA,18.0,17.0,637.5,37.5,5.555555555555558,0.012651121365630505
20200601,52506,PASTUSA_SUPREMA,950.0,900.0,31500.0,35.0,5.263157894736848,0.6251142321840956
20200601,52560,CRIOLLA,1420.0,1420.0,31950.0,22.5,0.0,0.6340444355010112
20200601,52560,PASTUSA_SUPREMA,4100.0,4100.0,103443.0,25.23,0.0,2.0528156038037904
20200601,52565,CRIOLLA,8.0,8.0,120.0,15.0,0.0,0.002381387551177507
20200601,52565,PASTUSA_SUPREMA,101.0,101.0,2020.0,20.0,0.0,0.04008669044482137
20200601,52573,CRIOLLA,85.0,82.0,820.0,10.0,3.529411764705881,0.016272814933046297
20200601,52573,PASTUSA_SUPREMA,180.0,178.0,3382.0,19.0,1.1111111111111072,0.06711543915068607
20200601,52585,CRIOLLA,72.0,72.0,1944.0,27.0,0.0,0.03857847832907561
20200601,52585,PASTUSA_SUPREMA,1900.0,1900.0,51300.0,27.0,0.0,1.018043178128384
20200601,52678,PASTUSA_SUPREMA,66.0,59.0,885.0,15.0,10.606060606060607,0.017562733189934114
20200601,52683,CRIOLLA,2.0,2.0,40.0,20.0,0.0,0.0007937958503925023
20200601,52683,PASTUSA_SUPREMA,60.0,55.0,1210.0,22.0,8.333333333333337,0.024012324474373195
20200601,52685,PASTUSA_SUPREMA,11.0,11.0,48.0,4.36,0.0,0.0009525550204710027
20200601,52699,PASTUSA_SUPREMA,15.0,0.0,0.0,0.0,100.0,0.0
20200601,52720,CRIOLLA,15.0,15.0,120.0,8.0,0.0,0.002381387551177507
20200601,52720,PASTUSA_SUPREMA,950.0,950.0,16150.0,17.0,0.0,0.3204950745959728
20200601,52788,PASTUSA_SUPREMA,417.0,417.0,7089.0,17.0,0.0,0.1406804695858112
20200601,52838,CRIOLLA,414.0,400.0,4800.0,12.0,3.3816425120772986,0.09525550204710027
20200601,52838,PASTUSA_SUPREMA,2802.0,2750.0,71500.0,26.0,1.855817273376159,1.418910082576598
20200601,52885,PASTUSA_SUPREMA,280.0,280.0,4760.0,17.0,0.0,0.09446170619670777
20200601,54125,CRIOLLA,60.0,33.0,660.0,20.0,44.99999999999999,0.013097631531476287
20200601,54125,PASTUSA_SUPREMA,70.0,42.5,935.0,22.0,39.28571428571429,0.01855497800292474
20200601,54174,CRIOLLA,39.0,30.0,450.0,15.0,23.076923076923073,0.008930203316915651
20200601,54174,PASTUSA_SUPREMA,500.0,480.0,6720.0,14.0,4.0000000000000036,0.13335770286594037
20200601,54347,CRIOLLA,5.0,5.0,85.0,17.0,0.0,0.0016868161820840673
20200601,54347,PASTUSA_SUPREMA,7.0,7.0,119.0,17.0,0.0,0.002361542654917694
20200601,54377,PASTUSA_SUPREMA,5.0,4.0,60.0,15.0,19.999999999999996,0.0011906937755887534
20200601,54480,CRIOLLA,134.0,134.0,3350.0,25.0,0.0,0.06648040247037207
20200601,54480,PASTUSA_SUPREMA,82.0,82.0,2050.0,25.0,0.0,0.040682037332615745
20200601,54518,CRIOLLA,100.0,99.0,1287.0,13.0,1.0000000000000009,0.02554038148637876
20200601,54518,PASTUSA_SUPREMA,160.0,159.0,2385.0,15.0,0.6249999999999978,0.04733007757965295
20200601,54743,CRIOLLA,174.0,165.0,3300.0,20.0,5.1724137931034475,0.06548815765738143
20200601,54743,PASTUSA_SUPREMA,1120.0,336.0,8400.0,25.0,70.0,0.16669712858242547
20200601,63690,PASTUSA_SUPREMA,0.54,0.54,2.7,5.0,0.0,5.3581219901493906e-05
20200601,68020,PASTUSA_SUPREMA,90.0,90.0,1800.0,20.0,0.0,0.035720813267662604
20200601,68101,PASTUSA_SUPREMA,40.0,40.0,800.0,20.0,0.0,0.015875917007850047
20200601,68132,CRIOLLA,3.0,3.0,30.0,10.0,0.0,0.0005953468877943767
20200601,68132,PASTUSA_SUPREMA,3.0,3.0,33.0,11.0,0.0,0.0006548815765738144
20200601,68152,PASTUSA_SUPREMA,800.0,800.0,12000.0,15.0,0.0,0.23813875511775068
20200601,68162,PASTUSA_SUPREMA,280.0,280.0,5880.0,21.0,0.0,0.11668799000769783
20200601,68207,CRIOLLA,12.0,12.0,156.0,13.0,0.0,0.003095803816530759
20200601,68207,PASTUSA_SUPREMA,40.0,40.0,1200.0,30.0,0.0,0.02381387551177507
20200601,68264,PASTUSA_SUPREMA,96.0,96.0,576.0,6.0,0.0,0.011430660245652032
20200601,68298,PASTUSA_SUPREMA,18.0,18.0,144.0,8.0,0.0,0.002857665061413008
20200601,68318,CRIOLLA,30.0,29.0,580.0,20.0,3.3333333333333326,0.011510039830691283
20200601,68318,PASTUSA_SUPREMA,278.0,272.0,6800.0,25.0,2.1582733812949617,0.13494529456672538
20200601,68368,PASTUSA_SUPREMA,2.0,2.0,22.0,11.0,0.0,0.00043658771771587626
20200601,68377,CRIOLLA,3.0,2.8,42.0,15.0,6.666666666666677,0.0008334856429121274
20200601,68377,PASTUSA_SUPREMA,3.0,2.8,49.0,17.5,6.666666666666677,0.0009723999167308153
20200601,68432,CRIOLLA,1.25,1.25,25.0,20.0,0.0,0.000496122406495314
20200601,68468,PASTUSA_SUPREMA,20.0,19.0,380.0,20.0,5.000000000000004,0.007541060578728772
20200601,68502,PASTUSA_SUPREMA,61.15,60.0,1041.0,17.35,1.880621422730988,0.02065853700646487
20200601,68572,PASTUSA_SUPREMA,30.0,28.5,427.5,15.0,5.000000000000004,0.008483693151069869
20200601,68669,PASTUSA_SUPREMA,30.0,28.0,280.0,10.0,6.666666666666665,0.005556570952747516
20200601,68682,PASTUSA_SUPREMA,3.0,1.0,8.0,8.0,66.66666666666667,0.00015875917007850045
20200601,68773,PASTUSA_SUPREMA,1.0,1.0,30.0,30.0,0.0,0.0005953468877943767
20200601,68820,PASTUSA_SUPREMA,340.0,300.0,7500.0,25.0,11.764705882352944,0.14883672194859418
20200601,68867,CRIOLLA,2.0,2.0,30.0,15.0,0.0,0.0005953468877943767
20200601,68867,PASTUSA_SUPREMA,34.0,34.0,680.0,20.0,0.0,0.013494529456672538
20200601,73001,PASTUSA_SUPREMA,4.0,4.0,72.0,18.0,0.0,0.001428832530706504
20200601,73043,PASTUSA_SUPREMA,103.0,84.0,1344.0,16.0,18.446601941747577,0.026671540573188077
20200601,73124,CRIOLLA,5.0,4.7,75.2,16.0,5.999999999999995,0.0014923361987379043
20200601,73124,PASTUSA_SUPREMA,60.0,58.0,928.0,16.0,3.3333333333333326,0.018416063729106053
20200601,73152,PASTUSA_SUPREMA,80.0,78.0,840.0,10.77,2.500000000000002,0.016669712858242546
20200601,73347,PASTUSA_SUPREMA,170.0,170.0,2380.0,14.0,0.0,0.047230853098353884
20200601,73461,CRIOLLA,18.0,18.0,270.0,15.0,0.0,0.00535812199014939
20200601,73461,PASTUSA_SUPREMA,950.0,900.0,24750.0,27.5,5.263157894736848,0.4911611824303608
20200601,73622,CRIOLLA,60.0,60.0,900.0,15.0,0.0,0.017860406633831302
20200601,73622,PASTUSA_SUPREMA,50.0,50.0,1000.0,20.0,0.0,0.019844896259812558
20200601,73686,CRIOLLA,1.0,1.0,6.0,6.0,0.0,0.00011906937755887534
20200601,73686,PASTUSA_SUPREMA,252.0,252.0,3780.0,15.0,0.0,0.07501370786209147
20200601,73870,PASTUSA_SUPREMA,18.0,17.0,136.0,8.0,5.555555555555558,0.0026989058913345076
20200601,76111,PASTUSA_SUPREMA,5.0,5.0,100.0,20.0,0.0,0.001984489625981256
20200601,76275,PASTUSA_SUPREMA,4.0,4.0,58.0,14.5,0.0,0.0011510039830691283
20200601,76736,PASTUSA_SUPREMA,29.0,29.0,290.0,10.0,0.0,0.005755019915345641
20200601,76834,PASTUSA_SUPREMA,250.0,250.0,4250.0,17.0,0.0,0.08434080910420337
20200601,85136,PASTUSA_SUPREMA,7.0,5.0,7.5,1.5,28.57142857142857,0.00014883672194859418
20200601,86749,PASTUSA_SUPREMA,4.0,4.0,8.0,2.0,0.0,0.00015875917007850045
20200601,86755,PASTUSA_SUPREMA,8.0,8.0,14.4,1.8,0.0,0.0002857665061413008
20200601,86760,PASTUSA_SUPREMA,5.7,3.5,35.0,10.0,38.59649122807017,0.0006945713690934395
20201201,05001,PASTUSA_SUPREMA,35.0,35.0,560.0,16.0,0.0,0.011113141905495031
20201201,05002,PASTUSA_SUPREMA,80.0,75.0,750.0,10.0,6.25,0.014883672194859417
20201201,05004,CRIOLLA,1.5,0.7,1.4,2.0,53.33333333333334,2.778285476373758e-05
20201201,05004,PASTUSA_SUPREMA,1.0,0.5,1.5,3.0,50.0,2.9767344389718835e-05
20201201,05079,PASTUSA_SUPREMA,30.0,27.0,216.0,8.0,9.999999999999998,0.0042864975921195125
20201201,05086,PASTUSA_SUPREMA,140.0,120.0,1920.0,16.0,14.28571428571429,0.03810220081884011
20201201,05088,PASTUSA_SUPREMA,265.0,264.0,4224.0,16.0,0.37735849056603765,0.08382484180144824
20201201,05148,CRIOLLA,320.0,300.0,3600.0,12.0,6.25,0.07144162653532521
20201201,05148,PASTUSA_SUPREMA,130.0,125.0,2500.0,20.0,3.8461538461538436,0.049612240649531396
20201201,05206,PASTUSA_SUPREMA,40.0,40.0,600.0,15.0,0.0,0.011906937755887534
20201201,05237,PASTUSA_SUPREMA,50.0,50.0,1500.0,30.0,0.0,0.029767344389718835
20201201,05264,PASTUSA_SUPREMA,350.0,250.0,7500.0,30.0,28.57142857142857,0.14883672194859418
20201201,05266,PASTUSA_SUPREMA,6.0,6.0,132.0,22.0,0.0,0.0026195263062952574
20201201,05306,PASTUSA_SUPREMA,1.0,1.0,2.0,2.0,0.0,3.968979251962511e-05
20201201,05308,CRIOLLA,6.0,5.5,27.5,5.0,8.333333333333337,0.0005457346471448453
20201201,05308,PASTUSA_SUPREMA,6.0,5.5,44.0,8.0,8.333333333333337,0.0008731754354317525
20201201,05313,PASTUSA_SUPREMA,5.0,3.0,75.0,25.0,40.0,0.0014883672194859418
20201201,05318,PASTUSA_SUPREMA,10.0,10.0,240.0,24.0,0.0,0.004762775102355014
20201201,05376,PASTUSA_SUPREMA,7.5,7.5,90.0,12.0,0.0,0.0017860406633831301
20201201,05400,CRIOLLA,50.0,50.0,1050.0,21.0,0.0,0.020837141072803184
20201201,05400,PASTUSA_SUPREMA,1350.0,1350.0,20250.0,15.0,0.0,0.4018591492612043
20201201,05440,CRIOLLA,35.0,32.0,224.0,7.0,8.571428571428575,0.004445256762198013
20201201,05440,PASTUSA_SUPREMA,128.0,108.0,1026.0,9.5,15.625,0.020360863562567683
20201201,05541,PASTUSA_SUPREMA,21.0,19.0,380.0,20.0,9.523809523809524,0.007541060578728772
20201201,05607,PASTUSA_SUPREMA,50.0,40.0,400.0,10.0,19.999999999999996,0.007937958503925023
20201201,05615,PASTUSA_SUPREMA,10.0,10.0,120.0,12.0,0.0,0.002381387551177507
20201201,05647,PASTUSA_SUPREMA,20.0,20.0,300.0,15.0,0.0,0.005953468877943767
20201201,05658,PASTUSA_SUPREMA,10.0,10.0,250.0,25.0,0.0,0.004961224064953139
20201201,05664,CRIOLLA,47.0,25.0,225.0,9.0,46.808510638297875,0.0044651016584578256
20201201,05664,PASTUSA_SUPREMA,666.0,150.0,4050.0,27.0,77.47747747747748,0.08037182985224085
20201201,05674,PASTUSA_SUPREMA,600.0,600.0,13200.0,22.0,0.0,0.26195263062952573
20201201,05686,CRIOLLA,50.0,49.0,407.0,8.31,2.0000000000000018,0.00807687277774371
20201201,05686,PASTUSA_SUPREMA,630.0,625.0,13750.0,22.0,0.7936507936507908,0.27286732357242266
20201201,05697,CRIOLLA,70.0,70.0,840.0,12.0,0.0,0.016669712858242546
20201201,05697,PASTUSA_SUPREMA,100.0,100.0,1500.0,15.0,0.0,0.029767344389718835
20201201,05756,CRIOLLA,95.0,94.0,1222.0,13.0,1.0526315789473717,0.024250463229490943
20201201,05756,PASTUSA_SUPREMA,50.0,50.0,800.0,16.0,0.0,0.015875917007850047
20201201,05847,CRIOLLA,4.0,4.0,32.0,8.0,0.0,0.0006350366803140018
20201201,05847,PASTUSA_SUPREMA,5.0,5.0,125.0,25.0,0.0,0.0024806120324765697
20201201,05887,PASTUSA_SUPREMA,55.0,55.0,1050.0,19.09,0.0,0.020837141072803184
20201201,15001,CRIOLLA,300.0,300.0,3000.0,10.0,0.0,0.05953468877943767
20201201,15001,PASTUSA_SUPREMA,2000.0,2000.0,40000.0,20.0,0.0,0.7937958503925023
20201201,15047,CRIOLLA,30.0,30.0,150.0,5.0,0.0,0.0029767344389718836
20201201,15047,PASTUSA_SUPREMA,100.0,100.0,1500.0,15.0,0.0,0.029767344389718835
20201201,15051,PASTUSA_SUPREMA,1280.0,1280.0,23040.0,18.0,0.0,0.4572264098260813
20201201,15087,CRIOLLA,38.0,37.0,546.0,14.76,2.631578947368418,0.010835313357857656
20201201,15087,PASTUSA_SUPREMA,360.0,350.0,5678.0,16.22,2.777777777777779,0.1126793209632157
20201201,15092,CRIOLLA,3.0,3.0,39.0,13.0,0.0,0.0007739509541326898
20201201,15092,PASTUSA_SUPREMA,15.0,15.0,270.0,18.0,0.0,0.00535812199014939
20201201,15104,PASTUSA_SUPREMA,240.0,240.0,4800.0,20.0,0.0,0.09525550204710027
20201201,15109,PASTUSA_SUPREMA,18.0,18.0,378.0,21.0,0.0,0.007501370786209147
20201201,15131,CRIOLLA,100.0,100.0,1001.0,10.01,0.0,0.01986474115607237
20201201,15131,PASTUSA_SUPREMA,100.0,100.0,1300.0,13.0,0.0,0.025798365137756324
20201201,15162,PASTUSA_SUPREMA,28.0,28.0,280.0,10.0,0.0,0.005556570952747516
20201201,15172,PASTUSA_SUPREMA,4.0,4.0,68.0,17.0,0.0,0.0013494529456672538
20201201,15176,CRIOLLA,45.0,45.0,405.0,9.0,0.0,0.008037182985224085
20201201,15176,PASTUSA_SUPREMA,280.0,280.0,3640.0,13.0,0.0,0.0722354223857177
20201201,15180,PASTUSA_SUPREMA,90.0,70.0,1260.0,18.0,22.22222222222222,0.02500456928736382
20201201,15183,PASTUSA_SUPREMA,230.0,185.0,2220.0,12.0,19.565217391304344,0.04405566969678388
20201201,15187,PASTUSA_SUPREMA,95.0,70.0,1750.0,25.0,26.315789473684216,0.034728568454671975
20201201,15189,PASTUSA_SUPREMA,260.0,260.0,3120.0,12.0,0.0,0.061916076330615175
20201201,15204,PASTUSA_SUPREMA,580.0,580.0,14500.0,25.0,0.0,0.2877509957672821
20201201,15215,PASTUSA_SUPREMA,1.0,0.9,19.8,22.0,9.999999999999998,0.00039292894594428863
20201201,15224,PASTUSA_SUPREMA,90.0,80.0,2160.0,27.0,11.111111111111116,0.04286497592119512
20201201,15226,CRIOLLA,3.0,3.0,15.0,5.0,0.0,0.00029767344389718836
20201201,15226,PASTUSA_SUPREMA,20.0,20.0,700.0,35.0,0.0,0.01389142738186879
20201201,15232,CRIOLLA,30.0,25.0,200.0,8.0,16.666666666666664,0.003968979251962512
20201201,15232,PASTUSA_SUPREMA,700.0,600.0,12000.0,20.0,14.28571428571429,0.23813875511775068
20201201,15236,PASTUSA_SUPREMA,7.0,7.0,119.0,17.0,0.0,0.002361542654917694
20201201,15238,CRIOLLA,3.0,2.91,46.56,16.0,2.9999999999999916,0.0009239783698568727
20201201,15238,PASTUSA_SUPREMA,15.0,12.55,251.0,20.0,16.333333333333332,0.004981068961212952
20201201,15244,PASTUSA_SUPREMA,200.0,160.0,1440.0,9.0,19.999999999999996,0.028576650614130082
20201201,15248,PASTUSA_SUPREMA,20.0,20.0,140.0,7.0,0.0,0.002778285476373758
20201201,15272,PASTUSA_SUPREMA,130.0,130.0,1950.0,15.0,0.0,0.038697547706634486
20201201,15293,PASTUSA_SUPREMA,50.0,50.0,750.0,15.0,0.0,0.014883672194859417
20201201,15296,PASTUSA_SUPREMA,150.0,145.0,1740.0,12.0,3.3333333333333326,0.03453011949207385
20201201,15299,PASTUSA_SUPREMA,4.0,3.0,21.0,7.0,25.0,0.0004167428214560637
20201201,15317,PASTUSA_SUPREMA,20.0,18.0,108.0,6.0,9.999999999999998,0.0021432487960597562
20201201,15332,CRIOLLA,4.0,4.0,28.0,7.0,0.0,0.0005556570952747516
20201201,15332,PASTUSA_SUPREMA,18.0,18.0,234.0,13.0,0.0,0.004643705724796139
20201201,15367,PASTUSA_SUPREMA,300.0,300.0,5700.0,19.0,0.0,0.11311590868093158
20201201,15368,PASTUSA_SUPREMA,200.0,199.0,4000.0,20.1,0.5000000000000004,0.07937958503925023
20201201,15403,CRIOLLA,3.0,2.0,6.0,3.0,33.333333333333336,0.00011906937755887534
20201201,15403,PASTUSA_SUPREMA,13.0,10.0,126.0,12.6,23.076923076923073,0.0025004569287363824
20201201,15407,PASTUSA_SUPREMA,95.0,95.0,1824.0,19.2,0.0,0.0361970907778981
20201201,15425,PASTUSA_SUPREMA,3.0,3.0,39.0,13.0,0.0,0.0007739509541326898
20201201,15442,PASTUSA_SUPREMA,9.0,9.0,198.0,22.0,0.0,0.003929289459442886
20201201,15464,PASTUSA_SUPREMA,42.0,42.0,504.0,12.0,0.0,0.01000182771494553
20201201,15466,CRIOLLA,5.0,5.0,50.0,10.0,0.0,0.000992244812990628
20201201,15466,PASTUSA_SUPREMA,40.0,40.0,800.0,20.0,0.0,0.015875917007850047
20201201,15476,CRIOLLA,4.0,4.0,28.0,7.0,0.0,0.0005556570952747516
20201201,15476,PASTUSA_SUPREMA,500.0,470.0,10810.0,23.0,6.000000000000005,0.21452332856857373
20201201,15491,PASTUSA_SUPREMA,55.0,55.0,1100.0,20.0,0.0,0.021829385885793813
20201201,15494,PASTUSA_SUPREMA,190.0,190.0,2660.0,14.0,0.0,0.0527874240511014
20201201,15500,PASTUSA_SUPREMA,81.0,81.0,2025.0,25.0,0.0,0.04018591492612043
20201201,15511,PASTUSA_SUPREMA,10.0,9.0,54.0,6.0,9.999999999999998,0.0010716243980298781
20201201,15516,PASTUSA_SUPREMA,70.0,70.0,840.0,12.0,0.0,0.016669712858242546
20201201,15522,PASTUSA_SUPREMA,18.0,18.0,396.0,22.0,0.0,0.007858578918885773
20201201,15531,CRIOLLA,5.0,5.0,50.0,10.0,0.0,0.000992244812990628
20201201,15531,PASTUSA_SUPREMA,5.0,5.0,60.0,12.0,0.0,0.0011906937755887534
20201201,15537,PASTUSA_SUPREMA,11.0,11.0,132.0,12.0,0.0,0.0026195263062952574
20201201,15542,PASTUSA_SUPREMA,300.0,300.0,6000.0,20.0,0.0,0.11906937755887534
20201201,15599,CRIOLLA,13.0,12.0,132.0,11.0,7.692307692307687,0.0026195263062952574
20201201,15599,PASTUSA_SUPREMA,100.0,95.0,1615.0,17.0,5.000000000000004,0.03204950745959728
20201201,15600,PASTUSA_SUPREMA,272.0,272.0,3400.0,12.5,0.0,0.06747264728336269
20201201,15621,PASTUSA_SUPREMA,7.0,7.0,105.0,15.0,0.0,0.0020837141072803183
20201201,15632,CRIOLLA,750.0,750.0,13500.0,18.0,0.0,0.2679060995074695
20201201,15632,PASTUSA_SUPREMA,2500.0,2500.0,50000.0,20.0,0.0,0.9922448129906278
20201201,15646,PASTUSA_SUPREMA,850.0,850.0,22950.0,27.0,0.0,0.4554403691626982
20201201,15676,CRIOLLA,7.0,5.0,75.0,15.0,28.57142857142857,0.0014883672194859418
20201201,15676,PASTUSA_SUPREMA,25.0,15.0,300.0,20.0,40.0,0.005953468877943767
20201201,15693,CRIOLLA,20.0,20.0,280.0,14.0,0.0,0.005556570952747516
20201201,15693,PASTUSA_SUPREMA,40.0,40.0,600.0,15.0,0.0,0.011906937755887534
20201201,15723,PASTUSA_SUPREMA,4.0,4.0,40.0,10.0,0.0,0.0007937958503925023
20201201,15740,CRIOLLA,45.0,45.0,540.0,12.0,0.0,0.01071624398029878
20201201,15740,PASTUSA_SUPREMA,3400.0,3400.0,78200.0,23.0,0.0,1.551870887517342
20201201,15755,CRIOLLA,5.0,5.0,60.7,12.14,0.0,0.0012045852029706223
20201201,15755,PASTUSA_SUPREMA,200.0,200.0,4000.0,20.0,0.0,0.07937958503925023
20201201,15757,PASTUSA_SUPREMA,35.0,35.0,400.0,11.43,0.0,0.007937958503925023
20201201,15759,CRIOLLA,3.0,2.0,20.0,10.0,33.333333333333336,0.00039689792519625116
20201201,15759,PASTUSA_SUPREMA,230.0,225.0,3600.0,16.0,2.1739130434782594,0.07144162653532521
20201201,15761,PASTUSA_SUPREMA,3.0,3.0,36.0,12.0,0.0,0.000714416265353252
20201201,15762,PASTUSA_SUPREMA,42.0,38.0,532.0,14.0,9.523809523809524,0.01055748481022028
20201201,15764,CRIOLLA,600.0,598.0,8970.0,15.0,0.33333333333332993,0.17800871945051863
20201201,15764,PASTUSA_SUPREMA,650.0,640.0,19200.0,30.0,1.538461538461533,0.3810220081884011
20201201,15774,PASTUSA_SUPREMA,28.0,28.0,616.0,22.0,0.0,0.012224456096044535
20201201,15776,PASTUSA_SUPREMA,18.0,14.0,238.0,17.0,22.22222222222222,0.004723085309835388
20201201,15790,CRIOLLA,3.0,3.0,21.0,7.0,0.0,0.0004167428214560637
20201201,15790,PASTUSA_SUPREMA,25.0,25.0,212.5,8.5,0.0,0.004217040455210168
20201201,15804,PASTUSA_SUPREMA,40.0,40.0,800.0,20.0,0.0,0.015875917007850047
20201201,15806,PASTUSA_SUPREMA,40.0,40.0,1200.0,30.0,0.0,0.02381387551177507
20201201,15808,CRIOLLA,3.0,3.0,30.0,10.0,0.0,0.0005953468877943767
20201201,15808,PASTUSA_SUPREMA,5.0,4.5,81.0,18.0,9.999999999999998,0.001607436597044817
20201201,15814,PASTUSA_SUPREMA,1200.0,1150.0,20700.0,18.0,4.1666666666666625,0.41078935257811994
20201201,15820,PASTUSA_SUPREMA,28.0,26.0,465.4,17.9,7.14285714285714,0.009235814719316764
20201201,15822,PASTUSA_SUPREMA,400.0,380.0,7600.0,20.0,5.000000000000004,0.15082121157457543
20201201,15835,PASTUSA_SUPREMA,300.0,280.0,5040.0,18.0,6.666666666666665,0.10001827714945528
20201201,15837,PASTUSA_SUPREMA,60.0,60.0,900.0,15.0,0.0,0.017860406633831302
20201201,15839,CRIOLLA,33.0,33.0,594.0,18.0,0.0,0.011787868378328658
20201201,15839,PASTUSA_SUPREMA,493.0,488.0,15616.0,32.0,1.0141987829614618,0.3098978999932329
20201201,15842,CRIOLLA,5.0,5.0,40.0,8.0,0.0,0.0007937958503925023
20201201,15842,PASTUSA_SUPREMA,690.0,690.0,15180.0,22.0,0.0,0.3012455252239546
20201201,15861,CRIOLLA,80.0,8.0,144.0,18.0,90.0,0.002857665061413008
20201201,15861,PASTUSA_SUPREMA,2000.0,2000.0,60000.0,30.0,0.0,1.1906937755887534
20201201,15879,CRIOLLA,30.5,23.1,244.5,10.58,24.26229508196721,0.00485207713552417
20201201,15879,PASTUSA_SUPREMA,522.0,370.0,5234.0,14.15,29.118773946360154,0.10386818702385893
20201201,17001,PASTUSA_SUPREMA,215.0,187.0,2431.0,13.0,13.023255813953494,0.04824294280760433
20201201,17873,PASTUSA_SUPREMA,117.0,80.0,960.0,12.0,31.62393162393162,0.019051100409420055
20201201,19001,CRIOLLA,2.0,1.5,9.0,6.0,25.0,0.000178604066338313
20201201,19001,PASTUSA_SUPREMA,3.0,2.5,20.0,8.0,16.666666666666664,0.00039689792519625116
20201201,19022,PASTUSA_SUPREMA,100.0,95.0,1710.0,18.0,5.000000000000004,0.033934772604279476
20201201,19364,CRIOLLA,25.0,25.0,100.0,4.0,0.0,0.001984489625981256
20201201,19397,PASTUSA_SUPREMA,75.0,70.0,490.0,7.0,6.666666666666665,0.009723999167308152
20201201,19517,PASTUSA_SUPREMA,73.92,61.0,732.0,12.0,17.478354978354982,0.014526464062182791
20201201,19585,PASTUSA_SUPREMA,800.0,780.0,11700.0,15.0,2.500000000000002,0.23218528623980692
20201201,19622,PASTUSA_SUPREMA,3.0,3.0,24.0,8.0,0.0,0.00047627751023550136
20201201,19693,PASTUSA_SUPREMA,290.0,270.0,4860.0,18.0,6.896551724137934,0.09644619582268903
20201201,19701,CRIOLLA,2.2,2.1,31.92,15.2,4.545454545454552,0.0006334490886132168
20201201,19701,PASTUSA_SUPREMA,2.3,2.2,44.0,20.0,4.347826086956507,0.0008731754354317525
20201201,19743,PASTUSA_SUPREMA,140.0,136.0,3264.0,24.0,2.857142857142858,0.06477374139202818
20201201,19760,PASTUSA_SUPREMA,145.0,130.0,2340.0,18.0,10.344827586206895,0.046437057247961384
20201201,19821,CRIOLLA,8.0,8.0,120.0,15.0,0.0,0.002381387551177507
20201201,19821,PASTUSA_SUPREMA,10.0,10.0,170.0,17.0,0.0,0.0033736323641681346
20201201,19824,CRIOLLA,70.0,40.0,960.0,24.0,42.85714285714286,0.019051100409420055
20201201,19824,PASTUSA_SUPREMA,780.0,400.0,11200.0,28.0,48.71794871794872,0.22226283810990063
20201201,25019,PASTUSA_SUPREMA,6.0,6.0,120.0,20.0,0.0,0.002381387551177507
20201201,25053,PASTUSA_SUPREMA,20.0,20.0,440.0,22.0,0.0,0.008731754354317525
20201201,25099,CRIOLLA,80.0,80.0,1200.0,15.0,0.0,0.02381387551177507
20201201,25099,PASTUSA_SUPREMA,115.0,110.0,2090.0,19.0,4.347826086956519,0.041475833183008244
20201201,25120,PASTUSA_SUPREMA,25.0,25.0,450.0,18.0,0.0,0.008930203316915651
20201201,25126,PASTUSA_SUPREMA,25.3,25.3,430.1,17.0,0.0,0.00853528988134538
20201201,25151,CRIOLLA,60.0,60.0,960.0,16.0,0.0,0.019051100409420055
20201201,25151,PASTUSA_SUPREMA,75.0,75.0,1425.0,19.0,0.0,0.028278977170232894
20201201,25154,CRIOLLA,30.0,30.0,540.0,18.0,0.0,0.01071624398029878
20201201,25154,PASTUSA_SUPREMA,600.0,500.0,10000.0,20.0,16.666666666666664,0.19844896259812558
20201201,25175,PASTUSA_SUPREMA,32.0,29.0,493.0,17.0,9.375,0.00978353385608759
20201201,25178,PASTUSA_SUPREMA,30.0,28.0,560.0,20.0,6.666666666666665,0.011113141905495031
20201201,25181,CRIOLLA,100.0,100.0,1200.0,12.0,0.0,0.02381387551177507
20201201,25181,PASTUSA_SUPREMA,28.0,28.0,504.0,18.0,0.0,0.01000182771494553
20201201,25183,CRIOLLA,154.0,147.0,2352.0,16.0,4.545454545454541,0.046675196003079136
20201201,25183,PASTUSA_SUPREMA,681.0,681.0,19068.0,28.0,0.0,0.37840248188210585
20201201,25200,PASTUSA_SUPREMA,550.0,400.0,8000.0,20.0,27.27272727272727,0.15875917007850046
20201201,25214,PASTUSA_SUPREMA,69.3,69.3,1801.8,26.0,0.0,0.03575653408093026
20201201,25224,CRIOLLA,13.0,13.0,182.0,14.0,0.0,0.0036117711192858856
20201201,25224,PASTUSA_SUPREMA,130.0,130.0,2600.0,20.0,0.0,0.05159673027551265
20201201,25260,CRIOLLA,278.0,276.0,4692.0,17.0,0.7194244604316502,0.09311225325104051
20201201,25260,PASTUSA_SUPREMA,420.0,419.0,10056.0,24.0,0.23809523809523725,0.19956027678867508
20201201,25269,CRIOLLA,100.0,92.0,1472.0,16.0,7.9999999999999964,0.029211687294444084
20201201,25269,PASTUSA_SUPREMA,320.0,285.0,6270.0,22.0,10.9375,0.12442749954902474
20201201,25281,CRIOLLA,472.0,472.0,7080.0,15.0,0.0,0.1405018655194729
20201201,25281,PASTUSA_SUPREMA,380.0,380.0,9120.0,24.0,0.0,0.18098545388949053
20201201,25286,PASTUSA_SUPREMA,250.0,223.0,4460.0,20.0,10.799999999999999,0.088508237318764
20201201,25288,CRIOLLA,15.0,15.0,225.0,15.0,0.0,0.0044651016584578256
20201201,25288,PASTUSA_SUPREMA,70.0,70.0,1400.0,20.0,0.0,0.02778285476373758
20201201,25290,PASTUSA_SUPREMA,6.0,5.0,90.0,18.0,16.666666666666664,0.0017860406633831301
20201201,25295,PASTUSA_SUPREMA,5.0,5.0,100.0,20.0,0.0,0.001984489625981256
20201201,25297,PASTUSA_SUPREMA,10.0,10.0,220.0,22.0,0.0,0.004365877177158762
20201201,25299,PASTUSA_SUPREMA,7.0,6.8,170.0,25.0,2.857142857142858,0.0033736323641681346
20201201,25312,CRIOLLA,20.0,20.0,240.0,12.0,0.0,0.004762775102355014
20201201,25312,PASTUSA_SUPREMA,60.0,60.0,1080.0,18.0,0.0,0.02143248796059756
20201201,25317,CRIOLLA,17.0,17.0,238.0,14.0,0.0,0.004723085309835388
20201201,25317,PASTUSA_SUPREMA,270.0,260.0,5200.0,20.0,3.703703703703709,0.1031934605510253
20201201,25322,CRIOLLA,17.0,15.0,285.0,19.0,11.764705882352944,0.005655795434046579
20201201,25322,PASTUSA_SUPREMA,196.0,196.0,4312.0,22.0,0.0,0.08557119267231175
20201201,25326,CRIOLLA,62.0,62.0,1116.0,18.0,0.0,0.022146904225950812
20201201,25326,PASTUSA_SUPREMA,530.0,530.0,11925.0,22.5,0.0,0.23665038789826473
20201201,25339,PASTUSA_SUPREMA,65.0,60.0,1320.0,22.0,7.692307692307687,0.026195263062952574
20201201,25372,PASTUSA_SUPREMA,40.0,40.0,720.0,18.0,0.0,0.014288325307065041
20201201,25377,CRIOLLA,109.0,105.0,2310.0,22.0,3.669724770642202,0.04584171036016701
20201201,25377,PASTUSA_SUPREMA,850.0,847.0,25410.0,30.0,0.3529411764705892,0.504258813961837
20201201,25407,CRIOLLA,25.0,25.0,300.0,12.0,0.0,0.005953468877943767
20201201,25407,PASTUSA_SUPREMA,460.0,460.0,7820.0,17.0,0.0,0.1551870887517342
20201201,25426,CRIOLLA,22.0,22.0,186.0,8.45,0.0,0.003691150704325136
20201201,25426,PASTUSA_SUPREMA,170.0,170.0,2516.0,14.8,0.0,0.04992975898968839
20201201,25430,PASTUSA_SUPREMA,445.7,432.3,8862.15,20.5,3.006506618801885,0.17586844738889784
20201201,25436,PASTUSA_SUPREMA,26.0,25.0,525.0,21.0,3.8461538461538436,0.010418570536401592
20201201,25473,PASTUSA_SUPREMA,220.0,110.0,3190.0,29.0,50.0,0.06330521906880206
20201201,25486,PASTUSA_SUPREMA,7.0,7.0,119.0,17.0,0.0,0.002361542654917694
20201201,25513,CRIOLLA,340.0,340.0,5100.0,15.0,0.0,0.10120897092504404
20201201,25513,PASTUSA_SUPREMA,180.0,180.0,3600.0,20.0,0.0,0.07144162653532521
20201201,25535,PASTUSA_SUPREMA,1200.0,1150.0,27600.0,24.0,4.1666666666666625,0.5477191367708266
20201201,25594,CRIOLLA,10.0,10.0,140.0,14.0,0.0,0.002778285476373758
20201201,25594,PASTUSA_SUPREMA,20.0,20.0,400.0,20.0,0.0,0.007937958503925023
20201201,25649,PASTUSA_SUPREMA,10.0,10.0,200.0,20.0,0.0,0.003968979251962512
20201201,25653,CRIOLLA,38.0,37.0,444.0,12.0,2.631578947368418,0.008811133939356775
20201201,25653,PASTUSA_SUPREMA,870.0,840.0,16800.0,20.0,3.4482758620689613,0.33339425716485094
20201201,25736,CRIOLLA,70.0,70.0,700.0,10.0,0.0,0.01389142738186879
20201201,25736,PASTUSA_SUPREMA,500.0,500.0,16000.0,32.0,0.0,0.3175183401570009
20201201,25740,CRIOLLA,512.0,512.0,12800.0,25.0,0.0,0.25401467212560075
20201201,25740,PASTUSA_SUPREMA,723.0,723.0,17207.4,23.8,0.0,0.3414790679010986
20201201,25745,PASTUSA_SUPREMA,150.0,150.0,4500.0,30.0,0.0,0.08930203316915651
20201201,25754,CRIOLLA,30.0,22.0,396.0,18.0,26.66666666666667,0.007858578918885773
20201201,25754,PASTUSA_SUPREMA,410.0,397.0,7940.0,20.0,3.170731707317076,0.1575684763029117
20201201,25758,PASTUSA_SUPREMA,25.0,25.0,500.0,20.0,0.0,0.009922448129906279
20201201,25769,CRIOLLA,75.0,75.0,1350.0,18.0,0.0,0.026790609950746953
20201201,25769,PASTUSA_SUPREMA,430.0,430.0,9460.0,22.0,0.0,0.18773271861782678
20201201,25772,CRIOLLA,12.0,12.0,240.0,20.0,0.0,0.004762775102355014
20201201,25772,PASTUSA_SUPREMA,600.0,600.0,18000.0,30.0,0.0,0.35720813267662604
20201201,25779,CRIOLLA,50.0,45.0,540.0,12.0,9.999999999999998,0.01071624398029878
20201201,25779,PASTUSA_SUPREMA,450.0,450.0,9000.0,20.0,0.0,0.17860406633831302
20201201,25781,PASTUSA_SUPREMA,106.0,103.0,2678.0,26.0,2.8301886792452824,0.053144632183778025
20201201,25785,CRIOLLA,7.0,7.0,56.0,8.0,0.0,0.0011113141905495032
20201201,25785,PASTUSA_SUPREMA,90.0,90.0,1620.0,18.0,0.0,0.03214873194089634
20201201,25793,CRIOLLA,95.0,92.0,1288.0,14.0,3.157894736842104,0.025560226382638572
20201201,25793,PASTUSA_SUPREMA,7590.0,7440.0,133920.0,18.0,1.9762845849802368,2.6576285071140977
20201201,25799,CRIOLLA,30.0,30.0,450.0,15.0,0.0,0.008930203316915651
20201201,25799,PASTUSA_SUPREMA,200.0,200.0,4000.0,20.0,0.0,0.07937958503925023
20201201,25807,PASTUSA_SUPREMA,250.0,201.0,3618.0,18.0,19.599999999999994,0.07179883466800183
20201201,25817,PASTUSA_SUPREMA,13.5,13.5,229.5,17.0,0.0,0.004554403691626982
20201201,25843,CRIOLLA,30.0,28.0,476.0,17.0,6.666666666666665,0.009446170619670777
20201201,25843,PASTUSA_SUPREMA,450.0,430.0,8600.0,20.0,4.444444444444439,0.170666107834388
20201201,25845,CRIOLLA,190.0,190.0,3800.0,20.0,0.0,0.07541060578728771
20201201,25845,PASTUSA_SUPREMA,1350.0,1300.0,39000.0,30.0,3.703703703703709,0.7739509541326898
20201201,25873,CRIOLLA,40.0,40.0,800.0,20.0,0.0,0.015875917007850047
20201201,25873,PASTUSA_SUPREMA,6000.0,6000.0,180000.0,30.0,0.0,3.57208132676626
20201201,25898,CRIOLLA,250.0,230.0,2760.0,12.0,7.9999999999999964,0.05477191367708266
20201201,25898,PASTUSA_SUPREMA,170.0,155.0,5425.0,35.0,8.823529411764708,0.10765856220948312
20201201,25899,CRIOLLA,120.0,120.0,2160.0,18.0,0.0,0.04286497592119512
20201201,25899,PASTUSA_SUPREMA,1800.0,1710.0,42750.0,25.0,5.000000000000004,0.8483693151069868
20201201,41001,PASTUSA_SUPREMA,3.0,3.0,16.5,5.5,0.0,0.0003274407882869072
20201201,41020,PASTUSA_SUPREMA,3.0,3.0,30.0,10.0,0.0,0.0005953468877943767
20201201,41206,PASTUSA_SUPREMA,4.0,3.0,15.3,5.1,25.0,0.0003036269127751321
20201201,41359,PASTUSA_SUPREMA,4.0,4.0,20.0,5.0,0.0,0.00039689792519625116
20201201,41396,PASTUSA_SUPREMA,3.0,3.0,21.0,7.0,0.0,0.0004167428214560637
20201201,41668,PASTUSA_SUPREMA,3.0,3.0,15.0,5.0,0.0,0.00029767344389718836
20201201,52001,CRIOLLA,130.0,130.0,2340.0,18.0,0.0,0.046437057247961384
20201201,52001,PASTUSA_SUPREMA,4900.0,4900.0,117600.0,24.0,0.0,2.3337598001539566
20201201,52022,PASTUSA_SUPREMA,240.0,120.0,2100.0,17.5,50.0,0.04167428214560637
20201201,52036,PASTUSA_SUPREMA,30.0,30.0,450.0,15.0,0.0,0.008930203316915651
20201201,52083,PASTUSA_SUPREMA,9.0,6.0,15.0,2.5,33.333333333333336,0.00029767344389718836
20201201,52110,PASTUSA_SUPREMA,20.0,15.0,120.0,8.0,25.0,0.002381387551177507
20201201,52210,PASTUSA_SUPREMA,450.0,450.0,11250.0,25.0,0.0,0.22325508292289126
20201201,52215,CRIOLLA,55.0,55.0,990.0,18.0,0.0,0.01964644729721443
20201201,52215,PASTUSA_SUPREMA,420.0,420.0,8400.0,20.0,0.0,0.16669712858242547
20201201,52224,CRIOLLA,37.0,35.0,280.0,8.0,5.405405405405405,0.005556570952747516
20201201,52224,PASTUSA_SUPREMA,390.0,300.0,5400.0,18.0,23.076923076923073,0.10716243980298781
20201201,52227,CRIOLLA,30.0,24.0,264.0,11.0,19.999999999999996,0.005239052612590515
20201201,52227,PASTUSA_SUPREMA,550.0,300.0,6000.0,20.0,45.45454545454546,0.11906937755887534
20201201,52258,PASTUSA_SUPREMA,4.0,3.0,75.0,25.0,25.0,0.0014883672194859418
20201201,52287,PASTUSA_SUPREMA,195.0,185.0,2035.0,11.0,5.128205128205132,0.04038436388871856
20201201,52317,CRIOLLA,25.0,23.5,282.0,12.0,6.000000000000005,0.005596260745267141
20201201,52317,PASTUSA_SUPREMA,475.0,450.0,9000.0,20.0,5.263157894736848,0.17860406633831302
20201201,52320,CRIOLLA,15.0,15.0,225.0,15.0,0.0,0.0044651016584578256
20201201,52320,PASTUSA_SUPREMA,54.0,54.0,1485.0,27.5,0.0,0.029469670945821647
20201201,52323,CRIOLLA,15.0,15.0,300.0,20.0,0.0,0.005953468877943767
20201201,52323,PASTUSA_SUPREMA,600.0,600.0,13800.0,23.0,0.0,0.2738595683854133
20201201,52352,CRIOLLA,70.0,70.0,700.0,10.0,0.0,0.01389142738186879
20201201,52352,PASTUSA_SUPREMA,950.0,950.0,4750.0,5.0,0.0,0.09426325723410965
20201201,52354,CRIOLLA,28.0,27.0,351.0,13.0,3.57142857142857,0.0069655585871942075
20201201,52354,PASTUSA_SUPREMA,354.0,353.0,7060.0,20.0,0.28248587570621764,0.14010496759427665
20201201,52356,CRIOLLA,40.0,39.0,351.0,9.0,2.500000000000002,0.0069655585871942075
20201201,52356,PASTUSA_SUPREMA,1600.0,1598.0,28764.0,18.0,0.12499999999999734,0.5708185960172484
20201201,52378,PASTUSA_SUPREMA,75.0,70.0,840.0,12.0,6.666666666666665,0.016669712858242546
20201201,52381,CRIOLLA,4.0,3.0,33.0,11.0,25.0,0.0006548815765738144
20201201,52381,PASTUSA_SUPREMA,10.0,9.5,28.5,3.0,5.000000000000004,0.0005655795434046578
20201201,52385,PASTUSA_SUPREMA,2.5,2.0,9.0,4.5,19.999999999999996,0.000178604066338313
20201201,52435,PASTUSA_SUPREMA,33.0,27.0,270.0,10.0,18.181818181818176,0.00535812199014939
20201201,52480,CRIOLLA,8.0,8.0,64.0,8.0,0.0,0.0012700733606280036
20201201,52480,PASTUSA_SUPREMA,12.0,12.0,144.0,12.0,0.0,0.002857665061413008
20201201,52506,PASTUSA_SUPREMA,800.0,800.0,25600.0,32.0,0.0,0.5080293442512015
20201201,52560,CRIOLLA,1425.0,1425.0,32062.5,22.5,0.0,0.6362769863302401
20201201,52560,PASTUSA_SUPREMA,4130.0,4130.0,115640.0,28.0,0.0,2.294863803484724
20201201,52565,PASTUSA_SUPREMA,68.0,68.0,816.0,12.0,0.0,0.016193435348007046
20201201,52573,CRIOLLA,85.0,80.0,880.0,11.0,5.882352941176472,0.01746350870863505
20201201,52573,PASTUSA_SUPREMA,240.0,230.0,4600.0,20.0,4.1666666666666625,0.09128652279513776
20201201,52585,CRIOLLA,70.0,70.0,1400.0,20.0,0.0,0.02778285476373758
20201201,52585,PASTUSA_SUPREMA,2554.0,2554.0,30648.0,12.0,0.0,0.6082063805707353
20201201,52678,PASTUSA_SUPREMA,26.4,23.5,352.5,15.0,10.984848484848476,0.0069953259315839265
20201201,52683,PASTUSA_SUPREMA,5.0,5.0,100.0,20.0,0.0,0.001984489625981256
20201201,52685,PASTUSA_SUPREMA,11.0,11.0,54.0,4.91,0.0,0.0010716243980298781
20201201,52699,PASTUSA_SUPREMA,15.0,15.0,202.5,13.5,0.0,0.0040185914926120425
20201201,52720,CRIOLLA,12.0,12.0,96.0,8.0,0.0,0.0019051100409420054
20201201,52720,PASTUSA_SUPREMA,850.0,850.0,14450.0,17.0,0.0,0.28675875095429143
20201201,52788,PASTUSA_SUPREMA,400.0,400.0,7200.0,18.0,0.0,0.14288325307065042
20201201,52838,CRIOLLA,300.0,300.0,3000.0,10.0,0.0,0.05953468877943767
20201201,52838,PASTUSA_SUPREMA,2802.0,2750.0,55000.0,20.0,1.855817273376159,1.0914692942896906
20201201,52885,PASTUSA_SUPREMA,260.0,260.0,4420.0,17.0,0.0,0.0877144414683715
20201201,54125,CRIOLLA,50.0,40.0,800.0,20.0,19.999999999999996,0.015875917007850047
20201201,54125,PASTUSA_SUPREMA,90.0,80.0,1760.0,22.0,11.111111111111116,0.0349270174172701
20201201,54174,CRIOLLA,37.0,30.0,450.0,15.0,18.918918918918916,0.008930203316915651
20201201,54174,PASTUSA_SUPREMA,560.0,370.0,5180.0,14.0,33.92857142857143,0.10279656262582905
20201201,54347,CRIOLLA,4.0,4.0,48.0,12.0,0.0,0.0009525550204710027
20201201,54347,PASTUSA_SUPREMA,12.0,12.0,168.0,14.0,0.0,0.0033339425716485097
20201201,54377,CRIOLLA,5.0,3.0,60.0,20.0,40.0,0.0011906937755887534
20201201,54480,CRIOLLA,134.0,134.0,3350.0,25.0,0.0,0.06648040247037207
20201201,54480,PASTUSA_SUPREMA,78.0,78.0,1560.0,20.0,0.0,0.030958038165307587
20201201,54518,CRIOLLA,90.0,64.0,832.0,13.0,28.888888888888886,0.01651095368816405
20201201,54518,PASTUSA_SUPREMA,145.0,93.0,1395.0,15.0,35.862068965517246,0.027683630282438518
20201201,54743,CRIOLLA,170.0,124.0,2480.0,20.0,27.058823529411768,0.04921534272433514
20201201,54743,PASTUSA_SUPREMA,846.0,357.0,8925.0,25.0,57.801418439716315,0.17711569911882707
20201201,68020,PASTUSA_SUPREMA,100.0,100.0,2100.0,21.0,0.0,0.04167428214560637
20201201,68101,PASTUSA_SUPREMA,30.0,30.0,600.0,20.0,0.0,0.011906937755887534
20201201,68132,CRIOLLA,2.0,2.0,19.0,9.5,0.0,0.0003770530289364386
20201201,68162,PASTUSA_SUPREMA,270.0,270.0,5670.0,21.0,0.0,0.1125205617931372
20201201,68207,CRIOLLA,12.0,12.0,156.0,13.0,0.0,0.003095803816530759
20201201,68207,PASTUSA_SUPREMA,40.0,40.0,1200.0,30.0,0.0,0.02381387551177507
20201201,68245,CRIOLLA,2.0,1.0,1.0,1.0,50.0,1.9844896259812557e-05
20201201,68264,PASTUSA_SUPREMA,82.0,82.0,492.0,6.0,0.0,0.009763688959827778
20201201,68298,PASTUSA_SUPREMA,10.0,10.0,80.0,8.0,0.0,0.0015875917007850046
20201201,68318,CRIOLLA,30.0,30.0,600.0,20.0,0.0,0.011906937755887534
20201201,68318,PASTUSA_SUPREMA,197.0,196.0,4116.0,21.0,0.5076142131979711,0.08168159300538848
20201201,68368,CRIOLLA,2.0,2.0,20.0,10.0,0.0,0.00039689792519625116
20201201,68377,CRIOLLA,1.0,0.8,12.0,15.0,19.999999999999996,0.00023813875511775068
20201201,68377,PASTUSA_SUPREMA,1.0,0.9,15.3,17.0,9.999999999999998,0.0003036269127751321
20201201,68432,CRIOLLA,0.25,0.25,5.0,20.0,0.0,9.922448129906279e-05
20201201,68432,PASTUSA_SUPREMA,11.0,1.0,20.0,20.0,90.9090909090909,0.00039689792519625116
20201201,68468,PASTUSA_SUPREMA,18.0,17.0,340.0,20.0,5.555555555555558,0.006747264728336269
20201201,68502,PASTUSA_SUPREMA,95.0,82.0,1312.0,16.0,13.684210526315788,0.026036503892874076
20201201,68572,PASTUSA_SUPREMA,30.0,30.0,450.0,15.0,0.0,0.008930203316915651
20201201,68669,PASTUSA_SUPREMA,10.0,10.0,100.0,10.0,0.0,0.001984489625981256
20201201,68773,PASTUSA_SUPREMA,2.0,1.0,30.0,30.0,50.0,0.0005953468877943767
20201201,68820,PASTUSA_SUPREMA,100.0,100.0,2500.0,25.0,0.0,0.049612240649531396
20201201,68867,CRIOLLA,1.0,1.0,15.0,15.0,0.0,0.00029767344389718836
20201201,68867,PASTUSA_SUPREMA,5.0,5.0,100.0,20.0,0.0,0.001984489625981256
20201201,73001,PASTUSA_SUPREMA,3.0,3.0,54.0,18.0,0.0,0.0010716243980298781
20201201,73043,PASTUSA_SUPREMA,90.0,67.0,938.0,14.0,25.555555555555554,0.01861451269170418
20201201,73124,CRIOLLA,5.0,4.7,75.2,16.0,5.999999999999995,0.0014923361987379043
20201201,73124,PASTUSA_SUPREMA,60.0,55.0,880.0,16.0,8.333333333333337,0.01746350870863505
20201201,73152,PASTUSA_SUPREMA,80.0,50.0,840.0,16.8,37.5,0.016669712858242546
20201201,73347,PASTUSA_SUPREMA,156.0,156.0,2184.0,14.0,0.0,0.043341253431430624
20201201,73461,CRIOLLA,15.0,15.0,225.0,15.0,0.0,0.0044651016584578256
20201201,73622,CRIOLLA,60.0,60.0,900.0,15.0,0.0,0.017860406633831302
20201201,73622,PASTUSA_SUPREMA,50.0,50.0,1000.0,20.0,0.0,0.019844896259812558
20201201,73686,CRIOLLA,1.0,1.0,6.0,6.0,0.0,0.00011906937755887534
20201201,73686,PASTUSA_SUPREMA,252.0,252.0,3780.0,15.0,0.0,0.07501370786209147
20201201,73870,PASTUSA_SUPREMA,20.0,19.0,114.0,6.0,5.000000000000004,0.0022623181736186313
20201201,76111,PASTUSA_SUPREMA,5.0,5.0,100.0,20.0,0.0,0.001984489625981256
20201201,76275,PASTUSA_SUPREMA,3.0,3.0,43.5,14.5,0.0,0.0008632529873018462
20201201,76736,PASTUSA_SUPREMA,16.0,16.0,160.0,10.0,0.0,0.0031751834015700093
20201201,76834,PASTUSA_SUPREMA,230.0,230.0,3910.0,17.0,0.0,0.0775935443758671
20210601,05001,PASTUSA_SUPREMA,35.0,35.0,560.0,16.0,0.0,0.010955551625034038
20210601,05002,PASTUSA_SUPREMA,95.0,90.0,900.0,10.0,5.263157894736848,0.017607136540233274
20210601,05004,CRIOLLA,2.5,2.25,9.22,4.1,9.999999999999998,0.00018037533211216755
20210601,05004,PASTUSA_SUPREMA,3.0,2.5,10.25,4.1,16.666666666666664,0.0002005257217082123
20210601,05079,PASTUSA_SUPREMA,28.0,27.0,216.0,8.0,3.57142857142857,0.004225712769655986
20210601,05086,PASTUSA_SUPREMA,180.0,180.0,2520.0,14.0,0.0,0.04929998231265317
20210601,05088,PASTUSA_SUPREMA,215.0,195.0,3249.0,16.66,9.302325581395355,0.06356176291024213
20210601,05093,PASTUSA_SUPREMA,4.0,4.0,100.0,25.0,0.0,0.001956348504470364
20210601,05148,CRIOLLA,250.0,240.0,2880.0,12.0,4.0000000000000036,0.05634283692874648
20210601,05148,PASTUSA_SUPREMA,185.0,173.0,3460.0,20.0,6.486486486486487,0.06768965825467459
20210601,05206,PASTUSA_SUPREMA,35.0,35.0,525.0,15.0,0.0,0.01027082964846941
20210601,05237,CRIOLLA,1.0,1.0,8.3,8.3,0.0,0.0001623769258710402
20210601,05237,PASTUSA_SUPREMA,50.0,50.0,978.5,19.57,0.0,0.01914287011624251
20210601,05264,PASTUSA_SUPREMA,380.0,300.0,8000.0,26.67,21.052631578947366,0.1565078803576291
20210601,05266,PASTUSA_SUPREMA,10.0,10.0,210.0,21.0,0.0,0.004108331859387764
20210601,05306,PASTUSA_SUPREMA,4.0,4.0,76.0,19.0,0.0,0.0014868248633974766
20210601,05308,CRIOLLA,5.5,5.5,28.05,5.1,0.0,0.0005487557555039371
20210601,05308,PASTUSA_SUPREMA,5.5,5.5,44.0,8.0,0.0,0.0008607933419669602
20210601,05313,CRIOLLA,0.8,0.8,12.0,15.0,0.0,0.00023476182053644367
20210601,05313,PASTUSA_SUPREMA,5.0,5.0,167.0,33.4,0.0,0.003267102002465508
20210601,05318,PASTUSA_SUPREMA,13.0,13.0,286.0,22.0,0.0,0.005595156722785241
20210601,05376,PASTUSA_SUPREMA,9.0,9.0,108.0,12.0,0.0,0.002112856384827993
20210601,05400,CRIOLLA,74.0,74.0,888.0,12.0,0.0,0.017372374719696833
20210601,05400,PASTUSA_SUPREMA,850.0,850.0,11050.0,13.0,0.0,0.2161765097439752
20210601,05440,PASTUSA_SUPREMA,150.0,148.0,1406.0,9.5,1.3333333333333308,0.027506259972853317
20210601,05541,PASTUSA_SUPREMA,25.0,21.0,420.0,20.0,16.000000000000004,0.008216663718775528
20210601,05607,PASTUSA_SUPREMA,52.0,51.0,510.0,10.0,1.9230769230769273,0.009977377372798857
20210601,05615,PASTUSA_SUPREMA,12.0,12.0,168.0,14.0,0.0,0.0032866654875102113
20210601,05647,PASTUSA_SUPREMA,20.0,20.0,260.0,13.0,0.0,0.005086506111622946
20210601,05658,PASTUSA_SUPREMA,7.0,7.0,140.0,20.0,0.0,0.0027388879062585094
20210601,05664,CRIOLLA,53.0,53.0,503.5,9.5,0.0,0.009850214720008282
20210601,05664,PASTUSA_SUPREMA,481.0,481.0,14430.0,30.0,0.0,0.2823010891950735
20210601,05674,PASTUSA_SUPREMA,600.0,600.0,13200.0,22.0,0.0,0.25823800259008806
20210601,05686,CRIOLLA,70.0,70.0,560.0,8.0,0.0,0.010955551625034038
20210601,05686,PASTUSA_SUPREMA,780.0,780.0,17160.0,22.0,0.0,0.33570940336711447
20210601,05697,CRIOLLA,70.0,70.0,840.0,12.0,0.0,0.016433327437551055
20210601,05697,PASTUSA_SUPREMA,90.0,90.0,1350.0,15.0,0.0,0.026410704810349912
20210601,05756,CRIOLLA,145.0,145.0,1740.0,12.0,0.0,0.03404046397778433
20210601,05756,PASTUSA_SUPREMA,60.0,59.0,944.0,16.0,1.6666666666666718,0.018467929882200234
20210601,05847,CRIOLLA,6.0,6.0,48.0,8.0,0.0,0.0009390472821457747
20210601,05847,PASTUSA_SUPREMA,7.0,7.0,210.0,30.0,0.0,0.004108331859387764
20210601,05887,PASTUSA_SUPREMA,65.0,64.0,1600.0,25.0,1.538461538461533,0.031301576071525825
20210601,15001,CRIOLLA,200.0,200.0,2600.0,13.0,0.0,0.05086506111622946
20210601,15001,PASTUSA_SUPREMA,1500.0,1500.0,30000.0,20.0,0.0,0.5869045513411092
20210601,15022,CRIOLLA,2.0,2.0,10.0,5.0,0.0,0.0001956348504470364
20210601,15022,PASTUSA_SUPREMA,5.0,5.0,45.0,9.0,0.0,0.0008803568270116638
20210601,15047,CRIOLLA,26.0,26.0,208.0,8.0,0.0,0.004069204889298357
20210601,15047,PASTUSA_SUPREMA,250.0,220.0,2640.0,12.0,12.0,0.05164760051801761
20210601,15051,PASTUSA_SUPREMA,1250.0,1250.0,25000.0,20.0,0.0,0.489087126117591
20210601,15087,CRIOLLA,40.0,38.0,532.0,14.0,5.000000000000004,0.010407774043782337
20210601,15087,PASTUSA_SUPREMA,380.0,344.0,5670.0,16.48,9.473684210526311,0.11092496020346963
20210601,15092,CRIOLLA,6.0,6.0,75.78,12.63,0.0,0.0014825208966876419
20210601,15092,PASTUSA_SUPREMA,41.0,41.0,738.0,18.0,0.0,0.014437851962991285
20210601,15104,PASTUSA_SUPREMA,180.0,180.0,3600.0,20.0,0.0,0.0704285461609331
20210601,15109,PASTUSA_SUPREMA,22.0,22.0,440.0,20.0,0.0,0.008607933419669601
20210601,15114,PASTUSA_SUPREMA,6.0,6.0,60.0,10.0,0.0,0.0011738091026822185
20210601,15131,CRIOLLA,145.0,145.0,1885.0,13.0,0.0,0.03687716930926636
20210601,15131,PASTUSA_SUPREMA,75.0,75.0,1350.0,18.0,0.0,0.026410704810349912
20210601,15162,PASTUSA_SUPREMA,66.2,65.9,659.0,10.0,0.45317220543805714,0.012892336644459698
20210601,15172,PASTUSA_SUPREMA,5.0,5.0,85.0,17.0,0.0,0.0016628962287998093
20210601,15176,CRIOLLA,50.0,50.0,150.0,3.0,0.0,0.002934522756705546
20210601,15176,PASTUSA_SUPREMA,220.0,220.0,2640.0,12.0,0.0,0.05164760051801761
20210601,15180,PASTUSA_SUPREMA,80.0,50.0,900.0,18.0,37.5,0.017607136540233274
20210601,15183,PASTUSA_SUPREMA,90.0,72.0,864.0,12.0,19.999999999999996,0.016902851078623944
20210601,15187,PASTUSA_SUPREMA,80.0,80.0,2400.0,30.0,0.0,0.04695236410728874
20210601,15189,PASTUSA_SUPREMA,260.0,260.0,2800.0,10.77,0.0,0.05477775812517019
20210601,15204,PASTUSA_SUPREMA,720.0,720.0,14400.0,20.0,0.0,0.2817141846437324
20210601,15215,PASTUSA_SUPREMA,10.0,10.0,220.0,22.0,0.0,0.0043039667098348005
20210601,15224,PASTUSA_SUPREMA,145.0,145.0,2900.0,20.0,0.0,0.056734106629640554
20210601,15226,CRIOLLA,2.0,2.0,20.0,10.0,0.0,0.0003912697008940728
20210601,15226,PASTUSA_SUPREMA,21.0,21.0,420.0,20.0,0.0,0.008216663718775528
20210601,15232,CRIOLLA,35.0,30.0,240.0,8.0,14.28571428571429,0.004695236410728874
20210601,15232,PASTUSA_SUPREMA,650.0,650.0,13000.0,20.0,0.0,0.2543253055811473
20210601,15236,PASTUSA_SUPREMA,2.5,2.5,37.5,15.0,0.0,0.0007336306891763865
20210601,15238,CRIOLLA,3.0,2.9,48.0,16.55,3.3333333333333326,0.0009390472821457747
20210601,15238,PASTUSA_SUPREMA,15.0,15.0,300.0,20.0,0.0,0.005869045513411092
20210601,15244,PASTUSA_SUPREMA,200.0,200.0,1800.0,9.0,0.0,0.03521427308046655
20210601,15248,PASTUSA_SUPREMA,31.0,27.0,324.0,12.0,12.903225806451612,0.006338569154483979
20210601,15272,PASTUSA_SUPREMA,126.0,126.0,1810.0,14.37,0.0,0.03540990793091359
20210601,15276,PASTUSA_SUPREMA,40.0,40.0,400.0,10.0,0.0,0.007825394017881456
20210601,15293,PASTUSA_SUPREMA,100.0,100.0,1800.0,18.0,0.0,0.03521427308046655
20210601,15296,PASTUSA_SUPREMA,420.0,420.0,5040.0,12.0,0.0,0.09859996462530635
20210601,15299,PASTUSA_SUPREMA,4.0,4.0,24.0,6.0,0.0,0.00046952364107288733
20210601,15317,PASTUSA_SUPREMA,10.0,8.0,80.0,10.0,19.999999999999996,0.0015650788035762911
20210601,15332,CRIOLLA,2.0,2.0,18.0,9.0,0.0,0.0003521427308046655
20210601,15332,PASTUSA_SUPREMA,20.0,20.0,240.0,12.0,0.0,0.004695236410728874
20210601,15362,PASTUSA_SUPREMA,20.0,20.0,410.0,20.5,0.0,0.008021028868328492
20210601,15367,PASTUSA_SUPREMA,380.0,380.0,7220.0,19.0,0.0,0.14124836202276028
20210601,15368,PASTUSA_SUPREMA,300.0,288.0,5184.0,18.0,4.0000000000000036,0.10141710647174366
20210601,15377,PASTUSA_SUPREMA,8.0,8.0,84.0,10.5,0.0,0.0016433327437551056
20210601,15403,CRIOLLA,6.0,6.0,90.0,15.0,0.0,0.0017607136540233276
20210601,15403,PASTUSA_SUPREMA,24.0,24.0,600.0,25.0,0.0,0.011738091026822184
20210601,15407,PASTUSA_SUPREMA,140.0,140.0,2654.24,18.96,0.0,0.05192618454505419
20210601,15425,PASTUSA_SUPREMA,14.0,13.0,220.0,16.92,7.14285714285714,0.0043039667098348005
20210601,15442,PASTUSA_SUPREMA,10.0,10.0,165.0,16.5,0.0,0.0032279750323761006
20210601,15464,PASTUSA_SUPREMA,200.0,190.0,2280.0,12.0,5.000000000000004,0.0446047459019243
20210601,15466,CRIOLLA,15.0,15.0,150.0,10.0,0.0,0.002934522756705546
20210601,15466,PASTUSA_SUPREMA,60.0,60.0,1200.0,20.0,0.0,0.02347618205364437
20210601,15476,PASTUSA_SUPREMA,900.0,900.0,25000.0,27.78,0.0,0.489087126117591
20210601,15491,PASTUSA_SUPREMA,60.0,57.0,1083.0,19.0,5.000000000000004,0.021187254303414043
20210601,15494,PASTUSA_SUPREMA,165.0,165.0,2392.5,14.5,0.0,0.04680563796945346
20210601,15500,PASTUSA_SUPREMA,83.0,83.0,1577.0,19.0,0.0,0.03085161591549764
20210601,15511,PASTUSA_SUPREMA,12.0,11.0,66.0,6.0,8.333333333333337,0.0012911900129504402
20210601,15516,PASTUSA_SUPREMA,60.0,60.0,588.0,9.8,0.0,0.01150332920628574
20210601,15522,PASTUSA_SUPREMA,21.0,21.0,483.0,23.0,0.0,0.009449163276591857
20210601,15531,CRIOLLA,15.0,15.0,105.0,7.0,0.0,0.002054165929693882
20210601,15531,PASTUSA_SUPREMA,40.0,40.0,600.0,15.0,0.0,0.011738091026822184
20210601,15537,PASTUSA_SUPREMA,24.0,24.0,340.0,14.17,0.0,0.006651584915199237
20210601,15542,PASTUSA_SUPREMA,150.0,150.0,3750.0,25.0,0.0,0.07336306891763865
20210601,15599,CRIOLLA,12.0,10.0,120.0,12.0,16.666666666666664,0.002347618205364437
20210601,15599,PASTUSA_SUPREMA,130.0,120.0,2520.0,21.0,7.692307692307687,0.04929998231265317
20210601,15600,PASTUSA_SUPREMA,252.0,252.0,3024.0,12.0,0.0,0.05915997877518381
20210601,15621,PASTUSA_SUPREMA,8.0,8.0,81.0,10.12,0.0,0.0015846422886209948
20210601,15632,CRIOLLA,380.0,320.0,6400.0,20.0,15.789473684210531,0.1252063042861033
20210601,15632,PASTUSA_SUPREMA,2100.0,2050.0,38950.0,19.0,2.3809523809523836,0.7619977424912068
20210601,15646,PASTUSA_SUPREMA,661.98,628.63,16878.78,26.85,5.0379165533701915,0.3302077601028429
20210601,15664,PASTUSA_SUPREMA,1.0,1.0,15.0,15.0,0.0,0.0002934522756705546
20210601,15676,CRIOLLA,6.0,5.0,75.0,15.0,16.666666666666664,0.001467261378352773
20210601,15676,PASTUSA_SUPREMA,25.0,22.0,493.0,22.41,12.0,0.009644798127038895
20210601,15693,CRIOLLA,36.0,36.0,504.0,14.0,0.0,0.009859996462530635
20210601,15693,PASTUSA_SUPREMA,29.0,29.0,435.0,15.0,0.0,0.008510115994446083
20210601,15696,PASTUSA_SUPREMA,35.0,35.0,570.0,16.29,0.0,0.011151186475481075
20210601,15720,PASTUSA_SUPREMA,60.0,60.0,1200.0,20.0,0.0,0.02347618205364437
20210601,15723,PASTUSA_SUPREMA,8.0,6.0,100.0,16.67,25.0,0.001956348504470364
20210601,15740,CRIOLLA,65.0,65.0,780.0,12.0,0.0,0.015259518334868839
20210601,15740,PASTUSA_SUPREMA,3700.0,3700.0,74000.0,20.0,0.0,1.4476978933080693
20210601,15753,PASTUSA_SUPREMA,15.0,15.0,240.0,16.0,0.0,0.004695236410728874
20210601,15755,CRIOLLA,6.0,6.0,74.84,12.47,0.0,0.0014641312207456204
20210601,15755,PASTUSA_SUPREMA,290.0,290.0,5800.0,20.0,0.0,0.11346821325928111
20210601,15757,PASTUSA_SUPREMA,27.0,27.0,270.0,10.0,0.0,0.005282140962069983
20210601,15759,CRIOLLA,3.0,2.5,25.0,10.0,16.666666666666664,0.000489087126117591
20210601,15759,PASTUSA_SUPREMA,225.0,220.0,3740.0,17.0,2.2222222222222254,0.07316743406719162
20210601,15761,PASTUSA_SUPREMA,7.0,7.0,84.0,12.0,0.0,0.0016433327437551056
20210601,15762,PASTUSA_SUPREMA,200.0,200.0,3000.0,15.0,0.0,0.05869045513411092
20210601,15763,PASTUSA_SUPREMA,470.0,470.0,12690.0,27.0,0.0,0.24826062521728917
20210601,15764,CRIOLLA,300.0,240.0,4320.0,18.0,19.999999999999996,0.08451425539311973
20210601,15764,PASTUSA_SUPREMA,450.0,400.0,10800.0,27.0,11.111111111111116,0.2112856384827993
20210601,15774,PASTUSA_SUPREMA,185.0,180.0,4023.9,22.36,2.7027027027026973,0.07872150747138297
20210601,15776,PASTUSA_SUPREMA,122.0,120.0,1680.0,14.0,1.6393442622950838,0.03286665487510211
20210601,15790,CRIOLLA,5.0,4.6,55.84,12.14,8.000000000000007,0.0010924250048962513
20210601,15790,PASTUSA_SUPREMA,30.0,29.7,644.49,21.7,1.0000000000000009,0.012608470476461048
20210601,15804,PASTUSA_SUPREMA,145.0,145.0,2592.0,17.88,0.0,0.05070855323587183
20210601,15806,PASTUSA_SUPREMA,45.0,45.0,1350.0,30.0,0.0,0.026410704810349912
20210601,15808,CRIOLLA,2.0,2.0,18.0,9.0,0.0,0.0003521427308046655
20210601,15808,PASTUSA_SUPREMA,24.0,22.0,352.0,16.0,8.333333333333337,0.006886346735735681
20210601,15810,CRIOLLA,1.0,1.0,5.0,5.0,0.0,9.78174252235182e-05
20210601,15810,PASTUSA_SUPREMA,3.0,3.0,21.0,7.0,0.0,0.0004108331859387764
20210601,15814,PASTUSA_SUPREMA,1545.0,1538.0,53830.0,35.0,0.45307443365695255,1.0531023999563969
20210601,15816,CRIOLLA,4.0,4.0,36.0,9.0,0.0,0.000704285461609331
20210601,15816,PASTUSA_SUPREMA,4.0,4.0,52.0,13.0,0.0,0.0010173012223245893
20210601,15820,PASTUSA_SUPREMA,71.0,70.0,1190.0,17.0,1.4084507042253502,0.02328054720319733
20210601,15822,PASTUSA_SUPREMA,200.0,170.0,2890.0,17.0,15.000000000000002,0.056538471779193515
20210601,15835,PASTUSA_SUPREMA,300.0,280.0,6160.0,22.0,6.666666666666665,0.12051106787537441
20210601,15837,PASTUSA_SUPREMA,130.0,130.0,2340.0,18.0,0.0,0.045778555004606515
20210601,15839,CRIOLLA,33.0,27.0,440.1,16.3,18.181818181818176,0.008609889768174072
20210601,15839,PASTUSA_SUPREMA,512.0,503.0,9808.5,19.5,1.7578125,0.19188844306097563
20210601,15842,CRIOLLA,7.0,7.0,84.0,12.0,0.0,0.0016433327437551056
20210601,15842,PASTUSA_SUPREMA,520.0,518.0,10360.0,20.0,0.38461538461538325,0.2026777050631297
20210601,15861,CRIOLLA,80.0,80.0,1360.0,17.0,0.0,0.026606339660796948
20210601,15861,PASTUSA_SUPREMA,1600.0,1600.0,48000.0,30.0,0.0,0.9390472821457747
20210601,15879,CRIOLLA,35.5,24.5,358.3,14.62,30.98591549295775,0.007009596691517314
20210601,15879,PASTUSA_SUPREMA,423.0,380.8,5585.0,14.67,9.976359338061458,0.10926206397466982
20210601,17001,PASTUSA_SUPREMA,57.0,56.0,728.0,13.0,1.7543859649122862,0.01424221711254425
20210601,17013,PASTUSA_SUPREMA,10.0,10.0,22.0,2.2,0.0,0.0004303966709834801
20210601,17446,PASTUSA_SUPREMA,20.0,20.0,460.0,23.0,0.0,0.008999203120563674
20210601,17653,PASTUSA_SUPREMA,51.0,51.0,816.0,16.0,0.0,0.01596380379647817
20210601,17873,PASTUSA_SUPREMA,117.0,117.0,2000.0,17.09,0.0,0.03912697008940728
20210601,19001,CRIOLLA,5.0,4.0,24.0,6.0,19.999999999999996,0.00046952364107288733
20210601,19001,PASTUSA_SUPREMA,5.0,5.0,30.0,6.0,0.0,0.0005869045513411092
20210601,19022,PASTUSA_SUPREMA,120.0,120.0,2160.0,18.0,0.0,0.042257127696559864
20210601,19100,CRIOLLA,15.0,15.0,180.0,12.0,0.0,0.003521427308046655
20210601,19100,PASTUSA_SUPREMA,79.0,79.0,1501.0,19.0,0.0,0.029364791052100162
20210601,19355,PASTUSA_SUPREMA,6.0,6.0,60.0,10.0,0.0,0.0011738091026822185
20210601,19364,CRIOLLA,15.0,15.0,46.0,3.07,0.0,0.0008999203120563674
20210601,19397,PASTUSA_SUPREMA,90.0,78.0,550.0,7.05,13.33333333333333,0.010759916774587002
20210601,19517,PASTUSA_SUPREMA,80.1,65.88,922.32,14.0,17.752808988764045,0.01804379352643106
20210601,19585,PASTUSA_SUPREMA,1093.0,975.0,20425.0,20.95,10.79597438243367,0.39958418203807183
20210601,19693,PASTUSA_SUPREMA,250.0,245.0,6125.0,25.0,2.0000000000000018,0.11982634589880979
20210601,19701,CRIOLLA,2.2,2.1,44.31,21.1,4.545454545454552,0.0008668580223308183
20210601,19701,PASTUSA_SUPREMA,2.2,2.1,44.31,21.1,4.545454545454552,0.0008668580223308183
20210601,19743,PASTUSA_SUPREMA,130.0,120.0,2880.0,24.0,7.692307692307687,0.05634283692874648
20210601,19760,PASTUSA_SUPREMA,145.0,145.0,2610.0,18.0,0.0,0.0510606959666765
20210601,19821,CRIOLLA,5.0,5.0,45.0,9.0,0.0,0.0008803568270116638
20210601,19821,PASTUSA_SUPREMA,10.0,10.0,160.0,16.0,0.0,0.0031301576071525823
20210601,19824,CRIOLLA,350.0,344.0,8256.0,24.0,1.7142857142857126,0.16151613252907324
20210601,19824,PASTUSA_SUPREMA,900.0,850.0,23800.0,28.0,5.555555555555558,0.4656109440639466
20210601,25019,PASTUSA_SUPREMA,6.0,3.0,45.0,15.0,50.0,0.0008803568270116638
20210601,25053,PASTUSA_SUPREMA,36.0,33.0,495.0,15.0,8.333333333333337,0.009683925097128301
20210601,25099,CRIOLLA,170.0,170.0,3740.0,22.0,0.0,0.07316743406719162
20210601,25099,PASTUSA_SUPREMA,240.0,240.0,4200.0,17.5,0.0,0.08216663718775528
20210601,25120,PASTUSA_SUPREMA,14.0,13.0,156.0,12.0,7.14285714285714,0.003051903666973768
20210601,25126,PASTUSA_SUPREMA,12.2,12.0,204.0,17.0,1.6393442622950727,0.0039909509491195426
20210601,25151,CRIOLLA,59.0,59.0,944.0,16.0,0.0,0.018467929882200234
20210601,25151,PASTUSA_SUPREMA,60.0,58.0,1334.0,23.0,3.3333333333333326,0.026097689049634654
20210601,25154,CRIOLLA,40.0,40.0,600.0,15.0,0.0,0.011738091026822184
20210601,25154,PASTUSA_SUPREMA,700.0,600.0,15000.0,25.0,14.28571428571429,0.2934522756705546
20210601,25175,PASTUSA_SUPREMA,40.0,40.0,720.0,18.0,0.0,0.01408570923218662
20210601,25178,CRIOLLA,25.0,25.0,375.0,15.0,0.0,0.007336306891763865
20210601,25178,PASTUSA_SUPREMA,35.0,35.0,700.0,20.0,0.0,0.013694439531292547
20210601,25181,CRIOLLA,15.0,14.0,150.0,10.71,6.666666666666665,0.002934522756705546
20210601,25181,PASTUSA_SUPREMA,15.0,15.0,165.0,11.0,0.0,0.0032279750323761006
20210601,25183,CRIOLLA,120.0,118.0,1416.0,12.0,1.6666666666666718,0.027701894823300353
20210601,25183,PASTUSA_SUPREMA,1540.0,1527.0,42603.3,27.9,0.8441558441558472,0.8334690224050225
20210601,25200,PASTUSA_SUPREMA,450.0,420.0,8400.0,20.0,6.666666666666665,0.16433327437551057
20210601,25214,PASTUSA_SUPREMA,5.5,5.5,121.0,22.0,0.0,0.0023671816904091403
20210601,25224,CRIOLLA,8.0,8.0,144.0,18.0,0.0,0.002817141846437324
20210601,25224,PASTUSA_SUPREMA,110.0,110.0,2312.0,21.02,0.0,0.045230777423354816
20210601,25260,CRIOLLA,282.0,280.0,4760.0,17.0,0.7092198581560294,0.09312218881278932
20210601,25260,PASTUSA_SUPREMA,450.0,447.0,10728.0,24.0,0.666666666666671,0.20987706755958063
20210601,25269,CRIOLLA,92.0,92.0,2700.0,29.35,0.0,0.052821409620699825
20210601,25269,PASTUSA_SUPREMA,350.0,350.0,10500.0,30.0,0.0,0.20541659296938822
20210601,25281,CRIOLLA,80.0,80.0,1150.0,14.38,0.0,0.022498007801409186
20210601,25281,PASTUSA_SUPREMA,148.0,148.0,3100.0,20.95,0.0,0.060646803638581284
20210601,25286,PASTUSA_SUPREMA,206.0,198.0,5540.0,27.98,3.8834951456310662,0.10838170714765816
20210601,25288,CRIOLLA,5.0,5.0,75.0,15.0,0.0,0.001467261378352773
20210601,25288,PASTUSA_SUPREMA,100.0,100.0,1933.0,19.33,0.0,0.037816216591412134
20210601,25295,PASTUSA_SUPREMA,5.0,5.0,100.0,20.0,0.0,0.001956348504470364
20210601,25297,PASTUSA_SUPREMA,5.0,4.0,72.0,18.0,19.999999999999996,0.001408570923218662
20210601,25299,PASTUSA_SUPREMA,5.0,5.0,110.0,22.0,0.0,0.0021519833549174003
20210601,25312,CRIOLLA,25.0,20.0,280.0,14.0,19.999999999999996,0.005477775812517019
20210601,25312,PASTUSA_SUPREMA,80.0,74.0,1332.0,18.0,7.499999999999996,0.02605856207954525
20210601,25317,CRIOLLA,10.0,9.0,144.0,16.0,9.999999999999998,0.002817141846437324
20210601,25317,PASTUSA_SUPREMA,350.0,340.0,6800.0,20.0,2.857142857142858,0.13303169830398476
20210601,25322,CRIOLLA,20.0,15.0,270.0,18.0,25.0,0.005282140962069983
20210601,25322,PASTUSA_SUPREMA,153.0,153.0,3366.0,22.0,0.0,0.06585069066047244
20210601,25326,CRIOLLA,35.0,35.0,595.0,17.0,0.0,0.011640273601598665
20210601,25326,PASTUSA_SUPREMA,1090.0,1090.0,23980.0,22.0,0.0,0.46913237137199326
20210601,25372,PASTUSA_SUPREMA,30.0,30.0,450.0,15.0,0.0,0.008803568270116637
20210601,25377,CRIOLLA,142.0,141.0,2961.0,21.0,0.7042253521126751,0.057927479217367475
20210601,25377,PASTUSA_SUPREMA,896.0,890.0,22250.0,25.0,0.6696428571428603,0.435287542244656
20210601,25407,CRIOLLA,25.0,25.0,350.0,14.0,0.0,0.006847219765646274
20210601,25407,PASTUSA_SUPREMA,451.0,440.0,7480.0,17.0,2.4390243902439046,0.14633486813438323
20210601,25426,CRIOLLA,35.75,35.25,493.5,14.0,1.3986013986013957,0.009654579869561246
20210601,25426,PASTUSA_SUPREMA,268.0,260.0,4420.0,17.0,2.985074626865669,0.08647060389759009
20210601,25430,PASTUSA_SUPREMA,483.9,474.3,11383.2,24.0,1.98388096714196,0.22269506296087047
20210601,25436,PASTUSA_SUPREMA,32.0,30.0,540.0,18.0,6.25,0.010564281924139966
20210601,25473,PASTUSA_SUPREMA,230.0,230.0,6670.0,29.0,0.0,0.13048844524817327
20210601,25486,CRIOLLA,5.0,5.0,70.0,14.0,0.0,0.0013694439531292547
20210601,25486,PASTUSA_SUPREMA,20.0,20.0,340.0,17.0,0.0,0.006651584915199237
20210601,25513,CRIOLLA,130.0,120.0,1680.0,14.0,7.692307692307687,0.03286665487510211
20210601,25513,PASTUSA_SUPREMA,45.0,40.0,1000.0,25.0,11.111111111111116,0.01956348504470364
20210601,25535,PASTUSA_SUPREMA,950.0,950.0,23750.0,25.0,0.0,0.4646327698117114
20210601,25594,PASTUSA_SUPREMA,18.0,17.0,238.0,14.0,5.555555555555558,0.004656109440639466
20210601,25649,PASTUSA_SUPREMA,10.0,10.0,210.0,21.0,0.0,0.004108331859387764
20210601,25653,CRIOLLA,33.0,33.0,594.0,18.0,0.0,0.011620710116553962
20210601,25653,PASTUSA_SUPREMA,1100.0,1100.0,22000.0,20.0,0.0,0.43039667098348006
20210601,25736,CRIOLLA,50.0,50.0,750.0,15.0,0.0,0.01467261378352773
20210601,25736,PASTUSA_SUPREMA,1100.0,1100.0,38500.0,35.0,0.0,0.7531941742210901
20210601,25740,CRIOLLA,425.0,425.0,8500.0,20.0,0.0,0.16628962287998095
20210601,25740,PASTUSA_SUPREMA,734.0,734.0,16148.0,22.0,0.0,0.31591115650187435
20210601,25745,PASTUSA_SUPREMA,100.0,90.0,3150.0,35.0,9.999999999999998,0.06162497789081647
20210601,25754,CRIOLLA,40.0,37.0,740.0,20.0,7.499999999999996,0.014476978933080692
20210601,25754,PASTUSA_SUPREMA,420.0,400.0,8100.0,20.25,4.761904761904767,0.1584642288620995
20210601,25758,PASTUSA_SUPREMA,60.0,60.0,1260.0,21.0,0.0,0.024649991156326587
20210601,25769,CRIOLLA,75.0,75.0,1350.0,18.0,0.0,0.026410704810349912
20210601,25769,PASTUSA_SUPREMA,250.0,250.0,6250.0,25.0,0.0,0.12227178152939774
20210601,25772,CRIOLLA,7.0,7.0,140.0,20.0,0.0,0.0027388879062585094
20210601,25772,PASTUSA_SUPREMA,730.0,710.0,14200.0,20.0,2.73972602739726,0.2778014876347917
20210601,25779,CRIOLLA,20.0,19.0,304.0,16.0,5.000000000000004,0.005947299453589907
20210601,25779,PASTUSA_SUPREMA,150.0,149.0,3060.0,20.54,0.666666666666671,0.059864264236793134
20210601,25781,PASTUSA_SUPREMA,98.0,90.0,1701.0,18.9,8.163265306122447,0.03327748806104089
20210601,25785,CRIOLLA,9.0,8.0,216.0,27.0,11.111111111111116,0.004225712769655986
20210601,25785,PASTUSA_SUPREMA,95.0,87.0,1392.0,16.0,8.421052631578952,0.027232371182227467
20210601,25793,CRIOLLA,99.5,96.0,1392.0,14.5,3.5175879396984966,0.027232371182227467
20210601,25793,PASTUSA_SUPREMA,9026.0,8975.0,145395.0,16.2,0.5650343452249018,2.8444329080746855
20210601,25799,PASTUSA_SUPREMA,300.0,220.0,5060.0,23.0,26.66666666666667,0.09899123432620041
20210601,25817,PASTUSA_SUPREMA,15.0,15.0,285.0,19.0,0.0,0.0055755932377405375
20210601,25839,CRIOLLA,4.0,4.0,60.0,15.0,0.0,0.0011738091026822185
20210601,25839,PASTUSA_SUPREMA,10.0,10.0,300.0,30.0,0.0,0.005869045513411092
20210601,25841,CRIOLLA,100.0,100.0,1200.0,12.0,0.0,0.02347618205364437
20210601,25841,PASTUSA_SUPREMA,500.0,480.0,9600.0,20.0,4.0000000000000036,0.18780945642915495
20210601,25843,CRIOLLA,10.0,10.0,150.0,15.0,0.0,0.002934522756705546
20210601,25843,PASTUSA_SUPREMA,500.0,500.0,9000.0,18.0,0.0,0.17607136540233276
20210601,25845,CRIOLLA,250.0,250.0,5000.0,20.0,0.0,0.0978174252235182
20210601,25845,PASTUSA_SUPREMA,720.0,720.0,21600.0,30.0,0.0,0.4225712769655986
20210601,25873,CRIOLLA,23.4,22.0,396.0,18.0,5.982905982905972,0.007747140077702641
20210601,25873,PASTUSA_SUPREMA,5250.0,5155.0,128359.5,24.9,1.8095238095238053,2.5111591585956368
20210601,25898,CRIOLLA,170.0,161.0,3220.0,20.0,5.294117647058827,0.06299442184394571
20210601,25898,PASTUSA_SUPREMA,142.0,132.0,3168.0,24.0,7.042253521126762,0.061977120621621126
20210601,25899,CRIOLLA,150.0,150.0,3000.0,20.0,0.0,0.05869045513411092
20210601,25899,PASTUSA_SUPREMA,1600.1,1600.0,39200.0,24.5,0.006249609399411327,0.7668886137523827
20210601,41001,PASTUSA_SUPREMA,2.0,2.0,13.0,6.5,0.0,0.0002543253055811473
20210601,41020,PASTUSA_SUPREMA,1.0,1.0,1.0,1.0,0.0,1.956348504470364e-05
20210601,41206,PASTUSA_SUPREMA,10.0,10.0,51.0,5.1,0.0,0.0009977377372798856
20210601,41359,PASTUSA_SUPREMA,2.0,2.0,9.0,4.5,0.0,0.00017607136540233274
20210601,41396,PASTUSA_SUPREMA,8.0,7.0,49.0,7.0,12.5,0.0009586107671904783
20210601,41668,PASTUSA_SUPREMA,2.0,2.0,10.0,5.0,0.0,0.0001956348504470364
20210601,52001,CRIOLLA,100.0,80.0,1440.0,18.0,19.999999999999996,0.02817141846437324
20210601,52001,PASTUSA_SUPREMA,4500.0,4300.0,107500.0,25.0,4.444444444444439,2.103074642305641
20210601,52022,PASTUSA_SUPREMA,200.0,180.0,1800.0,10.0,9.999999999999998,0.03521427308046655
20210601,52036,CRIOLLA,2.0,2.0,22.0,11.0,0.0,0.0004303966709834801
20210601,52036,PASTUSA_SUPREMA,29.0,29.0,348.0,12.0,0.0,0.006808092795556867
20210601,52083,PASTUSA_SUPREMA,10.0,7.0,49.0,7.0,30.000000000000004,0.0009586107671904783
20210601,52110,PASTUSA_SUPREMA,60.0,55.0,440.0,8.0,8.333333333333337,0.008607933419669601
20210601,52210,PASTUSA_SUPREMA,450.0,450.0,9000.0,20.0,0.0,0.17607136540233276
20210601,52215,CRIOLLA,24.0,24.0,288.0,12.0,0.0,0.005634283692874648
20210601,52215,PASTUSA_SUPREMA,300.0,200.0,3000.0,15.0,33.333333333333336,0.05869045513411092
20210601,52224,CRIOLLA,80.0,75.0,750.0,10.0,6.25,0.01467261378352773
20210601,52224,PASTUSA_SUPREMA,435.0,430.0,7095.0,16.5,1.1494252873563204,0.13880292639217232
20210601,52227,CRIOLLA,18.0,18.0,144.0,8.0,0.0,0.002817141846437324
20210601,52227,PASTUSA_SUPREMA,400.0,400.0,7200.0,18.0,0.0,0.1408570923218662
20210601,52240,PASTUSA_SUPREMA,5.0,5.0,90.0,18.0,0.0,0.0017607136540233276
20210601,52258,PASTUSA_SUPREMA,13.0,12.0,120.0,10.0,7.692307692307687,0.002347618205364437
20210601,52287,PASTUSA_SUPREMA,100.0,100.0,1150.0,11.5,0.0,0.022498007801409186
20210601,52317,CRIOLLA,20.0,19.0,342.0,18.0,5.000000000000004,0.006690711885288645
20210601,52317,PASTUSA_SUPREMA,500.0,475.0,10687.0,22.5,5.000000000000004,0.2090749646727478
20210601,52320,CRIOLLA,41.0,41.0,738.0,18.0,0.0,0.014437851962991285
20210601,52320,PASTUSA_SUPREMA,225.0,225.0,3712.5,16.5,0.0,0.07262943822846227
20210601,52323,CRIOLLA,10.0,10.0,90.0,9.0,0.0,0.0017607136540233276
20210601,52323,PASTUSA_SUPREMA,450.0,450.0,11250.0,25.0,0.0,0.22008920675291593
20210601,52352,CRIOLLA,100.0,100.0,750.0,7.5,0.0,0.01467261378352773
20210601,52352,PASTUSA_SUPREMA,700.0,650.0,11999.0,18.46,7.14285714285714,0.23474225705139898
20210601,52354,CRIOLLA,26.9,23.6,311.52,13.2,12.26765799256505,0.006094416861126078
20210601,52354,PASTUSA_SUPREMA,351.2,348.0,7308.0,21.0,0.9111617312072884,0.1429699487066942
20210601,52356,CRIOLLA,70.0,68.0,612.0,9.0,2.857142857142858,0.011972852847358627
20210601,52356,PASTUSA_SUPREMA,900.0,550.0,9900.0,18.0,38.888888888888886,0.19367850194256603
20210601,52378,PASTUSA_SUPREMA,40.0,35.0,420.0,12.0,12.5,0.008216663718775528
20210601,52381,CRIOLLA,3.0,2.8,19.6,7.0,6.666666666666677,0.0003834443068761913
20210601,52381,PASTUSA_SUPREMA,9.0,9.0,63.0,7.0,0.0,0.0012324995578163293
20210601,52385,PASTUSA_SUPREMA,2.0,2.0,9.6,4.8,0.0,0.00018780945642915493
20210601,52418,PASTUSA_SUPREMA,4.0,3.8,33.44,8.8,5.000000000000004,0.0006542029398948897
20210601,52435,PASTUSA_SUPREMA,80.0,80.0,800.0,10.0,0.0,0.015650788035762912
20210601,52480,CRIOLLA,4.0,4.0,36.0,9.0,0.0,0.000704285461609331
20210601,52480,PASTUSA_SUPREMA,12.0,12.0,156.0,13.0,0.0,0.003051903666973768
20210601,52506,CRIOLLA,16.0,16.0,400.0,25.0,0.0,0.007825394017881456
20210601,52506,PASTUSA_SUPREMA,935.0,935.0,23580.7,25.22,0.0,0.4613206717936431
20210601,52560,CRIOLLA,930.0,558.0,9207.0,16.5,40.0,0.1801210068065864
20210601,52560,PASTUSA_SUPREMA,3600.0,2160.0,46440.0,21.5,40.0,0.908528245476037
20210601,52565,CRIOLLA,20.0,20.0,500.0,25.0,0.0,0.00978174252235182
20210601,52565,PASTUSA_SUPREMA,80.0,80.0,1600.0,20.0,0.0,0.031301576071525825
20210601,52573,CRIOLLA,85.0,84.0,840.0,10.0,1.17647058823529,0.016433327437551055
20210601,52573,PASTUSA_SUPREMA,180.0,178.0,3827.0,21.5,1.1111111111111072,0.07486945726608082
20210601,52585,CRIOLLA,75.0,75.0,900.0,12.0,0.0,0.017607136540233274
20210601,52585,PASTUSA_SUPREMA,2000.0,2000.0,42000.0,21.0,0.0,0.8216663718775529
20210601,52678,PASTUSA_SUPREMA,51.0,45.0,738.0,16.4,11.764705882352944,0.014437851962991285
20210601,52683,CRIOLLA,2.0,2.0,34.0,17.0,0.0,0.0006651584915199237
20210601,52683,PASTUSA_SUPREMA,10.0,10.0,200.0,20.0,0.0,0.003912697008940728
20210601,52685,PASTUSA_SUPREMA,10.0,10.0,131.0,13.1,0.0,0.0025628165408561766
20210601,52699,PASTUSA_SUPREMA,13.0,13.0,195.0,15.0,0.0,0.0038148795837172097
20210601,52720,CRIOLLA,12.0,12.0,120.0,10.0,0.0,0.002347618205364437
20210601,52720,PASTUSA_SUPREMA,600.0,600.0,13200.0,22.0,0.0,0.25823800259008806
20210601,52788,PASTUSA_SUPREMA,410.0,410.0,6150.0,15.0,0.0,0.12031543302492738
20210601,52838,CRIOLLA,416.0,365.0,6205.0,17.0,12.259615384615385,0.12139142470238608
20210601,52838,PASTUSA_SUPREMA,2805.0,2500.0,70000.0,28.0,10.873440285204994,1.3694439531292548
20210601,52885,PASTUSA_SUPREMA,315.0,315.0,6300.0,20.0,0.0,0.12324995578163293
20210601,54125,CRIOLLA,60.0,35.0,700.0,20.0,41.666666666666664,0.013694439531292547
20210601,54125,PASTUSA_SUPREMA,70.0,50.0,1100.0,22.0,28.57142857142857,0.021519833549174004
20210601,54174,CRIOLLA,52.0,50.0,700.0,14.0,3.8461538461538436,0.013694439531292547
20210601,54174,PASTUSA_SUPREMA,500.0,480.0,7200.0,15.0,4.0000000000000036,0.1408570923218662
20210601,54347,CRIOLLA,3.0,3.0,51.0,17.0,0.0,0.0009977377372798856
20210601,54347,PASTUSA_SUPREMA,4.0,4.0,72.0,18.0,0.0,0.001408570923218662
20210601,54377,PASTUSA_SUPREMA,4.0,4.0,60.0,15.0,0.0,0.0011738091026822185
20210601,54480,CRIOLLA,104.0,100.0,2000.0,20.0,3.8461538461538436,0.03912697008940728
20210601,54480,PASTUSA_SUPREMA,60.0,59.0,1475.0,25.0,1.6666666666666718,0.02885614044093787
20210601,54518,CRIOLLA,98.0,96.0,1248.0,13.0,2.0408163265306145,0.024415229335790142
20210601,54518,PASTUSA_SUPREMA,159.0,156.0,2340.0,15.0,1.8867924528301883,0.045778555004606515
20210601,54743,CRIOLLA,185.0,185.0,3700.0,20.0,0.0,0.07238489466540346
20210601,54743,PASTUSA_SUPREMA,1378.0,1378.0,27560.0,20.0,0.0,0.5391696478320323
20210601,68020,PASTUSA_SUPREMA,80.0,80.0,1440.0,18.0,0.0,0.02817141846437324
20210601,68101,PASTUSA_SUPREMA,35.0,35.0,800.0,22.86,0.0,0.015650788035762912
20210601,68132,CRIOLLA,3.0,3.0,30.0,10.0,0.0,0.0005869045513411092
20210601,68132,PASTUSA_SUPREMA,3.0,2.0,24.0,12.0,33.333333333333336,0.00046952364107288733
20210601,68152,PASTUSA_SUPREMA,820.0,820.0,13120.0,16.0,0.0,0.25667292378651174
20210601,68162,PASTUSA_SUPREMA,220.0,220.0,4400.0,20.0,0.0,0.08607933419669601
20210601,68207,CRIOLLA,12.0,12.0,156.0,13.0,0.0,0.003051903666973768
20210601,68207,PASTUSA_SUPREMA,40.0,40.0,940.0,23.5,0.0,0.01838967594202142
20210601,68264,PASTUSA_SUPREMA,86.0,86.0,516.0,6.0,0.0,0.010094758283067077
20210601,68298,PASTUSA_SUPREMA,18.0,18.0,140.0,7.78,0.0,0.0027388879062585094
20210601,68318,CRIOLLA,30.0,30.0,540.0,18.0,0.0,0.010564281924139966
20210601,68318,PASTUSA_SUPREMA,275.0,274.0,6576.0,24.0,0.363636363636366,0.12864947765397114
20210601,68368,PASTUSA_SUPREMA,2.0,2.0,24.0,12.0,0.0,0.00046952364107288733
20210601,68377,PASTUSA_SUPREMA,3.0,3.0,75.0,25.0,0.0,0.001467261378352773
20210601,68432,CRIOLLA,1.0,1.0,24.0,24.0,0.0,0.00046952364107288733
20210601,68468,PASTUSA_SUPREMA,20.0,17.0,340.0,20.0,15.000000000000002,0.006651584915199237
20210601,68502,PASTUSA_SUPREMA,121.0,121.0,2057.0,17.0,0.0,0.04024208873695539
20210601,68572,PASTUSA_SUPREMA,35.0,33.0,495.0,15.0,5.714285714285716,0.009683925097128301
20210601,68669,PASTUSA_SUPREMA,36.0,36.0,468.0,13.0,0.0,0.009155711000921303
20210601,68682,PASTUSA_SUPREMA,3.0,3.0,24.0,8.0,0.0,0.00046952364107288733
20210601,68773,PASTUSA_SUPREMA,1.5,1.5,30.0,20.0,0.0,0.0005869045513411092
20210601,68820,PASTUSA_SUPREMA,245.0,245.0,6125.0,25.0,0.0,0.11982634589880979
20210601,68867,CRIOLLA,1.0,1.0,10.0,10.0,0.0,0.0001956348504470364
20210601,68867,PASTUSA_SUPREMA,20.0,20.0,400.0,20.0,0.0,0.007825394017881456
20210601,73043,PASTUSA_SUPREMA,118.0,113.0,1808.0,16.0,4.23728813559322,0.03537078096082418
20210601,73124,CRIOLLA,12.0,12.0,180.0,15.0,0.0,0.003521427308046655
20210601,73124,PASTUSA_SUPREMA,13.0,13.0,162.0,12.46,0.0,0.0031692845772419895
20210601,73152,PASTUSA_SUPREMA,90.0,85.0,1020.0,12.0,5.555555555555558,0.019954754745597714
20210601,73347,PASTUSA_SUPREMA,170.0,170.0,2200.0,12.94,0.0,0.04303966709834801
20210601,73461,CRIOLLA,10.0,10.0,150.0,15.0,0.0,0.002934522756705546
20210601,73461,PASTUSA_SUPREMA,150.0,147.0,4116.0,28.0,2.0000000000000018,0.08052330444400017
20210601,73622,CRIOLLA,55.0,55.0,700.0,12.73,0.0,0.013694439531292547
20210601,73622,PASTUSA_SUPREMA,50.0,50.0,900.0,18.0,0.0,0.017607136540233274
20210601,73686,CRIOLLA,1.0,1.0,12.0,12.0,0.0,0.00023476182053644367
20210601,73686,PASTUSA_SUPREMA,252.0,250.0,3000.0,12.0,0.7936507936507908,0.05869045513411092
20210601,73870,PASTUSA_SUPREMA,22.0,22.0,264.0,12.0,0.0,0.005164760051801761
20210601,76111,PASTUSA_SUPREMA,6.0,6.0,132.0,22.0,0.0,0.0025823800259008804
20210601,76736,PASTUSA_SUPREMA,30.0,30.0,310.0,10.33,0.0,0.006064680363858128
20210601,76834,PASTUSA_SUPREMA,240.0,238.0,4046.0,17.0,0.8333333333333304,0.07915386049087092
20210601,85136,PASTUSA_SUPREMA,9.0,9.0,36.0,4.0,0.0,0.000704285461609331
20210601,86749,PASTUSA_SUPREMA,5.0,5.0,35.0,7.0,0.0,0.0006847219765646273
20210601,86755,PASTUSA_SUPREMA,1.0,1.0,1.8,1.8,0.0,3.521427308046655e-05
20210601,86760,PASTUSA_SUPREMA,6.0,6.0,60.0,10.0,0.0,0.0011738091026822185
20210601,05001,PASTUSA_SUPREMA,30.0,30.0,480.0,16.0,0.0,0.009390472821457748
20210601,05002,PASTUSA_SUPREMA,95.0,90.0,900.0,10.0,5.263157894736848,0.017607136540233274
20210601,05004,CRIOLLA,1.0,0.8,3.28,4.1,19.999999999999996,6.416823094662794e-05
20210601,05004,PASTUSA_SUPREMA,0.8,0.6,2.46,4.1,25.00000000000001,4.812617320997095e-05
20210601,05079,PASTUSA_SUPREMA,25.0,23.0,184.0,8.0,7.9999999999999964,0.0035996812482254697
20210601,05086,PASTUSA_SUPREMA,150.0,140.0,2240.0,16.0,6.666666666666665,0.04382220650013615
20210601,05088,PASTUSA_SUPREMA,230.0,220.0,4015.0,18.25,4.347826086956519,0.07854739245448511
20210601,05148,CRIOLLA,318.0,24.0,98.0,4.08,92.45283018867924,0.0019172215343809566
20210601,05148,PASTUSA_SUPREMA,133.0,132.0,2880.0,21.82,0.7518796992481258,0.05634283692874648
20210601,05206,PASTUSA_SUPREMA,35.0,35.0,525.0,15.0,0.0,0.01027082964846941
20210601,05237,PASTUSA_SUPREMA,50.0,50.0,1474.0,29.48,0.0,0.028836576955893166
20210601,05264,PASTUSA_SUPREMA,350.0,330.0,9900.0,30.0,5.714285714285716,0.19367850194256603
20210601,05266,PASTUSA_SUPREMA,5.0,5.0,105.0,21.0,0.0,0.002054165929693882
20210601,05306,PASTUSA_SUPREMA,1.0,1.0,19.0,19.0,0.0,0.00037170621584936916
20210601,05308,CRIOLLA,6.0,5.5,28.05,5.1,8.333333333333337,0.0005487557555039371
20210601,05308,PASTUSA_SUPREMA,6.0,5.5,44.0,8.0,8.333333333333337,0.0008607933419669602
20210601,05313,PASTUSA_SUPREMA,5.0,5.0,26.0,5.2,0.0,0.0005086506111622946
20210601,05318,PASTUSA_SUPREMA,10.0,10.0,210.0,21.0,0.0,0.004108331859387764
20210601,05376,PASTUSA_SUPREMA,9.0,9.0,108.0,12.0,0.0,0.002112856384827993
20210601,05400,CRIOLLA,100.0,100.0,1250.0,12.5,0.0,0.02445435630587955
20210601,05400,PASTUSA_SUPREMA,565.0,565.0,8475.0,15.0,0.0,0.16580053575386333
20210601,05440,CRIOLLA,35.0,34.0,272.0,8.0,2.857142857142858,0.00532126793215939
20210601,05440,PASTUSA_SUPREMA,115.0,114.0,1083.0,9.5,0.8695652173912993,0.021187254303414043
20210601,05541,PASTUSA_SUPREMA,23.0,21.0,420.0,20.0,8.695652173913048,0.008216663718775528
20210601,05607,PASTUSA_SUPREMA,51.0,50.0,500.0,10.0,1.9607843137254943,0.00978174252235182
20210601,05615,PASTUSA_SUPREMA,10.0,10.0,140.0,14.0,0.0,0.0027388879062585094
20210601,05647,PASTUSA_SUPREMA,20.0,20.0,300.0,15.0,0.0,0.005869045513411092
20210601,05658,PASTUSA_SUPREMA,5.0,5.0,100.0,20.0,0.0,0.001956348504470364
20210601,05664,CRIOLLA,45.0,45.0,405.0,9.0,0.0,0.007923211443104974
20210601,05664,PASTUSA_SUPREMA,375.0,375.0,11250.0,30.0,0.0,0.22008920675291593
20210601,05674,PASTUSA_SUPREMA,550.0,550.0,12100.0,22.0,0.0,0.23671816904091403
20210601,05686,CRIOLLA,48.0,48.0,384.0,8.0,0.0,0.007512378257166197
20210601,05686,PASTUSA_SUPREMA,625.0,625.0,13750.0,22.0,0.0,0.26899791936467504
20210601,05697,CRIOLLA,70.0,70.0,840.0,12.0,0.0,0.016433327437551055
20210601,05697,PASTUSA_SUPREMA,90.0,90.0,1350.0,15.0,0.0,0.026410704810349912
20210601,05756,CRIOLLA,95.0,94.0,1222.0,13.0,1.0526315789473717,0.02390657872462785
20210601,05756,PASTUSA_SUPREMA,50.0,50.0,800.0,16.0,0.0,0.015650788035762912
20210601,05847,CRIOLLA,4.5,4.5,36.0,8.0,0.0,0.000704285461609331
20210601,05847,PASTUSA_SUPREMA,5.0,5.0,150.0,30.0,0.0,0.002934522756705546
20210601,05887,PASTUSA_SUPREMA,60.0,59.0,1126.9,19.1,1.6666666666666718,0.02204609129687653
20210601,15001,CRIOLLA,200.0,200.0,2000.0,10.0,0.0,0.03912697008940728
20210601,15001,PASTUSA_SUPREMA,1500.0,1500.0,30000.0,20.0,0.0,0.5869045513411092
20210601,15047,CRIOLLA,26.0,25.0,200.0,8.0,3.8461538461538436,0.003912697008940728
20210601,15047,PASTUSA_SUPREMA,125.0,120.0,1440.0,12.0,4.0000000000000036,0.02817141846437324
20210601,15051,PASTUSA_SUPREMA,1300.0,1300.0,26000.0,20.0,0.0,0.5086506111622946
20210601,15087,CRIOLLA,40.0,38.0,546.0,14.37,5.000000000000004,0.010681662834408186
20210601,15087,PASTUSA_SUPREMA,360.0,350.0,5678.0,16.22,2.777777777777779,0.11108146808382727
20210601,15092,CRIOLLA,3.0,3.0,36.0,12.0,0.0,0.000704285461609331
20210601,15092,PASTUSA_SUPREMA,12.0,12.0,201.0,16.75,0.0,0.0039322604939854315
20210601,15104,PASTUSA_SUPREMA,280.0,280.0,5600.0,20.0,0.0,0.10955551625034038
20210601,15109,PASTUSA_SUPREMA,20.0,20.0,693.8,34.69,0.0,0.013573145924015385
20210601,15131,CRIOLLA,110.0,110.0,1430.0,13.0,0.0,0.027975783613926206
20210601,15131,PASTUSA_SUPREMA,110.0,110.0,2090.0,19.0,0.0,0.0408876837434306
20210601,15162,PASTUSA_SUPREMA,75.0,72.0,720.0,10.0,4.0000000000000036,0.01408570923218662
20210601,15172,PASTUSA_SUPREMA,6.0,5.0,85.0,17.0,16.666666666666664,0.0016628962287998093
20210601,15176,CRIOLLA,50.0,50.0,150.0,3.0,0.0,0.002934522756705546
20210601,15176,PASTUSA_SUPREMA,300.0,300.0,3600.0,12.0,0.0,0.0704285461609331
20210601,15180,PASTUSA_SUPREMA,90.0,80.0,1440.0,18.0,11.111111111111116,0.02817141846437324
20210601,15183,PASTUSA_SUPREMA,30.0,27.0,324.0,12.0,9.999999999999998,0.006338569154483979
20210601,15187,PASTUSA_SUPREMA,15.0,15.0,450.0,30.0,0.0,0.008803568270116637
20210601,15189,PASTUSA_SUPREMA,260.0,260.0,3120.0,12.0,0.0,0.061038073339475356
20210601,15204,PASTUSA_SUPREMA,520.0,520.0,10400.0,20.0,0.0,0.20346024446491784
20210601,15215,PASTUSA_SUPREMA,7.0,7.0,154.0,22.0,0.0,0.0030127766968843605
20210601,15224,PASTUSA_SUPREMA,70.0,70.0,1400.0,20.0,0.0,0.027388879062585095
20210601,15226,CRIOLLA,3.0,3.0,30.0,10.0,0.0,0.0005869045513411092
20210601,15226,PASTUSA_SUPREMA,20.0,19.0,380.0,20.0,5.000000000000004,0.007434124316987383
20210601,15232,CRIOLLA,20.0,18.0,180.0,10.0,9.999999999999998,0.003521427308046655
20210601,15232,PASTUSA_SUPREMA,710.0,690.0,13800.0,20.0,2.8169014084507005,0.2699760936169102
20210601,15236,PASTUSA_SUPREMA,7.0,7.0,105.0,15.0,0.0,0.002054165929693882
20210601,15238,CRIOLLA,3.0,2.91,46.56,16.0,2.9999999999999916,0.0009108758636814015
20210601,15238,PASTUSA_SUPREMA,12.0,12.0,216.0,18.0,0.0,0.004225712769655986
20210601,15244,PASTUSA_SUPREMA,150.0,140.0,1260.0,9.0,6.666666666666665,0.024649991156326587
20210601,15248,PASTUSA_SUPREMA,18.0,18.0,180.0,10.0,0.0,0.003521427308046655
20210601,15272,PASTUSA_SUPREMA,130.0,130.0,1952.0,15.02,0.0,0.03818792280726151
20210601,15293,PASTUSA_SUPREMA,100.0,90.0,1350.0,15.0,9.999999999999998,0.026410704810349912
20210601,15296,PASTUSA_SUPREMA,155.0,155.0,1860.0,12.0,0.0,0.03638808218314877
20210601,15299,PASTUSA_SUPREMA,4.0,3.0,21.0,7.0,25.0,0.0004108331859387764
20210601,15317,PASTUSA_SUPREMA,35.0,33.0,330.0,10.0,5.714285714285716,0.006455950064752201
20210601,15332,CRIOLLA,4.0,4.0,36.0,9.0,0.0,0.000704285461609331
20210601,15332,PASTUSA_SUPREMA,16.0,16.0,208.0,13.0,0.0,0.004069204889298357
20210601,15367,PASTUSA_SUPREMA,350.0,350.0,6650.0,19.0,0.0,0.1300971755472792
20210601,15368,PASTUSA_SUPREMA,200.0,193.0,3474.0,18.0,3.500000000000003,0.06796354704530044
20210601,15403,CRIOLLA,4.0,4.0,72.0,18.0,0.0,0.001408570923218662
20210601,15403,PASTUSA_SUPREMA,11.0,11.0,275.0,25.0,0.0,0.005379958387293501
20210601,15407,PASTUSA_SUPREMA,120.0,120.0,2300.0,19.17,0.0,0.04499601560281837
20210601,15425,PASTUSA_SUPREMA,3.0,3.0,50.0,16.67,0.0,0.000978174252235182
20210601,15442,PASTUSA_SUPREMA,9.0,9.0,148.5,16.5,0.0,0.0029051775291384905
20210601,15464,PASTUSA_SUPREMA,42.0,40.0,480.0,12.0,4.761904761904767,0.009390472821457748
20210601,15466,CRIOLLA,10.0,10.0,120.0,12.0,0.0,0.002347618205364437
20210601,15466,PASTUSA_SUPREMA,60.0,60.0,1200.0,20.0,0.0,0.02347618205364437
20210601,15476,CRIOLLA,4.0,4.0,40.0,10.0,0.0,0.0007825394017881456
20210601,15476,PASTUSA_SUPREMA,500.0,480.0,7200.0,15.0,4.0000000000000036,0.1408570923218662
20210601,15491,PASTUSA_SUPREMA,40.0,40.0,960.0,24.0,0.0,0.018780945642915495
20210601,15494,PASTUSA_SUPREMA,205.0,205.0,2870.0,14.0,0.0,0.056147202078299444
20210601,15500,PASTUSA_SUPREMA,76.0,76.0,1520.0,20.0,0.0,0.02973649726794953
20210601,15511,PASTUSA_SUPREMA,9.0,8.0,48.0,6.0,11.111111111111116,0.0009390472821457747
20210601,15516,PASTUSA_SUPREMA,28.0,28.0,252.0,9.0,0.0,0.004929998231265317
20210601,15522,PASTUSA_SUPREMA,15.0,15.0,345.0,23.0,0.0,0.006749402340422756
20210601,15531,CRIOLLA,10.0,10.0,70.0,7.0,0.0,0.0013694439531292547
20210601,15531,PASTUSA_SUPREMA,10.0,10.0,150.0,15.0,0.0,0.002934522756705546
20210601,15537,PASTUSA_SUPREMA,10.0,5.0,60.0,12.0,50.0,0.0011738091026822185
20210601,15542,PASTUSA_SUPREMA,80.0,80.0,2400.0,30.0,0.0,0.04695236410728874
20210601,15599,CRIOLLA,15.0,14.0,252.0,18.0,6.666666666666665,0.004929998231265317
20210601,15599,PASTUSA_SUPREMA,125.0,122.0,2318.0,19.0,2.400000000000002,0.04534815833362304
20210601,15600,PASTUSA_SUPREMA,270.0,270.0,3510.0,13.0,0.0,0.06866783250690978
20210601,15621,PASTUSA_SUPREMA,6.0,6.0,60.0,10.0,0.0,0.0011738091026822185
20210601,15632,CRIOLLA,730.0,720.0,7200.0,10.0,1.3698630136986356,0.1408570923218662
20210601,15632,PASTUSA_SUPREMA,2550.0,2450.0,44100.0,18.0,3.9215686274509776,0.8627496904714305
20210601,15646,PASTUSA_SUPREMA,700.0,665.0,17855.0,26.85,5.000000000000004,0.34930602547318346
20210601,15676,CRIOLLA,8.0,7.0,133.0,19.0,12.5,0.0026019435109455842
20210601,15676,PASTUSA_SUPREMA,30.0,27.0,675.0,25.0,9.999999999999998,0.013205352405174956
20210601,15693,CRIOLLA,25.0,25.0,350.0,14.0,0.0,0.006847219765646274
20210601,15693,PASTUSA_SUPREMA,40.0,40.0,600.0,15.0,0.0,0.011738091026822184
20210601,15723,PASTUSA_SUPREMA,1.0,0.5,5.0,10.0,50.0,9.78174252235182e-05
20210601,15740,CRIOLLA,50.0,50.0,600.0,12.0,0.0,0.011738091026822184
20210601,15740,PASTUSA_SUPREMA,3500.0,3500.0,70000.0,20.0,0.0,1.3694439531292548
20210601,15755,CRIOLLA,4.0,4.0,48.56,12.14,0.0,0.0009500028337708087
20210601,15755,PASTUSA_SUPREMA,210.0,210.0,5940.0,28.29,0.0,0.11620710116553962
20210601,15757,PASTUSA_SUPREMA,27.0,27.0,400.0,14.81,0.0,0.007825394017881456
20210601,15759,CRIOLLA,2.0,1.5,13.5,9.0,25.0,0.00026410704810349913
20210601,15759,PASTUSA_SUPREMA,220.0,200.0,3000.0,15.0,9.090909090909093,0.05869045513411092
20210601,15761,PASTUSA_SUPREMA,3.0,3.0,36.0,12.0,0.0,0.000704285461609331
20210601,15762,PASTUSA_SUPREMA,200.0,200.0,3000.0,15.0,0.0,0.05869045513411092
20210601,15763,PASTUSA_SUPREMA,50.0,50.0,1350.0,27.0,0.0,0.026410704810349912
20210601,15764,CRIOLLA,550.0,545.0,10355.0,19.0,0.9090909090909038,0.2025798876379062
20210601,15764,PASTUSA_SUPREMA,600.0,590.0,16520.0,28.0,1.6666666666666718,0.3231887729385041
20210601,15774,PASTUSA_SUPREMA,31.0,31.0,744.0,24.0,0.0,0.014555232873259508
20210601,15776,PASTUSA_SUPREMA,73.2,73.2,1024.8,14.0,0.0,0.020048659473812288
20210601,15790,CRIOLLA,3.0,2.9,35.21,12.14,3.3333333333333326,0.0006888303084240151
20210601,15790,PASTUSA_SUPREMA,25.0,24.6,533.82,21.7,1.5999999999999903,0.010443379586563696
20210601,15804,PASTUSA_SUPREMA,42.0,42.0,756.0,18.0,0.0,0.014789994693795952
20210601,15806,PASTUSA_SUPREMA,35.0,35.0,1050.0,30.0,0.0,0.02054165929693882
20210601,15808,CRIOLLA,2.0,2.0,18.0,9.0,0.0,0.0003521427308046655
20210601,15808,PASTUSA_SUPREMA,9.0,8.0,120.0,15.0,11.111111111111116,0.002347618205364437
20210601,15814,PASTUSA_SUPREMA,900.0,900.0,16200.0,18.0,0.0,0.316928457724199
20210601,15820,PASTUSA_SUPREMA,27.0,27.0,486.0,18.0,0.0,0.009507853731725968
20210601,15822,PASTUSA_SUPREMA,300.0,280.0,5880.0,21.0,6.666666666666665,0.1150332920628574
20210601,15835,PASTUSA_SUPREMA,250.0,250.0,5500.0,22.0,0.0,0.10759916774587001
20210601,15837,PASTUSA_SUPREMA,40.0,40.0,880.0,22.0,0.0,0.017215866839339202
20210601,15839,CRIOLLA,39.0,36.0,586.8,16.3,7.692307692307687,0.011479853024232095
20210601,15839,PASTUSA_SUPREMA,470.0,445.0,8677.5,19.5,5.319148936170215,0.16976214147541582
20210601,15842,CRIOLLA,6.0,6.0,78.0,13.0,0.0,0.001525951833486884
20210601,15842,PASTUSA_SUPREMA,700.0,699.0,13281.0,19.0,0.14285714285714457,0.25982264487870904
20210601,15861,CRIOLLA,100.0,100.0,1600.0,16.0,0.0,0.031301576071525825
20210601,15861,PASTUSA_SUPREMA,2100.0,2100.0,62500.0,29.76,0.0,1.2227178152939775
20210601,15879,CRIOLLA,32.3,24.5,349.0,14.24,24.148606811145502,0.00682765628060157
20210601,15879,PASTUSA_SUPREMA,518.0,388.0,5615.0,14.47,25.096525096525102,0.10984896852601093
20210601,17001,PASTUSA_SUPREMA,193.0,193.0,2509.0,13.0,0.0,0.04908478397716143
20210601,17653,PASTUSA_SUPREMA,55.0,55.0,880.0,16.0,0.0,0.017215866839339202
20210601,17873,PASTUSA_SUPREMA,117.0,116.0,1392.0,12.0,0.8547008547008517,0.027232371182227467
20210601,19001,CRIOLLA,2.0,2.0,3.0,1.5,0.0,5.8690455134110916e-05
20210601,19001,PASTUSA_SUPREMA,3.0,3.0,3.0,1.0,0.0,5.8690455134110916e-05
20210601,19022,PASTUSA_SUPREMA,100.0,100.0,601.0,6.01,0.0,0.011757654511866887
20210601,19364,CRIOLLA,15.0,15.0,45.9,3.06,0.0,0.000897963963551897
20210601,19397,PASTUSA_SUPREMA,70.0,68.0,460.0,6.76,2.857142857142858,0.008999203120563674
20210601,19517,PASTUSA_SUPREMA,81.31,74.8,1047.29,14.0,8.006395277333667,0.020488642252467673
20210601,19585,PASTUSA_SUPREMA,750.0,623.0,13083.0,21.0,16.933333333333334,0.25594907483985774
20210601,19622,PASTUSA_SUPREMA,4.5,4.0,30.0,7.5,11.111111111111116,0.0005869045513411092
20210601,19693,PASTUSA_SUPREMA,260.0,260.0,4420.0,17.0,0.0,0.08647060389759009
20210601,19701,CRIOLLA,2.5,2.3,48.53,21.1,8.000000000000007,0.0009494159292194677
20210601,19701,PASTUSA_SUPREMA,2.5,2.4,48.53,20.22,4.0000000000000036,0.0009494159292194677
20210601,19743,PASTUSA_SUPREMA,120.0,116.0,2784.0,24.0,3.3333333333333326,0.054464742364454935
20210601,19760,PASTUSA_SUPREMA,145.0,145.0,2610.0,18.0,0.0,0.0510606959666765
20210601,19821,CRIOLLA,6.0,6.0,54.0,9.0,0.0,0.0010564281924139965
20210601,19821,PASTUSA_SUPREMA,7.0,7.0,112.0,16.0,0.0,0.0021911103250068075
20210601,19824,CRIOLLA,80.0,79.0,1896.0,24.0,1.2499999999999956,0.0370923676447581
20210601,19824,PASTUSA_SUPREMA,900.0,880.0,24640.0,28.0,2.2222222222222254,0.48204427150149765
20210601,25019,PASTUSA_SUPREMA,5.0,4.0,60.0,15.0,19.999999999999996,0.0011738091026822185
20210601,25053,PASTUSA_SUPREMA,18.0,17.0,396.0,23.29,5.555555555555558,0.007747140077702641
20210601,25099,CRIOLLA,90.0,90.0,1980.0,22.0,0.0,0.038735700388513206
20210601,25099,PASTUSA_SUPREMA,120.0,120.0,2100.0,17.5,0.0,0.04108331859387764
20210601,25120,PASTUSA_SUPREMA,20.0,19.0,285.0,15.0,5.000000000000004,0.0055755932377405375
20210601,25126,PASTUSA_SUPREMA,23.3,21.1,358.7,17.0,9.442060085836912,0.007017422085535196
20210601,25151,CRIOLLA,60.0,59.0,885.0,15.0,1.6666666666666718,0.017313684264562722
20210601,25151,PASTUSA_SUPREMA,79.0,77.0,1617.0,21.0,2.5316455696202556,0.031634155317285785
20210601,25154,CRIOLLA,30.0,15.0,225.0,15.0,50.0,0.004401784135058318
20210601,25154,PASTUSA_SUPREMA,600.0,520.0,7800.0,15.0,13.33333333333333,0.15259518334868838
20210601,25175,PASTUSA_SUPREMA,20.0,20.0,360.0,18.0,0.0,0.00704285461609331
20210601,25178,PASTUSA_SUPREMA,35.0,35.0,700.0,20.0,0.0,0.013694439531292547
20210601,25181,CRIOLLA,100.0,100.0,1400.0,14.0,0.0,0.027388879062585095
20210601,25181,PASTUSA_SUPREMA,20.0,18.0,216.0,12.0,9.999999999999998,0.004225712769655986
20210601,25183,CRIOLLA,19.0,19.0,342.0,18.0,0.0,0.006690711885288645
20210601,25183,PASTUSA_SUPREMA,681.0,681.0,25197.0,37.0,0.0,0.4929411326713976
20210601,25200,PASTUSA_SUPREMA,500.0,480.0,9601.0,20.0,4.0000000000000036,0.18782901991419965
20210601,25214,PASTUSA_SUPREMA,5.5,5.5,143.0,26.0,0.0,0.0027975783613926205
20210601,25224,CRIOLLA,14.0,14.0,259.0,18.5,0.0,0.005066942626578243
20210601,25224,PASTUSA_SUPREMA,130.0,130.0,2550.0,19.62,0.0,0.04988688686399428
20210601,25260,CRIOLLA,278.0,277.0,4709.0,17.0,0.3597122302158251,0.09212445107550944
20210601,25260,PASTUSA_SUPREMA,420.0,419.0,10056.0,24.0,0.23809523809523725,0.1967304056095398
20210601,25269,CRIOLLA,98.0,98.0,1666.0,17.0,0.0,0.03259276608447626
20210601,25269,PASTUSA_SUPREMA,330.0,330.0,7260.0,22.0,0.0,0.1420309014245484
20210601,25281,CRIOLLA,450.0,450.0,6435.0,14.3,0.0,0.12589102626266793
20210601,25281,PASTUSA_SUPREMA,375.0,375.0,8255.5,22.01,0.0,0.1615063507865509
20210601,25286,PASTUSA_SUPREMA,260.0,254.0,7105.0,27.97,2.3076923076923106,0.13899856124261936
20210601,25288,CRIOLLA,10.0,10.0,200.0,20.0,0.0,0.003912697008940728
20210601,25288,PASTUSA_SUPREMA,100.0,100.0,2000.0,20.0,0.0,0.03912697008940728
20210601,25293,PASTUSA_SUPREMA,2.0,2.0,20.0,10.0,0.0,0.0003912697008940728
20210601,25295,PASTUSA_SUPREMA,5.0,5.0,100.0,20.0,0.0,0.001956348504470364
20210601,25297,PASTUSA_SUPREMA,13.0,10.0,180.0,18.0,23.076923076923073,0.003521427308046655
20210601,25299,PASTUSA_SUPREMA,8.0,6.0,120.0,20.0,25.0,0.002347618205364437
20210601,25312,CRIOLLA,19.0,16.0,240.0,15.0,15.789473684210531,0.004695236410728874
20210601,25312,PASTUSA_SUPREMA,60.0,53.0,1060.0,20.0,11.66666666666667,0.020737294147385857
20210601,25317,CRIOLLA,17.0,16.0,256.0,16.0,5.882352941176472,0.005008252171444132
20210601,25317,PASTUSA_SUPREMA,270.0,260.0,5200.0,20.0,3.703703703703709,0.10173012223245892
20210601,25322,CRIOLLA,22.0,20.0,300.0,15.0,9.090909090909093,0.005869045513411092
20210601,25322,PASTUSA_SUPREMA,130.0,130.0,2860.0,22.0,0.0,0.05595156722785241
20210601,25326,CRIOLLA,56.0,55.0,935.0,17.0,1.7857142857142905,0.018291858516797904
20210601,25326,PASTUSA_SUPREMA,810.0,800.0,17600.0,22.0,1.2345679012345734,0.34431733678678406
20210601,25339,PASTUSA_SUPREMA,60.0,59.0,1180.0,20.0,1.6666666666666718,0.023084912352750293
20210601,25372,PASTUSA_SUPREMA,30.0,30.0,450.0,15.0,0.0,0.008803568270116637
20210601,25377,CRIOLLA,95.0,92.0,2024.0,22.0,3.157894736842104,0.039596493730480166
20210601,25377,PASTUSA_SUPREMA,760.0,757.0,18925.0,25.0,0.39473684210525883,0.3702389544710164
20210601,25407,CRIOLLA,25.0,25.0,350.0,14.0,0.0,0.006847219765646274
20210601,25407,PASTUSA_SUPREMA,470.0,470.0,7990.0,17.0,0.0,0.1563122455071821
20210601,25426,CRIOLLA,23.0,21.5,301.0,14.0,6.521739130434778,0.0058886089984557955
20210601,25426,PASTUSA_SUPREMA,173.0,152.0,2584.0,17.0,12.138728323699421,0.050552045355514205
20210601,25430,PASTUSA_SUPREMA,443.9,430.6,10334.4,24.0,2.9961703086280544,0.20217687984598529
20210601,25436,PASTUSA_SUPREMA,28.0,27.0,486.0,18.0,3.57142857142857,0.009507853731725968
20210601,25473,PASTUSA_SUPREMA,190.0,190.0,5510.0,29.0,0.0,0.10779480259631705
20210601,25513,CRIOLLA,260.0,210.0,3150.0,15.0,19.23076923076923,0.06162497789081647
20210601,25513,PASTUSA_SUPREMA,145.0,120.0,2880.0,24.0,17.24137931034483,0.05634283692874648
20210601,25535,PASTUSA_SUPREMA,1200.0,800.0,20000.0,25.0,33.333333333333336,0.3912697008940728
20210601,25594,CRIOLLA,8.0,8.0,112.0,14.0,0.0,0.0021911103250068075
20210601,25594,PASTUSA_SUPREMA,18.0,18.0,252.0,14.0,0.0,0.004929998231265317
20210601,25649,PASTUSA_SUPREMA,12.0,12.0,252.0,21.0,0.0,0.004929998231265317
20210601,25653,CRIOLLA,30.0,30.0,540.0,18.0,0.0,0.010564281924139966
20210601,25653,PASTUSA_SUPREMA,1020.0,1020.0,20400.0,20.0,0.0,0.3990950949119542
20210601,25736,CRIOLLA,30.0,26.0,390.0,15.0,13.33333333333333,0.0076297591674344195
20210601,25736,PASTUSA_SUPREMA,1000.0,950.0,33250.0,35.0,5.000000000000004,0.650485877736396
20210601,25740,CRIOLLA,512.0,512.0,12800.0,25.0,0.0,0.2504126085722066
20210601,25740,PASTUSA_SUPREMA,676.0,676.0,16224.0,24.0,0.0,0.31739798136527186
20210601,25745,PASTUSA_SUPREMA,70.0,70.0,1600.0,22.86,0.0,0.031301576071525825
20210601,25754,CRIOLLA,35.0,32.0,640.0,20.0,8.571428571428575,0.012520630428610329
20210601,25754,PASTUSA_SUPREMA,420.0,400.0,8050.0,20.12,4.761904761904767,0.15748605460986428
20210601,25758,PASTUSA_SUPREMA,25.0,25.0,525.0,21.0,0.0,0.01027082964846941
20210601,25769,CRIOLLA,70.0,70.0,1260.0,18.0,0.0,0.024649991156326587
20210601,25769,PASTUSA_SUPREMA,190.0,190.0,4750.0,25.0,0.0,0.09292655396234228
20210601,25772,CRIOLLA,8.0,8.0,160.0,20.0,0.0,0.0031301576071525823
20210601,25772,PASTUSA_SUPREMA,1000.0,1000.0,20000.0,20.0,0.0,0.3912697008940728
20210601,25779,CRIOLLA,40.0,40.0,620.0,15.5,0.0,0.012129360727716256
20210601,25779,PASTUSA_SUPREMA,415.0,415.0,8000.0,19.28,0.0,0.1565078803576291
20210601,25781,PASTUSA_SUPREMA,120.0,110.0,2255.0,20.5,8.333333333333337,0.044115658775806706
20210601,25785,CRIOLLA,8.0,6.5,124.0,19.08,18.75,0.0024258721455432514
20210601,25785,PASTUSA_SUPREMA,85.0,80.0,2050.0,25.62,5.882352941176472,0.04010514434164246
20210601,25793,CRIOLLA,95.0,92.0,1288.0,14.0,3.157894736842104,0.02519776873757829
20210601,25793,PASTUSA_SUPREMA,7590.0,7440.0,133920.0,18.0,1.9762845849802368,2.6199419171867113
20210601,25799,CRIOLLA,5.0,5.0,75.0,15.0,0.0,0.001467261378352773
20210601,25799,PASTUSA_SUPREMA,180.0,150.0,3000.0,20.0,16.666666666666664,0.05869045513411092
20210601,25807,PASTUSA_SUPREMA,300.0,280.0,3986.0,14.24,6.666666666666665,0.07798005138818871
20210601,25817,PASTUSA_SUPREMA,6.0,6.0,114.0,19.0,0.0,0.0022302372950962148
20210601,25843,CRIOLLA,20.0,20.0,300.0,15.0,0.0,0.005869045513411092
20210601,25843,PASTUSA_SUPREMA,550.0,530.0,10600.0,20.0,3.6363636363636376,0.20737294147385857
20210601,25845,CRIOLLA,250.0,250.0,5000.0,20.0,0.0,0.0978174252235182
20210601,25845,PASTUSA_SUPREMA,700.0,700.0,17500.0,25.0,0.0,0.3423609882823137
20210601,25873,CRIOLLA,21.0,14.7,178.45,12.14,30.000000000000004,0.0034911039062273646
20210601,25873,PASTUSA_SUPREMA,5637.0,5509.0,137614.82,24.98,2.2707113712967852,2.692225472999583
20210601,25898,CRIOLLA,255.0,248.0,5704.0,23.0,2.7450980392156876,0.11159011869498955
20210601,25898,PASTUSA_SUPREMA,167.0,160.0,3840.0,24.0,4.191616766467066,0.07512378257166198
20210601,25899,CRIOLLA,180.0,180.0,3240.0,18.0,0.0,0.06338569154483979
20210601,25899,PASTUSA_SUPREMA,1900.0,1900.0,47500.0,25.0,0.0,0.9292655396234228
20210601,41001,PASTUSA_SUPREMA,3.0,1.0,10.0,10.0,66.66666666666667,0.0001956348504470364
20210601,41020,PASTUSA_SUPREMA,1.0,1.0,1.0,1.0,0.0,1.956348504470364e-05
20210601,41206,PASTUSA_SUPREMA,4.0,4.0,20.4,5.1,0.0,0.00039909509491195425
20210601,41359,PASTUSA_SUPREMA,2.0,2.0,10.0,5.0,0.0,0.0001956348504470364
20210601,41396,PASTUSA_SUPREMA,3.0,3.0,21.0,7.0,0.0,0.0004108331859387764
20210601,41668,PASTUSA_SUPREMA,3.0,3.0,15.0,5.0,0.0,0.0002934522756705546
20210601,52001,CRIOLLA,130.0,130.0,2340.0,18.0,0.0,0.045778555004606515
20210601,52001,PASTUSA_SUPREMA,4900.0,4900.0,122500.0,25.0,0.0,2.3965269179761957
20210601,52022,PASTUSA_SUPREMA,180.0,180.0,1800.0,10.0,0.0,0.03521427308046655
20210601,52036,CRIOLLA,2.0,2.0,22.0,11.0,0.0,0.0004303966709834801
20210601,52036,PASTUSA_SUPREMA,25.0,25.0,300.0,12.0,0.0,0.005869045513411092
20210601,52083,PASTUSA_SUPREMA,9.0,8.0,56.0,7.0,11.111111111111116,0.0010955551625034038
20210601,52110,PASTUSA_SUPREMA,15.0,14.0,112.0,8.0,6.666666666666665,0.0021911103250068075
20210601,52210,PASTUSA_SUPREMA,440.0,440.0,8800.0,20.0,0.0,0.17215866839339203
20210601,52215,CRIOLLA,55.0,55.0,660.0,12.0,0.0,0.012911900129504402
20210601,52215,PASTUSA_SUPREMA,400.0,400.0,7908.0,19.77,0.0,0.15470803973351638
20210601,52224,CRIOLLA,42.0,41.0,451.0,11.0,2.3809523809523836,0.008823131755161341
20210601,52224,PASTUSA_SUPREMA,390.0,385.0,6160.0,16.0,1.2820512820512775,0.12051106787537441
20210601,52227,CRIOLLA,22.0,22.0,176.0,8.0,0.0,0.0034431733678678407
20210601,52227,PASTUSA_SUPREMA,400.0,400.0,7200.0,18.0,0.0,0.1408570923218662
20210601,52240,PASTUSA_SUPREMA,3.0,3.0,54.0,18.0,0.0,0.0010564281924139965
20210601,52258,PASTUSA_SUPREMA,6.0,5.0,50.0,10.0,16.666666666666664,0.000978174252235182
20210601,52287,PASTUSA_SUPREMA,160.0,160.0,1840.0,11.5,0.0,0.0359968124822547
20210601,52317,CRIOLLA,20.0,19.0,342.0,18.0,5.000000000000004,0.006690711885288645
20210601,52317,PASTUSA_SUPREMA,470.0,446.5,8930.0,20.0,5.000000000000004,0.1747019214492035
20210601,52320,CRIOLLA,12.0,12.0,192.0,16.0,0.0,0.0037561891285830987
20210601,52320,PASTUSA_SUPREMA,50.0,50.0,1200.0,24.0,0.0,0.02347618205364437
20210601,52323,CRIOLLA,15.0,15.0,135.0,9.0,0.0,0.0026410704810349915
20210601,52323,PASTUSA_SUPREMA,500.0,500.0,12500.0,25.0,0.0,0.2445435630587955
20210601,52352,CRIOLLA,25.0,20.0,140.0,7.0,19.999999999999996,0.0027388879062585094
20210601,52352,PASTUSA_SUPREMA,500.0,460.0,8050.0,17.5,7.9999999999999964,0.15748605460986428
20210601,52354,CRIOLLA,27.0,25.0,330.0,13.2,7.4074074074074066,0.006455950064752201
20210601,52354,PASTUSA_SUPREMA,355.0,352.0,7392.0,21.0,0.8450704225352101,0.1446132814504493
20210601,52356,CRIOLLA,80.0,75.0,675.0,9.0,6.25,0.013205352405174956
20210601,52356,PASTUSA_SUPREMA,1000.0,997.0,17946.0,18.0,0.30000000000000027,0.3510863026122515
20210601,52378,PASTUSA_SUPREMA,70.0,60.0,720.0,12.0,14.28571428571429,0.01408570923218662
20210601,52381,CRIOLLA,3.0,2.5,17.5,7.0,16.666666666666664,0.0003423609882823137
20210601,52381,PASTUSA_SUPREMA,7.0,6.5,45.5,7.0,7.14285714285714,0.0008901385695340156
20210601,52385,PASTUSA_SUPREMA,2.0,2.0,9.5,4.75,0.0,0.00018585310792468458
20210601,52435,PASTUSA_SUPREMA,53.0,53.0,551.2,10.4,0.0,0.010783392956640646
20210601,52480,CRIOLLA,8.0,8.0,80.0,10.0,0.0,0.0015650788035762911
20210601,52480,PASTUSA_SUPREMA,15.0,15.0,195.0,13.0,0.0,0.0038148795837172097
20210601,52506,PASTUSA_SUPREMA,750.0,750.0,18750.0,25.0,0.0,0.36681534458819326
20210601,52560,CRIOLLA,932.0,932.0,15378.0,16.5,0.0,0.30084727301745257
20210601,52560,PASTUSA_SUPREMA,3300.0,3300.0,70950.0,21.5,0.0,1.388029263921723
20210601,52565,PASTUSA_SUPREMA,10.0,10.0,100.0,10.0,0.0,0.001956348504470364
20210601,52573,CRIOLLA,85.0,85.0,850.0,10.0,0.0,0.016628962287998095
20210601,52573,PASTUSA_SUPREMA,200.0,200.0,4300.0,21.5,0.0,0.08412298569222565
20210601,52585,CRIOLLA,67.0,67.0,900.0,13.43,0.0,0.017607136540233274
20210601,52585,PASTUSA_SUPREMA,2000.0,2000.0,42000.0,21.0,0.0,0.8216663718775529
20210601,52678,PASTUSA_SUPREMA,32.8,31.2,527.28,16.9,4.8780487804877986,0.010315434394371334
20210601,52683,PASTUSA_SUPREMA,3.0,3.0,57.0,19.0,0.0,0.0011151186475481074
20210601,52685,PASTUSA_SUPREMA,12.0,11.0,134.0,12.18,8.333333333333337,0.0026215069959902877
20210601,52699,PASTUSA_SUPREMA,13.0,13.0,195.0,15.0,0.0,0.0038148795837172097
20210601,52720,CRIOLLA,12.0,12.0,120.0,10.0,0.0,0.002347618205364437
20210601,52720,PASTUSA_SUPREMA,650.0,650.0,14300.0,22.0,0.0,0.27975783613926203
20210601,52788,PASTUSA_SUPREMA,390.0,390.0,5850.0,15.0,0.0,0.11444638751151628
20210601,52838,CRIOLLA,303.0,303.0,4545.0,15.0,0.0,0.08891603952817805
20210601,52838,PASTUSA_SUPREMA,2805.0,2805.0,8484.0,3.02,0.0,0.16597660711926568
20210601,52885,PASTUSA_SUPREMA,240.0,240.0,6000.0,25.0,0.0,0.11738091026822184
20210601,54125,CRIOLLA,50.0,45.0,900.0,20.0,9.999999999999998,0.017607136540233274
20210601,54125,PASTUSA_SUPREMA,60.0,55.0,1210.0,22.0,8.333333333333337,0.023671816904091404
20210601,54174,CRIOLLA,50.0,48.0,741.0,15.44,4.0000000000000036,0.014496542418125397
20210601,54174,PASTUSA_SUPREMA,560.0,555.0,7500.0,13.51,0.8928571428571397,0.1467261378352773
20210601,54347,CRIOLLA,3.0,3.0,36.0,12.0,0.0,0.000704285461609331
20210601,54347,PASTUSA_SUPREMA,5.0,5.0,70.0,14.0,0.0,0.0013694439531292547
20210601,54377,CRIOLLA,4.0,4.0,60.0,15.0,0.0,0.0011738091026822185
20210601,54480,CRIOLLA,104.0,104.0,2080.0,20.0,0.0,0.04069204889298357
20210601,54480,PASTUSA_SUPREMA,60.0,60.0,1500.0,25.0,0.0,0.02934522756705546
20210601,54518,CRIOLLA,91.0,89.0,1157.0,13.0,2.197802197802201,0.02263495219672211
20210601,54518,PASTUSA_SUPREMA,146.0,144.0,2160.0,15.0,1.3698630136986356,0.042257127696559864
20210601,54743,CRIOLLA,170.0,170.0,3400.0,20.0,0.0,0.06651584915199238
20210601,54743,PASTUSA_SUPREMA,488.0,488.0,9760.0,20.0,0.0,0.19093961403630752
20210601,68020,PASTUSA_SUPREMA,90.0,90.0,1700.0,18.89,0.0,0.03325792457599619
20210601,68101,PASTUSA_SUPREMA,25.0,25.0,550.0,22.0,0.0,0.010759916774587002
20210601,68132,CRIOLLA,2.0,2.0,20.0,10.0,0.0,0.0003912697008940728
20210601,68162,PASTUSA_SUPREMA,270.0,270.0,5670.0,21.0,0.0,0.11092496020346963
20210601,68207,CRIOLLA,12.0,12.0,156.0,13.0,0.0,0.003051903666973768
20210601,68207,PASTUSA_SUPREMA,40.0,40.0,920.0,23.0,0.0,0.01799840624112735
20210601,68245,CRIOLLA,2.0,2.0,2.0,1.0,0.0,3.912697008940728e-05
20210601,68245,PASTUSA_SUPREMA,2.0,2.0,6.0,3.0,0.0,0.00011738091026822183
20210601,68264,PASTUSA_SUPREMA,86.0,86.0,516.0,6.0,0.0,0.010094758283067077
20210601,68298,PASTUSA_SUPREMA,8.0,8.0,56.0,7.0,0.0,0.0010955551625034038
20210601,68318,CRIOLLA,29.0,29.0,522.0,18.0,0.0,0.0102121391933353
20210601,68318,PASTUSA_SUPREMA,200.0,199.0,4378.0,22.0,0.5000000000000004,0.08564893752571254
20210601,68368,CRIOLLA,2.0,2.0,20.0,10.0,0.0,0.0003912697008940728
20210601,68377,PASTUSA_SUPREMA,3.0,2.0,60.0,30.0,33.333333333333336,0.0011738091026822185
20210601,68432,CRIOLLA,1.0,1.0,24.0,24.0,0.0,0.00046952364107288733
20210601,68468,PASTUSA_SUPREMA,16.0,15.0,300.0,20.0,6.25,0.005869045513411092
20210601,68502,PASTUSA_SUPREMA,65.0,65.0,1105.0,17.0,0.0,0.021617650974397523
20210601,68572,PASTUSA_SUPREMA,25.0,25.0,375.0,15.0,0.0,0.007336306891763865
20210601,68669,PASTUSA_SUPREMA,8.0,8.0,104.0,13.0,0.0,0.0020346024446491785
20210601,68773,PASTUSA_SUPREMA,2.5,2.5,50.0,20.0,0.0,0.000978174252235182
20210601,68820,PASTUSA_SUPREMA,75.0,75.0,1875.0,25.0,0.0,0.036681534458819325
20210601,68867,CRIOLLA,0.5,0.5,7.5,15.0,0.0,0.0001467261378352773
20210601,68867,PASTUSA_SUPREMA,5.0,5.0,100.0,20.0,0.0,0.001956348504470364
20210601,73043,PASTUSA_SUPREMA,105.0,105.0,1680.0,16.0,0.0,0.03286665487510211
20210601,73124,CRIOLLA,12.0,12.0,180.0,15.0,0.0,0.003521427308046655
20210601,73124,PASTUSA_SUPREMA,13.0,13.0,156.0,12.0,0.0,0.003051903666973768
20210601,73152,PASTUSA_SUPREMA,85.0,85.0,1530.0,18.0,0.0,0.029932132118396567
20210601,73347,PASTUSA_SUPREMA,156.0,156.0,2184.0,14.0,0.0,0.042726651337632746
20210601,73461,CRIOLLA,18.0,15.0,210.0,14.0,16.666666666666664,0.004108331859387764
20210601,73622,CRIOLLA,60.0,60.0,900.0,15.0,0.0,0.017607136540233274
20210601,73622,PASTUSA_SUPREMA,50.0,50.0,1000.0,20.0,0.0,0.01956348504470364
20210601,73686,CRIOLLA,1.0,1.0,12.0,12.0,0.0,0.00023476182053644367
20210601,73686,PASTUSA_SUPREMA,252.0,248.0,3100.0,12.5,1.5873015873015928,0.060646803638581284
20210601,73870,PASTUSA_SUPREMA,22.0,21.0,168.0,8.0,4.545454545454541,0.0032866654875102113
20210601,76111,PASTUSA_SUPREMA,7.0,7.0,22.0,3.14,0.0,0.0004303966709834801
20210601,76736,PASTUSA_SUPREMA,16.0,16.0,176.0,11.0,0.0,0.0034431733678678407
20210601,76834,PASTUSA_SUPREMA,235.0,230.0,3910.0,17.0,2.127659574468088,0.07649322652479124
20220601,05001,PASTUSA_SUPREMA,39.18,39.18,646.47,16.5,0.0,0.012517919705969176
20220601,05002,PASTUSA_SUPREMA,90.0,85.0,850.0,10.0,5.555555555555558,0.01645897218753198
20220601,05004,CRIOLLA,3.0,3.0,12.6,4.2,0.0,0.00024398005830929758
20220601,05004,PASTUSA_SUPREMA,2.0,0.8,3.28,4.1,60.0,6.351226914718223e-05
20220601,05079,PASTUSA_SUPREMA,25.0,24.0,172.8,7.2,4.0000000000000036,0.0033460122282417955
20220601,05086,PASTUSA_SUPREMA,200.0,150.0,2100.0,14.0,25.0,0.040663343051549596
20220601,05088,PASTUSA_SUPREMA,225.0,220.0,3674.0,16.7,2.2222222222222254,0.07114148684352058
20220601,05093,CRIOLLA,4.0,0.0,0.0,0.0,100.0,0.0
20220601,05148,CRIOLLA,300.0,270.0,2700.0,10.0,9.999999999999998,0.05228144106627806
20220601,05148,PASTUSA_SUPREMA,180.0,132.0,2904.0,22.0,26.66666666666667,0.05623159439128573
20220601,05206,PASTUSA_SUPREMA,45.0,37.0,481.0,13.0,17.777777777777782,0.00931384190847398
20220601,05237,CRIOLLA,1.2,1.0,10.0,10.0,16.666666666666664,0.00019363496691214094
20220601,05237,PASTUSA_SUPREMA,45.0,49.0,1225.0,25.0,0.0,0.023720283446737267
20220601,05264,PASTUSA_SUPREMA,560.0,350.0,10500.0,30.0,37.5,0.203316715257748
20220601,05266,PASTUSA_SUPREMA,10.0,5.0,105.0,21.0,50.0,0.00203316715257748
20220601,05308,CRIOLLA,6.0,5.5,154.0,28.0,8.333333333333337,0.0029819784904469705
20220601,05308,PASTUSA_SUPREMA,6.0,5.5,242.0,44.0,8.333333333333337,0.004685966199273811
20220601,05313,CRIOLLA,1.5,1.5,19.5,13.0,0.0,0.00037758818547867484
20220601,05313,PASTUSA_SUPREMA,5.0,6.5,113.75,17.5,0.0,0.002202597748625603
20220601,05318,PASTUSA_SUPREMA,6.0,6.0,108.0,18.0,0.0,0.002091257642651122
20220601,05376,PASTUSA_SUPREMA,9.0,9.0,108.0,12.0,0.0,0.002091257642651122
20220601,05400,CRIOLLA,75.0,100.0,1200.0,12.0,0.0,0.023236196029456913
20220601,05400,PASTUSA_SUPREMA,530.0,400.0,6400.0,16.0,24.52830188679245,0.12392637882377021
20220601,05440,PASTUSA_SUPREMA,160.0,158.0,1580.0,10.0,1.2499999999999956,0.030594324772118268
20220601,05541,PASTUSA_SUPREMA,21.0,20.3,365.4,18.0,3.3333333333333326,0.00707542169096963
20220601,05607,PASTUSA_SUPREMA,52.0,50.0,500.0,10.0,3.8461538461538436,0.009681748345607047
20220601,05615,PASTUSA_SUPREMA,7.0,7.0,98.0,14.0,0.0,0.0018976226757389813
20220601,05647,PASTUSA_SUPREMA,20.0,15.0,165.0,11.0,25.0,0.0031949769540503257
20220601,05658,PASTUSA_SUPREMA,11.0,0.0,0.0,0.0,100.0,0.0
20220601,05664,CRIOLLA,44.0,45.0,450.0,10.0,0.0,0.008713573511046343
20220601,05664,PASTUSA_SUPREMA,396.0,375.0,12375.0,33.0,5.303030303030298,0.23962327155377441
20220601,05674,PASTUSA_SUPREMA,600.0,500.0,12000.0,24.0,16.666666666666664,0.23236196029456913
20220601,05686,CRIOLLA,6.5,8.3,124.5,15.0,0.0,0.002410755338056155
20220601,05686,PASTUSA_SUPREMA,276.7,524.9,14172.3,27.0,0.0,0.2744252841568935
20220601,05697,CRIOLLA,60.0,60.0,720.0,12.0,0.0,0.013941717617674147
20220601,05697,PASTUSA_SUPREMA,50.0,50.0,900.0,18.0,0.0,0.017427147022092686
20220601,05756,CRIOLLA,150.0,95.0,1140.0,12.0,36.66666666666667,0.022074386227984067
20220601,05756,PASTUSA_SUPREMA,65.0,50.0,800.0,16.0,23.076923076923073,0.015490797352971276
20220601,05847,CRIOLLA,4.6,4.6,36.8,8.0,0.0,0.0007125766782366787
20220601,05847,PASTUSA_SUPREMA,5.0,4.5,135.0,30.0,9.999999999999998,0.0026140720533139026
20220601,05887,PASTUSA_SUPREMA,35.0,59.0,1298.0,22.0,0.0,0.025133818705195893
20220601,15001,CRIOLLA,210.0,203.0,2030.0,10.0,3.3333333333333326,0.03930789828316461
20220601,15001,PASTUSA_SUPREMA,1900.0,1620.0,32400.0,20.0,14.73684210526316,0.6273772927953366
20220601,15022,CRIOLLA,2.0,2.0,12.0,6.0,0.0,0.00023236196029456912
20220601,15022,PASTUSA_SUPREMA,5.0,0.0,0.0,0.0,100.0,0.0
20220601,15047,CRIOLLA,4.0,17.0,136.0,8.0,0.0,0.002633435550005117
20220601,15047,PASTUSA_SUPREMA,9.0,115.0,1150.0,10.0,0.0,0.02226802119489621
20220601,15051,PASTUSA_SUPREMA,1200.0,1240.0,31000.0,25.0,0.0,0.6002683974276369
20220601,15087,CRIOLLA,42.0,42.0,840.0,20.0,0.0,0.01626533722061984
20220601,15087,PASTUSA_SUPREMA,300.0,300.0,5400.0,18.0,0.0,0.10456288213255611
20220601,15092,CRIOLLA,7.0,7.0,56.0,8.0,0.0,0.0010843558147079892
20220601,15092,PASTUSA_SUPREMA,43.0,12.0,192.0,16.0,72.09302325581395,0.003717791364713106
20220601,15104,PASTUSA_SUPREMA,170.0,190.0,3800.0,20.0,0.0,0.07358128742661356
20220601,15109,PASTUSA_SUPREMA,23.0,19.0,380.0,20.0,17.391304347826086,0.007358128742661355
20220601,15114,PASTUSA_SUPREMA,7.0,7.0,63.0,9.0,0.0,0.001219900291546488
20220601,15131,CRIOLLA,140.0,125.0,1625.0,13.0,10.71428571428571,0.031465682123222906
20220601,15131,PASTUSA_SUPREMA,80.0,108.0,1944.0,18.0,0.0,0.0376426375677202
20220601,15162,PASTUSA_SUPREMA,50.0,72.0,720.0,10.0,0.0,0.013941717617674147
20220601,15172,PASTUSA_SUPREMA,4.0,5.0,75.0,15.0,0.0,0.001452262251841057
20220601,15176,CRIOLLA,60.0,50.0,800.0,16.0,16.666666666666664,0.015490797352971276
20220601,15176,PASTUSA_SUPREMA,250.0,230.0,5750.0,25.0,7.9999999999999964,0.11134010597448105
20220601,15180,PASTUSA_SUPREMA,60.0,80.0,1440.0,18.0,0.0,0.027883435235348294
20220601,15183,PASTUSA_SUPREMA,40.0,29.0,319.0,11.0,27.500000000000004,0.006176955444497296
20220601,15187,PASTUSA_SUPREMA,75.0,14.0,350.0,25.0,81.33333333333333,0.006777223841924933
20220601,15189,PASTUSA_SUPREMA,300.0,260.0,5200.0,20.0,13.33333333333333,0.10069018279431328
20220601,15204,PASTUSA_SUPREMA,800.0,520.0,10400.0,20.0,35.0,0.20138036558862657
20220601,15215,CRIOLLA,1.0,1.0,15.0,15.0,0.0,0.00029045245036821144
20220601,15215,PASTUSA_SUPREMA,5.0,5.0,115.0,23.0,0.0,0.002226802119489621
20220601,15224,PASTUSA_SUPREMA,120.0,100.0,2000.0,20.0,16.666666666666664,0.03872699338242819
20220601,15226,CRIOLLA,2.0,3.0,21.0,7.0,0.0,0.00040663343051549597
20220601,15226,PASTUSA_SUPREMA,21.0,20.0,240.0,12.0,4.761904761904767,0.004647239205891383
20220601,15232,CRIOLLA,35.0,35.0,350.0,10.0,0.0,0.006777223841924933
20220601,15232,PASTUSA_SUPREMA,550.0,640.0,12800.0,20.0,0.0,0.24785275764754042
20220601,15236,PASTUSA_SUPREMA,3.0,0.6,9.6,16.0,80.0,0.00018588956823565532
20220601,15238,CRIOLLA,4.0,3.8,68.4,18.0,5.000000000000004,0.0013244631736790441
20220601,15238,PASTUSA_SUPREMA,25.0,23.75,475.0,20.0,5.000000000000004,0.009197660928326695
20220601,15244,PASTUSA_SUPREMA,120.0,140.0,1260.0,9.0,0.0,0.02439800583092976
20220601,15248,PASTUSA_SUPREMA,24.0,18.0,216.0,12.0,25.0,0.004182515285302244
20220601,15272,PASTUSA_SUPREMA,80.0,120.0,1800.0,15.0,0.0,0.03485429404418537
20220601,15276,PASTUSA_SUPREMA,45.0,0.0,0.0,0.0,100.0,0.0
20220601,15293,PASTUSA_SUPREMA,105.0,90.0,1620.0,18.0,14.28571428571429,0.03136886463976683
20220601,15296,PASTUSA_SUPREMA,420.0,410.0,6150.0,15.0,2.3809523809523836,0.11908550465096668
20220601,15299,PASTUSA_SUPREMA,4.0,4.0,28.0,7.0,0.0,0.0005421779073539946
20220601,15317,PASTUSA_SUPREMA,10.0,8.0,80.0,10.0,19.999999999999996,0.0015490797352971275
20220601,15332,CRIOLLA,2.0,2.0,14.0,7.0,0.0,0.0002710889536769973
20220601,15332,PASTUSA_SUPREMA,22.0,16.0,208.0,13.0,27.27272727272727,0.004027607311772531
20220601,15362,PASTUSA_SUPREMA,14.0,0.0,0.0,0.0,100.0,0.0
20220601,15367,PASTUSA_SUPREMA,400.0,350.0,6650.0,19.0,12.5,0.12876725299657374
20220601,15368,PASTUSA_SUPREMA,300.0,199.0,3184.0,16.0,33.666666666666664,0.061653373464825675
20220601,15377,PASTUSA_SUPREMA,0.0,8.0,80.0,10.0,0.0,0.0015490797352971275
20220601,15403,CRIOLLA,5.0,4.0,48.0,12.0,19.999999999999996,0.0009294478411782765
20220601,15403,PASTUSA_SUPREMA,18.0,11.0,220.0,20.0,38.888888888888886,0.0042599692720671
20220601,15407,PASTUSA_SUPREMA,142.8,106.0,2024.6,19.1,25.770308123249308,0.039203335401032054
20220601,15425,PASTUSA_SUPREMA,12.0,3.0,51.0,17.0,75.0,0.0009875383312519187
20220601,15442,CRIOLLA,3.2,3.2,51.2,16.0,0.0,0.0009914110305901617
20220601,15442,PASTUSA_SUPREMA,4.8,4.8,76.8,16.0,0.0,0.0014871165458852425
20220601,15464,PASTUSA_SUPREMA,250.0,40.0,480.0,12.0,84.0,0.009294478411782766
20220601,15466,CRIOLLA,15.0,13.0,143.0,11.0,13.33333333333333,0.0027689800268436153
20220601,15466,PASTUSA_SUPREMA,60.0,55.0,1155.0,21.0,8.333333333333337,0.02236483867835228
20220601,15476,PASTUSA_SUPREMA,800.0,750.0,21000.0,28.0,6.25,0.406633430515496
20220601,15491,PASTUSA_SUPREMA,46.0,46.0,874.0,19.0,0.0,0.016923696108121118
20220601,15494,PASTUSA_SUPREMA,170.0,170.0,2380.0,14.0,0.0,0.04608512212508954
20220601,15500,PASTUSA_SUPREMA,76.0,76.0,1482.0,19.5,0.0,0.028696702096379288
20220601,15511,PASTUSA_SUPREMA,13.0,12.0,72.0,6.0,7.692307692307687,0.0013941717617674148
20220601,15516,PASTUSA_SUPREMA,86.2,28.0,322.0,11.5,67.51740139211138,0.006235045934570939
20220601,15522,PASTUSA_SUPREMA,21.0,20.0,460.0,23.0,4.761904761904767,0.008907208477958483
20220601,15531,CRIOLLA,15.0,13.0,91.0,7.0,13.33333333333333,0.0017620781989004825
20220601,15531,PASTUSA_SUPREMA,40.0,38.0,570.0,15.0,5.000000000000004,0.011037193113992034
20220601,15537,PASTUSA_SUPREMA,25.0,25.0,375.0,15.0,0.0,0.007261311259205285
20220601,15542,PASTUSA_SUPREMA,120.0,80.0,2000.0,25.0,33.333333333333336,0.03872699338242819
20220601,15599,CRIOLLA,15.0,15.0,225.0,15.0,0.0,0.0043567867555231714
20220601,15599,PASTUSA_SUPREMA,140.0,125.0,2625.0,21.0,10.71428571428571,0.050829178814437
20220601,15600,PASTUSA_SUPREMA,250.0,268.0,3484.0,13.0,0.0,0.0674624224721899
20220601,15621,PASTUSA_SUPREMA,8.0,6.0,54.0,9.0,25.0,0.001045628821325561
20220601,15632,CRIOLLA,420.0,720.0,4320.0,6.0,0.0,0.08365030570604488
20220601,15632,PASTUSA_SUPREMA,2500.0,2400.0,43200.0,18.0,4.0000000000000036,0.8365030570604489
20220601,15646,PASTUSA_SUPREMA,903.0,901.0,24191.85,26.85,0.22148394241418012,0.4684388074293477
20220601,15676,CRIOLLA,5.0,3.0,45.0,15.0,40.0,0.0008713573511046342
20220601,15676,PASTUSA_SUPREMA,20.0,16.0,352.0,22.0,19.999999999999996,0.006815950835307361
20220601,15693,CRIOLLA,30.0,25.0,350.0,14.0,16.666666666666664,0.006777223841924933
20220601,15693,PASTUSA_SUPREMA,28.0,40.0,600.0,15.0,0.0,0.011618098014728457
20220601,15696,PASTUSA_SUPREMA,35.0,0.0,0.0,0.0,100.0,0.0
20220601,15720,PASTUSA_SUPREMA,70.0,70.0,1400.0,20.0,0.0,0.027108895367699733
20220601,15723,PASTUSA_SUPREMA,8.0,1.0,18.0,18.0,87.5,0.0003485429404418537
20220601,15740,CRIOLLA,65.0,63.0,756.0,12.0,3.076923076923077,0.014638803498557855
20220601,15740,PASTUSA_SUPREMA,3500.0,3500.0,70000.0,20.0,0.0,1.3554447683849866
20220601,15753,PASTUSA_SUPREMA,13.0,15.0,270.0,18.0,0.0,0.005228144106627805
20220601,15755,CRIOLLA,5.0,4.0,49.88,12.47,19.999999999999996,0.000965851214957759
20220601,15755,PASTUSA_SUPREMA,295.0,210.0,4200.0,20.0,28.8135593220339,0.08132668610309919
20220601,15757,PASTUSA_SUPREMA,25.0,27.0,405.0,15.0,0.0,0.007842216159941708
20220601,15759,CRIOLLA,3.0,3.0,36.0,12.0,0.0,0.0006970858808837074
20220601,15759,PASTUSA_SUPREMA,220.0,220.0,3300.0,15.0,0.0,0.06389953908100651
20220601,15761,PASTUSA_SUPREMA,10.0,3.0,39.0,13.0,70.0,0.0007551763709573497
20220601,15762,PASTUSA_SUPREMA,200.0,190.0,3800.0,20.0,5.000000000000004,0.07358128742661356
20220601,15763,PASTUSA_SUPREMA,470.0,50.0,1325.0,26.5,89.36170212765957,0.025656633115858675
20220601,15764,CRIOLLA,250.0,200.0,2600.0,13.0,19.999999999999996,0.05034509139715664
20220601,15764,PASTUSA_SUPREMA,350.0,400.0,10000.0,25.0,0.0,0.19363496691214094
20220601,15774,PASTUSA_SUPREMA,221.0,221.0,5109.52,23.12,0.0,0.09893817361369224
20220601,15776,PASTUSA_SUPREMA,122.0,73.0,1022.0,14.0,40.16393442622951,0.019789493618420806
20220601,15790,CRIOLLA,5.0,5.0,65.0,13.0,0.0,0.0012586272849289162
20220601,15790,PASTUSA_SUPREMA,30.0,24.6,565.8,23.0,17.999999999999993,0.010955866427888934
20220601,15804,PASTUSA_SUPREMA,160.0,42.0,777.0,18.5,73.75,0.015045436929073352
20220601,15806,PASTUSA_SUPREMA,50.0,50.0,1000.0,20.0,0.0,0.019363496691214094
20220601,15808,CRIOLLA,2.0,2.0,18.0,9.0,0.0,0.0003485429404418537
20220601,15808,PASTUSA_SUPREMA,24.0,9.0,144.0,16.0,62.5,0.0027883435235348296
20220601,15810,CRIOLLA,1.0,1.0,6.8,6.8,0.0,0.00013167177750025583
20220601,15810,PASTUSA_SUPREMA,3.0,0.0,0.0,0.0,100.0,0.0
20220601,15814,PASTUSA_SUPREMA,1600.0,1520.0,38000.0,25.0,5.000000000000004,0.7358128742661356
20220601,15816,CRIOLLA,4.0,3.7,35.15,9.5,7.499999999999996,0.0006806269086961754
20220601,15816,PASTUSA_SUPREMA,4.0,0.0,0.0,0.0,100.0,0.0
20220601,15820,PASTUSA_SUPREMA,27.0,26.0,429.0,16.5,3.703703703703709,0.008306940080530846
20220601,15822,PASTUSA_SUPREMA,150.0,290.0,4930.0,17.0,0.0,0.09546203868768549
20220601,15835,PASTUSA_SUPREMA,250.0,240.0,5280.0,22.0,4.0000000000000036,0.10223926252961042
20220601,15837,PASTUSA_SUPREMA,200.0,150.0,3750.0,25.0,25.0,0.07261311259205286
20220601,15839,CRIOLLA,26.0,25.0,400.0,16.0,3.8461538461538436,0.007745398676485638
20220601,15839,PASTUSA_SUPREMA,420.0,465.0,10230.0,22.0,0.0,0.1980885711511202
20220601,15842,CRIOLLA,6.0,5.0,60.0,12.0,16.666666666666664,0.0011618098014728457
20220601,15842,PASTUSA_SUPREMA,710.0,708.0,14160.0,20.0,0.28169014084507005,0.2741871131475916
20220601,15861,CRIOLLA,70.0,79.0,1422.0,18.0,0.0,0.02753489229490644
20220601,15861,PASTUSA_SUPREMA,1600.0,2000.0,58000.0,29.0,0.0,1.1230828080904174
20220601,15879,CRIOLLA,35.5,34.0,496.4,14.6,4.225352112676061,0.009612039757518676
20220601,15879,PASTUSA_SUPREMA,423.0,422.0,6245.6,14.8,0.23640661938534313,0.12093665493464674
20220601,17001,PASTUSA_SUPREMA,45.0,190.0,2660.0,14.0,0.0,0.05150690119862949
20220601,17013,PASTUSA_SUPREMA,20.0,0.0,0.0,0.0,100.0,0.0
20220601,17446,CRIOLLA,6.0,5.0,30.0,6.0,16.666666666666664,0.0005809049007364229
20220601,17446,PASTUSA_SUPREMA,10.0,0.0,0.0,0.0,100.0,0.0
20220601,17541,PASTUSA_SUPREMA,15.0,0.0,0.0,0.0,100.0,0.0
20220601,17653,PASTUSA_SUPREMA,60.0,60.0,960.0,16.0,0.0,0.018588956823565532
20220601,17873,PASTUSA_SUPREMA,80.0,80.0,1680.0,21.0,0.0,0.03253067444123968
20220601,19022,PASTUSA_SUPREMA,125.0,100.0,1200.0,12.0,19.999999999999996,0.023236196029456913
20220601,19100,CRIOLLA,16.0,0.0,0.0,0.0,100.0,0.0
20220601,19100,PASTUSA_SUPREMA,80.0,0.0,0.0,0.0,100.0,0.0
20220601,19212,CRIOLLA,2.0,2.0,14.0,7.0,0.0,0.0002710889536769973
20220601,19355,PASTUSA_SUPREMA,6.0,3.95,39.5,10.0,34.166666666666664,0.0007648581193029567
20220601,19364,CRIOLLA,18.0,18.0,55.8,3.1,0.0,0.0010804831153697464
20220601,19397,PASTUSA_SUPREMA,40.0,40.0,240.0,6.0,0.0,0.004647239205891383
20220601,19517,PASTUSA_SUPREMA,80.1,65.0,910.0,14.0,18.85143570536828,0.017620781989004825
20220601,19585,PASTUSA_SUPREMA,900.0,840.0,17220.0,20.5,6.666666666666665,0.3334394130227067
20220601,19693,PASTUSA_SUPREMA,510.0,490.0,9800.0,20.0,3.9215686274509776,0.18976226757389814
20220601,19701,PASTUSA_SUPREMA,0.0,1.9,38.95,20.5,0.0,0.0007542081961227889
20220601,19743,PASTUSA_SUPREMA,132.0,120.0,2880.0,24.0,9.090909090909093,0.05576687047069659
20220601,19760,PASTUSA_SUPREMA,110.0,110.0,2200.0,20.0,0.0,0.04259969272067101
20220601,19821,CRIOLLA,5.0,4.5,40.5,9.0,9.999999999999998,0.0007842216159941708
20220601,19821,PASTUSA_SUPREMA,12.0,6.0,90.0,15.0,50.0,0.0017427147022092684
20220601,19824,CRIOLLA,150.0,78.0,1872.0,24.0,48.0,0.036248465805952784
20220601,19824,PASTUSA_SUPREMA,400.0,700.0,19600.0,28.0,0.0,0.37952453514779627
20220601,25019,PASTUSA_SUPREMA,7.0,3.0,60.0,20.0,57.14285714285714,0.0011618098014728457
20220601,25053,PASTUSA_SUPREMA,40.0,17.74,266.1,15.0,55.65,0.005152626469532071
20220601,25099,CRIOLLA,150.0,120.0,2160.0,18.0,19.999999999999996,0.04182515285302244
20220601,25099,PASTUSA_SUPREMA,190.0,0.0,0.0,0.0,100.0,0.0
20220601,25120,PASTUSA_SUPREMA,35.0,9.5,118.75,12.5,72.85714285714286,0.0022994152320816737
20220601,25126,PASTUSA_SUPREMA,10.0,22.0,330.0,15.0,0.0,0.006389953908100651
20220601,25151,CRIOLLA,55.0,54.0,864.0,16.0,1.8181818181818188,0.016730061141208976
20220601,25151,PASTUSA_SUPREMA,55.0,77.0,1771.0,23.0,0.0,0.03429275264014016
20220601,25154,CRIOLLA,40.0,38.0,570.0,15.0,5.000000000000004,0.011037193113992034
20220601,25154,PASTUSA_SUPREMA,800.0,750.0,18750.0,25.0,6.25,0.36306556296026427
20220601,25175,PASTUSA_SUPREMA,42.0,20.0,450.0,22.5,52.38095238095239,0.008713573511046343
20220601,25178,CRIOLLA,20.0,20.0,400.0,20.0,0.0,0.007745398676485638
20220601,25178,PASTUSA_SUPREMA,40.0,38.0,1140.0,30.0,5.000000000000004,0.022074386227984067
20220601,25181,CRIOLLA,15.0,15.0,210.0,14.0,0.0,0.00406633430515496
20220601,25181,PASTUSA_SUPREMA,15.0,15.0,240.0,16.0,0.0,0.004647239205891383
20220601,25183,CRIOLLA,60.0,58.0,1102.0,19.0,3.3333333333333326,0.021338573353717933
20220601,25183,PASTUSA_SUPREMA,1170.0,980.0,29400.0,30.0,16.23931623931624,0.5692868027216944
20220601,25200,PASTUSA_SUPREMA,420.0,500.0,10000.0,20.0,0.0,0.19363496691214094
20220601,25214,PASTUSA_SUPREMA,6.0,5.5,143.0,26.0,8.333333333333337,0.0027689800268436153
20220601,25224,CRIOLLA,6.0,6.0,132.0,22.0,0.0,0.0025559815632402606
20220601,25224,PASTUSA_SUPREMA,90.0,90.0,2250.0,25.0,0.0,0.04356786755523171
20220601,25260,CRIOLLA,284.0,278.0,4726.0,17.0,2.1126760563380254,0.0915118853626778
20220601,25260,PASTUSA_SUPREMA,450.0,420.0,10080.0,24.0,6.666666666666665,0.19518404664743808
20220601,25269,CRIOLLA,90.0,12.0,240.0,20.0,86.66666666666667,0.004647239205891383
20220601,25269,PASTUSA_SUPREMA,400.0,37.0,814.0,22.0,90.75,0.015761886306648272
20220601,25281,CRIOLLA,90.0,447.0,5364.0,12.0,0.0,0.1038657962516724
20220601,25281,PASTUSA_SUPREMA,135.0,370.0,5180.0,14.0,0.0,0.10030291286048901
20220601,25286,PASTUSA_SUPREMA,130.0,110.0,3080.0,28.0,15.384615384615385,0.05963956980893941
20220601,25288,CRIOLLA,4.5,4.0,72.0,18.0,11.111111111111116,0.0013941717617674148
20220601,25288,PASTUSA_SUPREMA,100.0,100.0,2000.0,20.0,0.0,0.03872699338242819
20220601,25293,PASTUSA_SUPREMA,0.0,2.0,40.0,20.0,0.0,0.0007745398676485638
20220601,25295,PASTUSA_SUPREMA,5.0,5.0,110.0,22.0,0.0,0.00212998463603355
20220601,25297,PASTUSA_SUPREMA,6.0,10.0,180.0,18.0,0.0,0.003485429404418537
20220601,25299,PASTUSA_SUPREMA,5.0,4.5,94.5,21.0,9.999999999999998,0.001829850437319732
20220601,25312,CRIOLLA,25.0,25.0,375.0,15.0,0.0,0.007261311259205285
20220601,25312,PASTUSA_SUPREMA,85.0,85.0,1615.0,19.0,0.0,0.03127204715631076
20220601,25317,CRIOLLA,11.0,11.0,176.0,16.0,0.0,0.0034079754176536805
20220601,25317,PASTUSA_SUPREMA,360.0,298.0,5960.0,20.0,17.22222222222223,0.11540644027963601
20220601,25322,CRIOLLA,17.0,17.0,127.5,7.5,0.0,0.002468845828129797
20220601,25322,PASTUSA_SUPREMA,153.0,153.0,2142.0,14.0,0.0,0.04147660991258059
20220601,25326,CRIOLLA,32.0,32.0,864.0,27.0,0.0,0.016730061141208976
20220601,25326,PASTUSA_SUPREMA,1200.0,1200.0,38400.0,32.0,0.0,0.7435582729426212
20220601,25372,PASTUSA_SUPREMA,30.0,30.0,450.0,15.0,0.0,0.008713573511046343
20220601,25377,CRIOLLA,138.0,115.0,2438.0,21.2,16.666666666666664,0.04720820493317996
20220601,25377,PASTUSA_SUPREMA,890.0,780.0,23400.0,30.0,12.35955056179775,0.4531058225744098
20220601,25407,CRIOLLA,26.0,23.0,322.0,14.0,11.538461538461542,0.006235045934570939
20220601,25407,PASTUSA_SUPREMA,451.0,451.0,7667.0,17.0,0.0,0.14845992913153847
20220601,25426,CRIOLLA,35.0,21.5,301.0,14.0,38.57142857142857,0.005828412504055442
20220601,25426,PASTUSA_SUPREMA,270.0,152.0,2584.0,17.0,43.7037037037037,0.05003527545009722
20220601,25430,PASTUSA_SUPREMA,600.0,582.0,13386.0,23.0,3.0000000000000027,0.25919976670859185
20220601,25436,PASTUSA_SUPREMA,32.0,27.0,486.0,18.0,15.625,0.00941065939193005
20220601,25473,PASTUSA_SUPREMA,250.0,190.0,3990.0,21.0,24.0,0.07726035179794423
20220601,25486,CRIOLLA,4.5,4.5,121.5,27.0,0.0,0.0023526648479825123
20220601,25486,PASTUSA_SUPREMA,18.0,18.0,540.0,30.0,0.0,0.01045628821325561
20220601,25513,CRIOLLA,110.0,100.0,1500.0,15.0,9.090909090909093,0.02904524503682114
20220601,25513,PASTUSA_SUPREMA,50.0,45.0,1035.0,23.0,9.999999999999998,0.020041219075406586
20220601,25535,PASTUSA_SUPREMA,1050.0,750.0,16500.0,22.0,28.57142857142857,0.31949769540503253
20220601,25594,PASTUSA_SUPREMA,20.0,18.0,288.0,16.0,9.999999999999998,0.005576687047069659
20220601,25649,PASTUSA_SUPREMA,10.0,10.0,250.0,25.0,0.0,0.0048408741728035234
20220601,25653,CRIOLLA,26.0,23.0,391.0,17.0,11.538461538461542,0.007571127206264711
20220601,25653,PASTUSA_SUPREMA,900.0,880.0,17600.0,20.0,2.2222222222222254,0.3407975417653681
20220601,25736,CRIOLLA,40.0,30.0,540.0,18.0,25.0,0.01045628821325561
20220601,25736,PASTUSA_SUPREMA,1050.0,1020.0,32640.0,32.0,2.857142857142858,0.632024532001228
20220601,25740,CRIOLLA,880.0,748.0,17204.0,23.0,15.000000000000002,0.33312959707564727
20220601,25740,PASTUSA_SUPREMA,907.0,676.0,15548.0,23.0,25.468577728776186,0.30106364655499673
20220601,25745,PASTUSA_SUPREMA,70.0,100.0,2700.0,27.0,0.0,0.05228144106627806
20220601,25754,CRIOLLA,43.0,42.0,840.0,20.0,2.3255813953488413,0.01626533722061984
20220601,25754,PASTUSA_SUPREMA,480.0,470.0,10340.0,22.0,2.083333333333337,0.20021855578715372
20220601,25758,PASTUSA_SUPREMA,70.0,70.0,2310.0,33.0,0.0,0.04472967735670456
20220601,25769,CRIOLLA,95.0,95.0,1710.0,18.0,0.0,0.0331115793419761
20220601,25769,PASTUSA_SUPREMA,180.0,189.0,4725.0,25.0,0.0,0.0914925218659866
20220601,25772,CRIOLLA,6.0,5.0,100.0,20.0,16.666666666666664,0.0019363496691214095
20220601,25772,PASTUSA_SUPREMA,600.0,1000.0,20000.0,20.0,0.0,0.3872699338242819
20220601,25779,CRIOLLA,18.0,18.0,270.0,15.0,0.0,0.005228144106627805
20220601,25779,PASTUSA_SUPREMA,160.0,410.0,8610.0,21.0,0.0,0.16671970651135334
20220601,25781,PASTUSA_SUPREMA,110.0,230.0,4600.0,20.0,0.0,0.08907208477958484
20220601,25785,CRIOLLA,11.25,7.0,120.4,17.2,37.77777777777778,0.002331365001622177
20220601,25785,PASTUSA_SUPREMA,119.0,85.0,1547.0,18.2,28.57142857142857,0.029955329381308203
20220601,25793,CRIOLLA,95.0,93.0,1209.0,13.0,2.1052631578947323,0.02341046749967784
20220601,25793,PASTUSA_SUPREMA,7490.0,7570.0,128690.0,17.0,0.0,2.491888389192342
20220601,25799,PASTUSA_SUPREMA,150.0,100.0,3000.0,30.0,33.333333333333336,0.05809049007364228
20220601,25817,PASTUSA_SUPREMA,20.0,19.0,418.0,22.0,5.000000000000004,0.008093941616927492
20220601,25839,CRIOLLA,3.0,3.0,54.0,18.0,0.0,0.001045628821325561
20220601,25839,PASTUSA_SUPREMA,8.0,8.0,144.0,18.0,0.0,0.0027883435235348296
20220601,25841,CRIOLLA,110.0,40.0,560.0,14.0,63.63636363636363,0.010843558147079893
20220601,25841,PASTUSA_SUPREMA,420.0,50.0,1000.0,20.0,88.09523809523809,0.019363496691214094
20220601,25843,CRIOLLA,12.0,18.0,252.0,14.0,0.0,0.004879601166185952
20220601,25843,PASTUSA_SUPREMA,477.0,545.0,9810.0,18.0,0.0,0.18995590254081027
20220601,25845,CRIOLLA,300.0,380.0,6460.0,17.0,0.0,0.12508818862524304
20220601,25845,PASTUSA_SUPREMA,850.0,820.0,18040.0,22.0,3.529411764705881,0.34931748030950227
20220601,25873,CRIOLLA,15.3,15.0,180.0,12.0,1.9607843137254943,0.003485429404418537
20220601,25873,PASTUSA_SUPREMA,8000.0,4853.0,121325.0,25.0,39.337500000000006,2.34927623606155
20220601,25898,CRIOLLA,165.0,164.0,3116.0,19.0,0.60606060606061,0.06033665568982312
20220601,25898,PASTUSA_SUPREMA,135.0,135.0,3240.0,24.0,0.0,0.06273772927953367
20220601,25899,CRIOLLA,180.0,140.0,2520.0,18.0,22.22222222222222,0.04879601166185952
20220601,25899,PASTUSA_SUPREMA,1600.0,1470.0,32340.0,22.0,8.125000000000004,0.6262154829938638
20220601,41001,PASTUSA_SUPREMA,2.0,2.0,14.0,7.0,0.0,0.0002710889536769973
20220601,41206,PASTUSA_SUPREMA,10.0,10.0,51.0,5.1,0.0,0.0009875383312519187
20220601,41359,PASTUSA_SUPREMA,2.0,2.0,10.0,5.0,0.0,0.00019363496691214094
20220601,41396,PASTUSA_SUPREMA,10.0,3.0,21.0,7.0,70.0,0.00040663343051549597
20220601,41668,PASTUSA_SUPREMA,2.5,3.0,15.0,5.0,0.0,0.00029045245036821144
20220601,52001,CRIOLLA,90.0,90.0,1620.0,18.0,0.0,0.03136886463976683
20220601,52001,PASTUSA_SUPREMA,4300.0,4660.0,116500.0,25.0,0.0,2.255847364526442
20220601,52022,PASTUSA_SUPREMA,200.0,180.0,2700.0,15.0,9.999999999999998,0.05228144106627806
20220601,52036,CRIOLLA,1.5,2.0,20.0,10.0,0.0,0.0003872699338242819
20220601,52036,PASTUSA_SUPREMA,20.0,25.0,375.0,15.0,0.0,0.007261311259205285
20220601,52083,PASTUSA_SUPREMA,10.0,5.0,35.0,7.0,50.0,0.0006777223841924933
20220601,52110,PASTUSA_SUPREMA,60.0,14.0,112.0,8.0,76.66666666666666,0.0021687116294159784
20220601,52210,PASTUSA_SUPREMA,500.0,500.0,10000.0,20.0,0.0,0.19363496691214094
20220601,52215,CRIOLLA,75.0,65.0,780.0,12.0,13.33333333333333,0.015103527419146993
20220601,52215,PASTUSA_SUPREMA,400.0,350.0,6919.5,19.77,12.5,0.13398571535485593
20220601,52224,CRIOLLA,50.0,48.0,720.0,15.0,4.0000000000000036,0.013941717617674147
20220601,52224,PASTUSA_SUPREMA,400.0,390.0,8970.0,23.0,2.500000000000002,0.17369056532019042
20220601,52227,CRIOLLA,65.0,22.0,220.0,10.0,66.15384615384615,0.0042599692720671
20220601,52227,PASTUSA_SUPREMA,460.0,395.0,7900.0,20.0,14.130434782608692,0.15297162386059135
20220601,52240,PASTUSA_SUPREMA,5.0,2.0,30.0,15.0,60.0,0.0005809049007364229
20220601,52258,PASTUSA_SUPREMA,8.0,5.0,55.0,11.0,37.5,0.001064992318016775
20220601,52287,PASTUSA_SUPREMA,70.0,160.0,1760.0,11.0,0.0,0.0340797541765368
20220601,52317,CRIOLLA,20.0,19.0,342.0,18.0,5.000000000000004,0.0066223158683952205
20220601,52317,PASTUSA_SUPREMA,400.0,320.0,7040.0,22.0,19.999999999999996,0.1363190167061472
20220601,52320,CRIOLLA,30.0,30.0,510.0,17.0,0.0,0.009875383312519187
20220601,52320,PASTUSA_SUPREMA,145.0,145.0,2682.5,18.5,0.0,0.051942579874181806
20220601,52323,CRIOLLA,6.0,6.0,48.0,8.0,0.0,0.0009294478411782765
20220601,52323,PASTUSA_SUPREMA,300.0,300.0,5700.0,19.0,0.0,0.11037193113992033
20220601,52352,CRIOLLA,80.0,60.0,720.0,12.0,25.0,0.013941717617674147
20220601,52352,PASTUSA_SUPREMA,120.0,180.0,3600.0,20.0,0.0,0.06970858808837074
20220601,52354,CRIOLLA,27.0,20.0,220.0,11.0,25.92592592592593,0.0042599692720671
20220601,52354,PASTUSA_SUPREMA,280.0,325.0,6500.0,20.0,0.0,0.12586272849289162
20220601,52356,CRIOLLA,50.0,45.0,405.0,9.0,9.999999999999998,0.007842216159941708
20220601,52356,PASTUSA_SUPREMA,700.0,690.0,12420.0,18.0,1.4285714285714235,0.24049462890487905
20220601,52378,PASTUSA_SUPREMA,50.0,50.0,600.0,12.0,0.0,0.011618098014728457
20220601,52381,CRIOLLA,2.0,2.0,10.0,5.0,0.0,0.00019363496691214094
20220601,52381,PASTUSA_SUPREMA,9.0,8.0,120.0,15.0,11.111111111111116,0.0023236196029456915
20220601,52385,PASTUSA_SUPREMA,2.2,2.2,10.56,4.8,0.0,0.00020447852505922084
20220601,52418,PASTUSA_SUPREMA,4.3,0.0,0.0,0.0,100.0,0.0
20220601,52435,PASTUSA_SUPREMA,80.0,80.0,800.0,10.0,0.0,0.015490797352971276
20220601,52480,CRIOLLA,6.0,6.0,60.0,10.0,0.0,0.0011618098014728457
20220601,52480,PASTUSA_SUPREMA,12.0,13.0,169.0,13.0,0.0,0.003272430940815182
20220601,52506,PASTUSA_SUPREMA,600.0,1350.0,33750.0,25.0,0.0,0.6535180133284757
20220601,52560,CRIOLLA,900.0,870.0,12180.0,14.0,3.3333333333333326,0.23584738969898766
20220601,52560,PASTUSA_SUPREMA,2800.0,3300.0,52800.0,16.0,0.0,1.0223926252961042
20220601,52565,CRIOLLA,20.0,19.0,475.0,25.0,5.000000000000004,0.009197660928326695
20220601,52565,PASTUSA_SUPREMA,90.0,88.0,1056.0,12.0,2.2222222222222254,0.020447852505922084
20220601,52573,CRIOLLA,70.0,65.0,520.0,8.0,7.14285714285714,0.01006901827943133
20220601,52573,PASTUSA_SUPREMA,150.0,180.0,3420.0,19.0,0.0,0.0662231586839522
20220601,52585,CRIOLLA,73.0,70.0,1260.0,18.0,4.109589041095896,0.02439800583092976
20220601,52585,PASTUSA_SUPREMA,2050.0,2000.0,54000.0,27.0,2.4390243902439046,1.0456288213255611
20220601,52678,PASTUSA_SUPREMA,55.7,53.9,883.96,16.4,3.2315978456014416,0.01711655653516561
20220601,52683,CRIOLLA,2.0,2.0,34.0,17.0,0.0,0.0006583588875012792
20220601,52683,PASTUSA_SUPREMA,12.0,3.0,60.0,20.0,75.0,0.0011618098014728457
20220601,52685,PASTUSA_SUPREMA,10.0,11.0,132.0,12.0,0.0,0.0025559815632402606
20220601,52693,PASTUSA_SUPREMA,2.5,0.0,0.0,0.0,100.0,0.0
20220601,52699,PASTUSA_SUPREMA,16.0,11.0,165.0,15.0,31.25,0.0031949769540503257
20220601,52720,CRIOLLA,12.0,12.0,120.0,10.0,0.0,0.0023236196029456915
20220601,52720,PASTUSA_SUPREMA,550.0,550.0,12100.0,22.0,0.0,0.23429830996369053
20220601,52788,PASTUSA_SUPREMA,420.0,390.0,6240.0,16.0,7.14285714285714,0.12082821935317595
20220601,52838,CRIOLLA,427.3,427.3,7264.1,17.0,0.0,0.1406583763146483
20220601,52838,PASTUSA_SUPREMA,2848.2,2848.2,62660.4,22.0,0.0,1.2133244480701517
20220601,52885,PASTUSA_SUPREMA,315.0,160.0,3200.0,20.0,49.20634920634921,0.061963189411885104
20220601,54125,CRIOLLA,60.0,20.0,400.0,20.0,66.66666666666667,0.007745398676485638
20220601,54125,PASTUSA_SUPREMA,70.0,59.0,1298.0,22.0,15.714285714285714,0.025133818705195893
20220601,54174,CRIOLLA,52.0,50.0,750.0,15.0,3.8461538461538436,0.01452262251841057
20220601,54174,PASTUSA_SUPREMA,480.0,550.0,7700.0,14.0,0.0,0.14909892452234852
20220601,54347,CRIOLLA,3.0,3.0,43.5,14.5,0.0,0.0008423121060678131
20220601,54347,PASTUSA_SUPREMA,5.0,5.0,80.0,16.0,0.0,0.0015490797352971275
20220601,54377,PASTUSA_SUPREMA,6.0,0.0,0.0,0.0,100.0,0.0
20220601,54480,CRIOLLA,90.0,90.0,1800.0,20.0,0.0,0.03485429404418537
20220601,54480,PASTUSA_SUPREMA,50.0,55.0,1402.5,25.5,0.0,0.027157304109427766
20220601,54518,CRIOLLA,100.0,97.0,1261.0,13.0,3.0000000000000027,0.024417369327620973
20220601,54518,PASTUSA_SUPREMA,160.0,146.0,2190.0,15.0,8.750000000000002,0.042406057753758865
20220601,54743,CRIOLLA,235.0,185.0,3700.0,20.0,21.276595744680847,0.07164493775749214
20220601,54743,PASTUSA_SUPREMA,1034.0,798.0,15960.0,20.0,22.823984526112184,0.3090414071917769
20220601,68020,PASTUSA_SUPREMA,80.0,90.0,1620.0,18.0,0.0,0.03136886463976683
20220601,68101,PASTUSA_SUPREMA,34.0,23.0,506.0,22.0,32.35294117647059,0.009797929325754332
20220601,68132,CRIOLLA,3.0,3.0,30.0,10.0,0.0,0.0005809049007364229
20220601,68132,PASTUSA_SUPREMA,4.0,4.0,48.0,12.0,0.0,0.0009294478411782765
20220601,68152,PASTUSA_SUPREMA,820.0,574.0,9184.0,16.0,30.000000000000004,0.17783435361211025
20220601,68162,PASTUSA_SUPREMA,180.0,268.0,5494.0,20.5,0.0,0.10638305082153024
20220601,68207,CRIOLLA,12.0,12.0,156.0,13.0,0.0,0.0030207054838293987
20220601,68207,PASTUSA_SUPREMA,40.0,40.0,940.0,23.5,0.0,0.018201686889741248
20220601,68264,PASTUSA_SUPREMA,26.0,86.0,516.0,6.0,0.0,0.009991564292666472
20220601,68298,PASTUSA_SUPREMA,21.0,14.0,109.2,7.8,33.333333333333336,0.0021144938386805793
20220601,68318,CRIOLLA,30.0,30.0,540.0,18.0,0.0,0.01045628821325561
20220601,68318,PASTUSA_SUPREMA,280.0,198.0,3960.0,20.0,29.28571428571428,0.0766794468972078
20220601,68368,PASTUSA_SUPREMA,2.0,2.0,30.6,15.3,0.0,0.0005925229987511513
20220601,68377,PASTUSA_SUPREMA,3.0,3.0,81.0,27.0,0.0,0.0015684432319883416
20220601,68432,CRIOLLA,1.0,1.0,23.0,23.0,0.0,0.00044536042389792415
20220601,68468,PASTUSA_SUPREMA,18.0,15.0,300.0,20.0,16.666666666666664,0.005809049007364228
20220601,68502,PASTUSA_SUPREMA,139.0,65.0,910.0,14.0,53.23741007194245,0.017620781989004825
20220601,68572,PASTUSA_SUPREMA,35.0,25.0,375.0,15.0,28.57142857142857,0.007261311259205285
20220601,68669,PASTUSA_SUPREMA,30.0,8.0,160.0,20.0,73.33333333333334,0.003098159470594255
20220601,68682,CRIOLLA,2.0,1.0,6.0,6.0,50.0,0.00011618098014728456
20220601,68682,PASTUSA_SUPREMA,3.0,0.0,0.0,0.0,100.0,0.0
20220601,68773,PASTUSA_SUPREMA,0.5,1.5,22.5,15.0,0.0,0.0004356786755523171
20220601,68820,PASTUSA_SUPREMA,250.0,72.0,1800.0,25.0,71.2,0.03485429404418537
20220601,68867,CRIOLLA,1.0,0.0,0.0,0.0,100.0,0.0
20220601,68867,PASTUSA_SUPREMA,3.0,5.0,100.0,20.0,0.0,0.0019363496691214095
20220601,73043,PASTUSA_SUPREMA,101.0,105.0,1470.0,14.0,0.0,0.028464340136084718
20220601,73124,CRIOLLA,11.0,8.0,96.0,12.0,27.27272727272727,0.001858895682356553
20220601,73124,PASTUSA_SUPREMA,14.0,9.0,117.0,13.0,35.71428571428571,0.002265529112872049
20220601,73152,PASTUSA_SUPREMA,120.0,100.0,1850.0,18.5,16.666666666666664,0.03582246887874607
20220601,73347,PASTUSA_SUPREMA,156.0,156.0,2184.0,14.0,0.0,0.04228987677361158
20220601,73461,CRIOLLA,16.0,15.0,210.0,14.0,6.25,0.00406633430515496
20220601,73461,PASTUSA_SUPREMA,130.0,125.0,3375.0,27.0,3.8461538461538436,0.06535180133284757
20220601,73622,CRIOLLA,55.0,55.0,700.15,12.73,0.0,0.013557352208353548
20220601,73622,PASTUSA_SUPREMA,50.0,50.0,900.0,18.0,0.0,0.017427147022092686
20220601,73686,CRIOLLA,1.0,1.0,12.0,12.0,0.0,0.00023236196029456912
20220601,73686,PASTUSA_SUPREMA,120.0,99.0,1188.0,12.0,17.500000000000004,0.023003834069162343
20220601,73870,PASTUSA_SUPREMA,17.0,5.0,60.0,12.0,70.58823529411764,0.0011618098014728457
20220601,76111,PASTUSA_SUPREMA,7.0,6.0,84.0,14.0,14.28571428571429,0.0016265337220619839
20220601,76736,PASTUSA_SUPREMA,31.0,16.0,176.0,11.0,48.38709677419355,0.0034079754176536805
20220601,76834,PASTUSA_SUPREMA,250.0,235.0,3995.0,17.0,6.000000000000005,0.07735716928140031
20220601,85136,PASTUSA_SUPREMA,12.0,10.0,40.0,4.0,16.666666666666664,0.0007745398676485638
20220601,86749,PASTUSA_SUPREMA,5.0,5.0,75.0,15.0,0.0,0.001452262251841057
20220601,86755,PASTUSA_SUPREMA,2.0,0.0,0.0,0.0,100.0,0.0
20220601,86760,PASTUSA_SUPREMA,6.0,6.0,96.0,16.0,0.0,0.001858895682356553
20221201,05001,PASTUSA_SUPREMA,42.18,42.18,695.97,16.5,0.0,0.013476412792184273
20221201,05002,PASTUSA_SUPREMA,85.0,80.0,800.0,10.0,5.882352941176472,0.015490797352971276
20221201,05004,CRIOLLA,1.0,0.8,3.36,4.2,19.999999999999996,6.506134888247936e-05
20221201,05004,PASTUSA_SUPREMA,1.0,2.0,8.2,4.1,0.0,0.00015878067286795558
20221201,05079,PASTUSA_SUPREMA,13.0,3.0,21.06,7.02,76.92307692307692,0.0004077952403169688
20221201,05086,PASTUSA_SUPREMA,210.0,200.0,3200.0,16.0,4.761904761904767,0.061963189411885104
20221201,05088,PASTUSA_SUPREMA,225.0,225.0,4050.0,18.0,0.0,0.07842216159941708
20221201,05093,CRIOLLA,0.0,4.0,10.0,2.5,0.0,0.00019363496691214094
20221201,05148,CRIOLLA,350.0,300.0,3600.0,12.0,14.28571428571429,0.06970858808837074
20221201,05148,PASTUSA_SUPREMA,200.0,180.0,3600.0,20.0,9.999999999999998,0.06970858808837074
20221201,05206,PASTUSA_SUPREMA,32.0,42.0,546.0,13.0,0.0,0.010572469193402895
20221201,05237,PASTUSA_SUPREMA,59.0,43.0,903.0,21.0,27.118644067796616,0.017485237512166327
20221201,05264,PASTUSA_SUPREMA,560.0,560.0,16800.0,30.0,0.0,0.32530674441239676
20221201,05266,PASTUSA_SUPREMA,20.0,20.0,420.0,21.0,0.0,0.00813266861030992
20221201,05308,CRIOLLA,6.0,5.0,25.0,5.0,16.666666666666664,0.0004840874172803524
20221201,05308,PASTUSA_SUPREMA,6.0,5.5,44.0,8.0,8.333333333333337,0.0008519938544134201
20221201,05313,CRIOLLA,1.5,1.5,19.5,13.0,0.0,0.00037758818547867484
20221201,05313,PASTUSA_SUPREMA,5.0,5.0,85.0,17.0,0.0,0.001645897218753198
20221201,05318,PASTUSA_SUPREMA,15.0,15.0,315.0,21.0,0.0,0.00609950145773244
20221201,05376,PASTUSA_SUPREMA,9.0,9.0,108.0,12.0,0.0,0.002091257642651122
20221201,05400,CRIOLLA,120.0,75.0,952.5,12.7,37.5,0.018443730598381426
20221201,05400,PASTUSA_SUPREMA,702.0,530.0,7950.0,15.0,24.501424501424506,0.15393979869515204
20221201,05440,CRIOLLA,35.0,34.0,272.0,8.0,2.857142857142858,0.005266871100010234
20221201,05440,PASTUSA_SUPREMA,115.0,112.0,1120.0,10.0,2.608695652173909,0.021687116294159786
20221201,05541,PASTUSA_SUPREMA,25.0,3.0,60.0,20.0,88.0,0.0011618098014728457
20221201,05607,PASTUSA_SUPREMA,51.0,51.0,510.0,10.0,0.0,0.009875383312519187
20221201,05615,PASTUSA_SUPREMA,7.0,6.5,91.0,14.0,7.14285714285714,0.0017620781989004825
20221201,05647,PASTUSA_SUPREMA,20.0,18.0,216.0,12.0,9.999999999999998,0.004182515285302244
20221201,05658,PASTUSA_SUPREMA,10.0,11.0,220.0,20.0,0.0,0.0042599692720671
20221201,05664,CRIOLLA,42.0,42.0,462.0,11.0,0.0,0.008945935471340911
20221201,05664,PASTUSA_SUPREMA,308.0,396.0,13266.0,33.5,0.0,0.25687614710564616
20221201,05674,PASTUSA_SUPREMA,550.0,500.0,12000.0,24.0,9.090909090909093,0.23236196029456913
20221201,05686,CRIOLLA,12.04,12.06,180.9,15.0,0.0,0.0035028565514406296
20221201,05686,PASTUSA_SUPREMA,275.7,297.5,8032.5,27.0,0.0,0.1555372871721772
20221201,05697,CRIOLLA,75.0,70.0,840.0,12.0,6.666666666666665,0.01626533722061984
20221201,05697,PASTUSA_SUPREMA,95.0,90.0,1710.0,19.0,5.263157894736848,0.0331115793419761
20221201,05756,CRIOLLA,94.0,150.0,1950.0,13.0,0.0,0.03775881854786749
20221201,05756,PASTUSA_SUPREMA,55.0,65.0,1040.0,16.0,0.0,0.02013803655886266
20221201,05847,CRIOLLA,4.5,4.6,36.8,8.0,0.0,0.0007125766782366787
20221201,05847,PASTUSA_SUPREMA,5.0,5.0,150.0,30.0,0.0,0.002904524503682114
20221201,05887,PASTUSA_SUPREMA,30.0,32.0,800.0,25.0,0.0,0.015490797352971276
20221201,15001,CRIOLLA,200.0,58.0,580.0,10.0,71.0,0.011230828080904174
20221201,15001,PASTUSA_SUPREMA,1500.0,560.0,11200.0,20.0,62.66666666666667,0.21687116294159786
20221201,15022,PASTUSA_SUPREMA,0.0,4.5,40.5,9.0,0.0,0.0007842216159941708
20221201,15047,CRIOLLA,20.0,3.0,24.0,8.0,85.0,0.00046472392058913823
20221201,15047,PASTUSA_SUPREMA,100.0,7.0,84.0,12.0,93.0,0.0016265337220619839
20221201,15051,PASTUSA_SUPREMA,1350.0,478.0,11950.0,25.0,64.5925925925926,0.23139378546000844
20221201,15087,CRIOLLA,42.0,42.0,840.0,20.0,0.0,0.01626533722061984
20221201,15087,PASTUSA_SUPREMA,300.0,300.0,5400.0,18.0,0.0,0.10456288213255611
20221201,15092,CRIOLLA,4.0,4.0,40.0,10.0,0.0,0.0007745398676485638
20221201,15092,PASTUSA_SUPREMA,14.0,43.0,645.0,15.0,0.0,0.012489455365833091
20221201,15104,PASTUSA_SUPREMA,210.0,170.0,3400.0,20.0,19.047619047619047,0.06583588875012791
20221201,15109,PASTUSA_SUPREMA,21.0,22.0,440.0,20.0,0.0,0.0085199385441342
20221201,15131,CRIOLLA,90.0,90.0,1170.0,13.0,0.0,0.02265529112872049
20221201,15131,PASTUSA_SUPREMA,100.0,80.0,1520.0,19.0,19.999999999999996,0.02943251497064542
20221201,15162,PASTUSA_SUPREMA,60.0,36.0,360.0,10.0,40.0,0.006970858808837074
20221201,15172,PASTUSA_SUPREMA,1.0,4.0,60.0,15.0,0.0,0.0011618098014728457
20221201,15176,CRIOLLA,60.0,50.0,800.0,16.0,16.666666666666664,0.015490797352971276
20221201,15176,PASTUSA_SUPREMA,350.0,320.0,8000.0,25.0,8.571428571428575,0.15490797352971275
20221201,15180,PASTUSA_SUPREMA,90.0,55.0,990.0,18.0,38.888888888888886,0.01916986172430195
20221201,15183,PASTUSA_SUPREMA,20.0,37.0,407.0,11.0,0.0,0.007880943153324136
20221201,15187,PASTUSA_SUPREMA,10.0,70.0,1610.0,23.0,0.0,0.03117522967285469
20221201,15189,PASTUSA_SUPREMA,280.0,300.0,5400.0,18.0,0.0,0.10456288213255611
20221201,15204,PASTUSA_SUPREMA,600.0,700.0,14000.0,20.0,0.0,0.2710889536769973
20221201,15215,PASTUSA_SUPREMA,4.0,3.3,75.9,23.0,17.500000000000004,0.0014696893988631497
20221201,15224,PASTUSA_SUPREMA,73.0,70.0,1330.0,19.0,4.109589041095896,0.025753450599314744
20221201,15226,CRIOLLA,3.0,2.0,14.0,7.0,33.333333333333336,0.0002710889536769973
20221201,15226,PASTUSA_SUPREMA,20.0,20.0,240.0,12.0,0.0,0.004647239205891383
20221201,15232,CRIOLLA,20.0,17.0,170.0,10.0,15.000000000000002,0.003291794437506396
20221201,15232,PASTUSA_SUPREMA,700.0,620.0,12400.0,20.0,11.428571428571432,0.24010735897105476
20221201,15236,PASTUSA_SUPREMA,5.0,4.0,64.0,16.0,19.999999999999996,0.001239263788237702
20221201,15238,CRIOLLA,4.0,3.8,68.4,18.0,5.000000000000004,0.0013244631736790441
20221201,15238,PASTUSA_SUPREMA,25.0,23.75,475.0,20.0,5.000000000000004,0.009197660928326695
20221201,15244,PASTUSA_SUPREMA,80.0,110.0,990.0,9.0,0.0,0.01916986172430195
20221201,15248,PASTUSA_SUPREMA,12.3,24.0,288.0,12.0,0.0,0.005576687047069659
20221201,15272,PASTUSA_SUPREMA,130.0,70.0,1750.0,25.0,46.15384615384615,0.033886119209624664
20221201,15276,PASTUSA_SUPREMA,0.0,45.0,675.0,15.0,0.0,0.013070360266569514
20221201,15293,PASTUSA_SUPREMA,94.0,98.0,1372.0,14.0,0.0,0.026566717460345737
20221201,15296,PASTUSA_SUPREMA,170.0,160.0,2400.0,15.0,5.882352941176472,0.046472392058913826
20221201,15299,PASTUSA_SUPREMA,4.0,4.0,28.0,7.0,0.0,0.0005421779073539946
20221201,15317,PASTUSA_SUPREMA,30.0,30.0,300.0,10.0,0.0,0.005809049007364228
20221201,15332,CRIOLLA,4.0,4.0,28.0,7.0,0.0,0.0005421779073539946
20221201,15332,PASTUSA_SUPREMA,18.0,22.0,220.0,10.0,0.0,0.0042599692720671
20221201,15362,PASTUSA_SUPREMA,10.0,13.0,260.0,20.0,0.0,0.005034509139715665
20221201,15367,PASTUSA_SUPREMA,350.0,395.0,7505.0,19.0,0.0,0.14532304266756177
20221201,15368,PASTUSA_SUPREMA,200.0,280.0,4200.0,15.0,0.0,0.08132668610309919
20221201,15377,PASTUSA_SUPREMA,10.0,0.0,0.0,0.0,100.0,0.0
20221201,15403,CRIOLLA,4.0,1.5,27.0,18.0,62.5,0.0005228144106627805
20221201,15403,PASTUSA_SUPREMA,10.0,18.0,504.0,28.0,0.0,0.009759202332371904
20221201,15407,PASTUSA_SUPREMA,97.0,84.8,1450.08,17.1,12.577319587628866,0.028078619281995735
20221201,15425,PASTUSA_SUPREMA,4.0,12.0,204.0,17.0,0.0,0.003950153325007675
20221201,15442,CRIOLLA,5.0,5.0,80.0,16.0,0.0,0.0015490797352971275
20221201,15442,PASTUSA_SUPREMA,7.0,7.0,112.0,16.0,0.0,0.0021687116294159784
20221201,15464,PASTUSA_SUPREMA,45.0,240.0,2880.0,12.0,0.0,0.05576687047069659
20221201,15466,CRIOLLA,10.0,10.0,100.0,10.0,0.0,0.0019363496691214095
20221201,15466,PASTUSA_SUPREMA,60.0,60.0,1080.0,18.0,0.0,0.02091257642651122
20221201,15476,CRIOLLA,5.0,5.0,50.0,10.0,0.0,0.0009681748345607048
20221201,15476,PASTUSA_SUPREMA,600.0,550.0,9900.0,18.0,8.333333333333337,0.19169861724301954
20221201,15491,PASTUSA_SUPREMA,40.0,38.0,950.0,25.0,5.000000000000004,0.01839532185665339
20221201,15494,PASTUSA_SUPREMA,200.0,200.0,2800.0,14.0,0.0,0.054217790735399465
20221201,15500,PASTUSA_SUPREMA,76.0,76.0,1520.0,20.0,0.0,0.02943251497064542
20221201,15511,PASTUSA_SUPREMA,12.0,12.0,72.0,6.0,0.0,0.0013941717617674148
20221201,15516,PASTUSA_SUPREMA,17.0,82.0,1025.0,12.5,0.0,0.019847584108494448
20221201,15518,CRIOLLA,1.0,1.0,7.0,7.0,0.0,0.00013554447683849865
20221201,15522,PASTUSA_SUPREMA,11.0,11.0,253.0,23.0,0.0,0.004898964662877166
20221201,15531,CRIOLLA,10.0,10.0,70.0,7.0,0.0,0.0013554447683849866
20221201,15531,PASTUSA_SUPREMA,10.0,10.0,150.0,15.0,0.0,0.002904524503682114
20221201,15537,PASTUSA_SUPREMA,15.0,5.0,60.0,12.0,66.66666666666667,0.0011618098014728457
20221201,15542,PASTUSA_SUPREMA,100.0,110.0,2750.0,25.0,0.0,0.05324961590083876
20221201,15599,CRIOLLA,15.0,15.0,225.0,15.0,0.0,0.0043567867555231714
20221201,15599,PASTUSA_SUPREMA,140.0,140.0,2940.0,21.0,0.0,0.056928680272169435
20221201,15600,PASTUSA_SUPREMA,270.0,245.0,3185.0,13.0,9.259259259259256,0.06167273696151689
20221201,15621,PASTUSA_SUPREMA,6.0,6.0,48.0,8.0,0.0,0.0009294478411782765
20221201,15632,CRIOLLA,690.0,410.0,3690.0,9.0,40.57971014492754,0.07145130279058001
20221201,15632,PASTUSA_SUPREMA,2000.0,2400.0,48000.0,20.0,0.0,0.9294478411782765
20221201,15646,PASTUSA_SUPREMA,800.0,720.0,18720.0,26.0,9.999999999999998,0.36248465805952784
20221201,15676,CRIOLLA,2.0,2.0,38.0,19.0,0.0,0.0007358128742661356
20221201,15676,PASTUSA_SUPREMA,20.0,20.0,500.0,25.0,0.0,0.009681748345607047
20221201,15693,CRIOLLA,25.0,24.5,335.65,13.7,2.0000000000000018,0.006499357664406011
20221201,15693,PASTUSA_SUPREMA,30.0,29.0,440.8,15.2,3.3333333333333326,0.008535429341487172
20221201,15696,PASTUSA_SUPREMA,35.0,35.0,560.0,16.0,0.0,0.010843558147079893
20221201,15723,PASTUSA_SUPREMA,3.0,8.0,144.0,18.0,0.0,0.0027883435235348296
20221201,15740,CRIOLLA,48.0,46.0,552.0,12.0,4.1666666666666625,0.01068865017355018
20221201,15740,PASTUSA_SUPREMA,3400.0,2550.0,51000.0,20.0,25.0,0.9875383312519188
20221201,15753,PASTUSA_SUPREMA,15.0,15.0,270.0,18.0,0.0,0.005228144106627805
20221201,15755,CRIOLLA,3.0,8.0,97.12,12.14,0.0,0.0018805827986507128
20221201,15755,PASTUSA_SUPREMA,230.0,295.0,5900.0,20.0,0.0,0.11424463047816316
20221201,15757,PASTUSA_SUPREMA,15.0,25.0,425.0,17.0,0.0,0.00822948609376599
20221201,15759,CRIOLLA,2.0,2.0,16.0,8.0,0.0,0.0003098159470594255
20221201,15759,PASTUSA_SUPREMA,180.0,180.0,2160.0,12.0,0.0,0.04182515285302244
20221201,15761,PASTUSA_SUPREMA,20.0,6.0,78.0,13.0,70.0,0.0015103527419146993
20221201,15762,PASTUSA_SUPREMA,180.0,185.0,3700.0,20.0,0.0,0.07164493775749214
20221201,15763,PASTUSA_SUPREMA,55.0,470.0,12455.0,26.5,0.0,0.24117235128907155
20221201,15764,CRIOLLA,420.0,470.0,7050.0,15.0,0.0,0.13651265167305937
20221201,15764,PASTUSA_SUPREMA,550.0,250.0,6250.0,25.0,54.54545454545454,0.1210218543200881
20221201,15774,PASTUSA_SUPREMA,38.0,32.0,672.0,21.0,15.789473684210531,0.013012269776495871
20221201,15776,PASTUSA_SUPREMA,120.0,110.0,1760.0,16.0,8.333333333333337,0.0340797541765368
20221201,15790,CRIOLLA,5.0,5.0,70.0,14.0,0.0,0.0013554447683849866
20221201,15790,PASTUSA_SUPREMA,30.0,30.0,690.0,23.0,0.0,0.013360812716937724
20221201,15804,PASTUSA_SUPREMA,68.0,160.0,2880.0,18.0,0.0,0.05576687047069659
20221201,15806,PASTUSA_SUPREMA,25.0,22.0,550.0,25.0,12.0,0.010649923180167753
20221201,15808,CRIOLLA,2.0,2.0,16.0,8.0,0.0,0.0003098159470594255
20221201,15808,PASTUSA_SUPREMA,10.0,24.0,388.8,16.2,0.0,0.00752852751354404
20221201,15810,PASTUSA_SUPREMA,0.0,3.0,33.0,11.0,0.0,0.0006389953908100651
20221201,15814,PASTUSA_SUPREMA,1000.0,1780.0,32040.0,18.0,0.0,0.6204064339864995
20221201,15816,PASTUSA_SUPREMA,0.0,4.0,56.0,14.0,0.0,0.0010843558147079892
20221201,15820,PASTUSA_SUPREMA,24.0,26.0,416.0,16.0,0.0,0.008055214623545063
20221201,15822,PASTUSA_SUPREMA,250.0,140.0,2940.0,21.0,43.99999999999999,0.056928680272169435
20221201,15835,PASTUSA_SUPREMA,200.0,250.0,5500.0,22.0,0.0,0.10649923180167752
20221201,15837,PASTUSA_SUPREMA,50.0,50.0,1250.0,25.0,0.0,0.024204370864017617
20221201,15839,CRIOLLA,34.0,34.0,544.0,16.0,0.0,0.010533742200020468
20221201,15839,PASTUSA_SUPREMA,465.0,415.0,9130.0,22.0,10.752688172043012,0.17678872479078467
20221201,15842,CRIOLLA,5.0,5.0,60.0,12.0,0.0,0.0011618098014728457
20221201,15842,PASTUSA_SUPREMA,820.0,810.0,16200.0,20.0,1.2195121951219523,0.3136886463976683
20221201,15861,CRIOLLA,80.0,73.0,1168.0,16.0,8.750000000000002,0.022616564135338062
20221201,15861,PASTUSA_SUPREMA,2400.0,1760.0,52800.0,30.0,26.66666666666667,1.0223926252961042
20221201,15879,CRIOLLA,31.5,31.0,458.8,14.8,1.5873015873015928,0.008883972281929026
20221201,15879,PASTUSA_SUPREMA,516.0,515.5,7784.05,15.1,0.09689922480620172,0.15072642641924508
20221201,17001,PASTUSA_SUPREMA,150.0,45.0,585.0,13.0,70.0,0.011327645564360245
20221201,17013,PASTUSA_SUPREMA,20.0,19.0,57.0,3.0,5.000000000000004,0.0011037193113992033
20221201,17446,CRIOLLA,6.0,6.0,60.0,10.0,0.0,0.0011618098014728457
20221201,17446,PASTUSA_SUPREMA,10.0,10.0,200.0,20.0,0.0,0.003872699338242819
20221201,17541,PASTUSA_SUPREMA,12.0,15.0,315.0,21.0,0.0,0.00609950145773244
20221201,17653,PASTUSA_SUPREMA,60.0,60.0,960.0,16.0,0.0,0.018588956823565532
20221201,17873,PASTUSA_SUPREMA,80.0,79.0,1738.0,22.0,1.2499999999999956,0.0336537572493301
20221201,19022,PASTUSA_SUPREMA,100.0,120.0,1200.0,10.0,0.0,0.023236196029456913
20221201,19100,CRIOLLA,0.0,16.0,192.0,12.0,0.0,0.003717791364713106
20221201,19100,PASTUSA_SUPREMA,0.0,80.0,1600.0,20.0,0.0,0.030981594705942552
20221201,19355,PASTUSA_SUPREMA,0.0,1.8,18.0,10.0,0.0,0.0003485429404418537
20221201,19364,CRIOLLA,18.0,18.0,55.8,3.1,0.0,0.0010804831153697464
20221201,19397,PASTUSA_SUPREMA,36.0,35.0,238.0,6.8,2.777777777777779,0.004608512212508954
20221201,19517,PASTUSA_SUPREMA,85.4,74.8,1047.2,14.0,12.412177985948492,0.020277453735039398
20221201,19585,PASTUSA_SUPREMA,680.0,632.0,12640.0,20.0,7.058823529411762,0.24475459817694614
20221201,19622,PASTUSA_SUPREMA,2.0,2.0,20.0,10.0,0.0,0.0003872699338242819
20221201,19693,PASTUSA_SUPREMA,510.0,480.0,9600.0,20.0,5.882352941176472,0.1858895682356553
20221201,19701,CRIOLLA,2.0,1.95,40.95,21.0,2.500000000000002,0.0007929351895052171
20221201,19701,PASTUSA_SUPREMA,2.0,0.0,0.0,0.0,100.0,0.0
20221201,19743,PASTUSA_SUPREMA,125.0,130.0,3120.0,24.0,0.0,0.060414109676587974
20221201,19760,PASTUSA_SUPREMA,110.0,110.0,2200.0,20.0,0.0,0.04259969272067101
20221201,19821,CRIOLLA,6.0,5.0,45.0,9.0,16.666666666666664,0.0008713573511046342
20221201,19821,PASTUSA_SUPREMA,7.0,7.0,105.0,15.0,0.0,0.00203316715257748
20221201,19824,CRIOLLA,78.0,150.0,3600.0,24.0,0.0,0.06970858808837074
20221201,19824,PASTUSA_SUPREMA,700.0,400.0,11200.0,28.0,42.85714285714286,0.21687116294159786
20221201,25019,PASTUSA_SUPREMA,5.0,7.0,140.0,20.0,0.0,0.0027108895367699733
20221201,25053,PASTUSA_SUPREMA,22.0,7.0,105.0,15.0,68.18181818181819,0.00203316715257748
20221201,25099,CRIOLLA,100.0,85.0,1530.0,18.0,15.000000000000002,0.029626149937557564
20221201,25099,PASTUSA_SUPREMA,130.0,295.0,5044.5,17.1,0.0,0.0976791590588295
20221201,25120,PASTUSA_SUPREMA,18.0,29.0,397.3,13.7,0.0,0.0076931172354193595
20221201,25126,PASTUSA_SUPREMA,14.0,8.0,120.0,15.0,42.85714285714286,0.0023236196029456915
20221201,25151,CRIOLLA,62.0,62.0,992.0,16.0,0.0,0.019208588717684383
20221201,25151,PASTUSA_SUPREMA,82.0,55.0,1265.0,23.0,32.92682926829268,0.02449482331438583
20221201,25154,CRIOLLA,32.0,30.0,600.0,20.0,6.25,0.011618098014728457
20221201,25154,PASTUSA_SUPREMA,750.0,700.0,17500.0,25.0,6.666666666666665,0.33886119209624666
20221201,25175,PASTUSA_SUPREMA,25.0,42.0,840.0,20.0,0.0,0.01626533722061984
20221201,25178,PASTUSA_SUPREMA,35.0,32.0,960.0,30.0,8.571428571428575,0.018588956823565532
20221201,25181,CRIOLLA,80.0,50.0,700.0,14.0,37.5,0.013554447683849866
20221201,25181,PASTUSA_SUPREMA,20.0,15.0,210.0,14.0,25.0,0.00406633430515496
20221201,25183,CRIOLLA,10.0,10.0,190.0,19.0,0.0,0.0036790643713306777
20221201,25183,PASTUSA_SUPREMA,500.0,500.0,15000.0,30.0,0.0,0.29045245036821143
20221201,25200,PASTUSA_SUPREMA,400.0,400.0,7600.0,19.0,0.0,0.14716257485322712
20221201,25214,PASTUSA_SUPREMA,6.0,6.0,156.0,26.0,0.0,0.0030207054838293987
20221201,25224,CRIOLLA,6.0,6.0,132.0,22.0,0.0,0.0025559815632402606
20221201,25224,PASTUSA_SUPREMA,100.0,90.0,3150.0,35.0,9.999999999999998,0.0609950145773244
20221201,25260,CRIOLLA,275.0,270.0,4590.0,17.0,1.8181818181818188,0.08887844981267269
20221201,25260,PASTUSA_SUPREMA,420.0,430.0,10320.0,24.0,0.0,0.19983128585332946
20221201,25269,CRIOLLA,98.0,98.0,1960.0,20.0,0.0,0.037952453514779626
20221201,25269,PASTUSA_SUPREMA,330.0,700.0,14000.0,20.0,0.0,0.2710889536769973
20221201,25281,CRIOLLA,250.0,90.0,1260.0,14.0,64.0,0.02439800583092976
20221201,25281,PASTUSA_SUPREMA,300.0,135.0,2835.0,21.0,55.00000000000001,0.054895513119591954
20221201,25286,PASTUSA_SUPREMA,140.0,130.0,3900.0,30.0,7.14285714285714,0.07551763709573497
20221201,25288,CRIOLLA,9.0,8.0,144.0,18.0,11.111111111111116,0.0027883435235348296
20221201,25288,PASTUSA_SUPREMA,120.0,110.0,2200.0,20.0,8.333333333333337,0.04259969272067101
20221201,25293,PASTUSA_SUPREMA,2.0,0.0,0.0,0.0,100.0,0.0
20221201,25295,PASTUSA_SUPREMA,10.0,5.0,110.0,22.0,50.0,0.00212998463603355
20221201,25297,PASTUSA_SUPREMA,15.0,6.0,108.0,18.0,60.0,0.002091257642651122
20221201,25299,PASTUSA_SUPREMA,6.0,5.0,115.0,23.0,16.666666666666664,0.002226802119489621
20221201,25312,CRIOLLA,19.0,19.0,285.0,15.0,0.0,0.005518596556996017
20221201,25312,PASTUSA_SUPREMA,62.0,62.0,1240.0,20.0,0.0,0.024010735897105475
20221201,25317,CRIOLLA,17.0,17.0,272.0,16.0,0.0,0.005266871100010234
20221201,25317,PASTUSA_SUPREMA,270.0,333.0,6660.0,20.0,0.0,0.12896088796348587
20221201,25322,CRIOLLA,14.0,14.0,196.0,14.0,0.0,0.0037952453514779627
20221201,25322,PASTUSA_SUPREMA,112.0,112.0,1568.0,14.0,0.0,0.0303619628118237
20221201,25326,CRIOLLA,50.0,50.0,1400.0,28.0,0.0,0.027108895367699733
20221201,25326,PASTUSA_SUPREMA,1000.0,1000.0,34000.0,34.0,0.0,0.6583588875012792
20221201,25339,PASTUSA_SUPREMA,58.0,57.0,1140.0,20.0,1.7241379310344862,0.022074386227984067
20221201,25372,PASTUSA_SUPREMA,35.0,30.0,450.0,15.0,14.28571428571429,0.008713573511046343
20221201,25377,CRIOLLA,98.0,61.0,1311.5,21.5,37.755102040816325,0.025395225910527286
20221201,25377,PASTUSA_SUPREMA,815.0,480.0,14400.0,30.0,41.104294478527606,0.278834352353483
20221201,25407,CRIOLLA,25.0,28.0,386.4,13.8,0.0,0.007482055121485126
20221201,25407,PASTUSA_SUPREMA,450.0,450.0,6003.0,13.34,0.0,0.11623907063735821
20221201,25426,CRIOLLA,22.0,35.0,490.0,14.0,0.0,0.009488113378694906
20221201,25426,PASTUSA_SUPREMA,190.0,290.0,4930.0,17.0,0.0,0.09546203868768549
20221201,25430,PASTUSA_SUPREMA,540.0,523.8,11523.6,22.0,3.0000000000000138,0.22313719047087474
20221201,25436,PASTUSA_SUPREMA,26.0,26.0,468.0,18.0,0.0,0.009062116451488196
20221201,25473,PASTUSA_SUPREMA,200.0,250.0,5250.0,21.0,0.0,0.101658357628874
20221201,25486,CRIOLLA,3.0,3.0,60.0,20.0,0.0,0.0011618098014728457
20221201,25513,CRIOLLA,210.0,190.0,2660.0,14.0,9.523809523809524,0.05150690119862949
20221201,25513,PASTUSA_SUPREMA,120.0,110.0,2310.0,21.0,8.333333333333337,0.04472967735670456
20221201,25535,PASTUSA_SUPREMA,950.0,1047.0,18322.5,17.5,0.0,0.35478766812477025
20221201,25594,CRIOLLA,12.0,100.0,1600.0,16.0,0.0,0.030981594705942552
20221201,25594,PASTUSA_SUPREMA,20.0,18.0,288.0,16.0,9.999999999999998,0.005576687047069659
20221201,25649,PASTUSA_SUPREMA,10.0,10.0,200.0,20.0,0.0,0.003872699338242819
20221201,25653,CRIOLLA,28.0,26.0,416.0,16.0,7.14285714285714,0.008055214623545063
20221201,25653,PASTUSA_SUPREMA,1000.0,900.0,18000.0,20.0,9.999999999999998,0.3485429404418537
20221201,25736,CRIOLLA,30.0,20.0,360.0,18.0,33.333333333333336,0.006970858808837074
20221201,25736,PASTUSA_SUPREMA,990.0,980.0,32340.0,33.0,1.0101010101010055,0.6262154829938638
20221201,25740,CRIOLLA,518.0,518.0,11396.0,22.0,0.0,0.22066640829307582
20221201,25740,PASTUSA_SUPREMA,689.0,900.0,21150.0,23.5,0.0,0.4095379550191781
20221201,25745,PASTUSA_SUPREMA,70.0,40.0,1000.0,25.0,42.85714285714286,0.019363496691214094
20221201,25754,CRIOLLA,40.0,39.0,780.0,20.0,2.500000000000002,0.015103527419146993
20221201,25754,PASTUSA_SUPREMA,470.0,460.0,10120.0,22.0,2.127659574468088,0.19595858651508663
20221201,25758,PASTUSA_SUPREMA,25.0,25.0,825.0,33.0,0.0,0.015974884770251628
20221201,25769,CRIOLLA,80.0,80.0,1440.0,18.0,0.0,0.027883435235348294
20221201,25769,PASTUSA_SUPREMA,220.0,180.0,4770.0,26.5,18.181818181818176,0.09236387921709123
20221201,25772,CRIOLLA,6.0,6.0,120.0,20.0,0.0,0.0023236196029456915
20221201,25772,PASTUSA_SUPREMA,800.0,600.0,12000.0,20.0,25.0,0.23236196029456913
20221201,25779,CRIOLLA,40.0,40.0,640.0,16.0,0.0,0.01239263788237702
20221201,25779,PASTUSA_SUPREMA,200.0,160.0,3360.0,21.0,19.999999999999996,0.06506134888247936
20221201,25781,PASTUSA_SUPREMA,120.0,0.0,0.0,0.0,100.0,0.0
20221201,25785,CRIOLLA,11.0,7.0,120.4,17.2,36.36363636363637,0.002331365001622177
20221201,25785,PASTUSA_SUPREMA,97.0,63.0,1197.0,19.0,35.051546391752574,0.02317810553938327
20221201,25793,CRIOLLA,95.0,93.0,1302.0,14.0,2.1052631578947323,0.02521127269196075
20221201,25793,PASTUSA_SUPREMA,7580.0,7480.0,142120.0,19.0,1.319261213720313,2.751940149755347
20221201,25799,CRIOLLA,5.0,5.0,115.0,23.0,0.0,0.002226802119489621
20221201,25799,PASTUSA_SUPREMA,100.0,150.0,4500.0,30.0,0.0,0.08713573511046342
20221201,25807,PASTUSA_SUPREMA,300.0,300.0,3000.0,10.0,0.0,0.05809049007364228
20221201,25817,PASTUSA_SUPREMA,15.0,13.0,273.0,21.0,13.33333333333333,0.005286234596701448
20221201,25841,CRIOLLA,153.0,98.0,1960.0,20.0,35.94771241830066,0.037952453514779626
20221201,25841,PASTUSA_SUPREMA,520.0,385.0,7700.0,20.0,25.96153846153846,0.14909892452234852
20221201,25843,CRIOLLA,15.0,11.0,154.0,14.0,26.66666666666667,0.0029819784904469705
20221201,25843,PASTUSA_SUPREMA,481.0,474.0,8532.0,18.0,1.4553014553014498,0.16520935376943865
20221201,25845,CRIOLLA,300.0,220.0,3960.0,18.0,26.66666666666667,0.0766794468972078
20221201,25845,PASTUSA_SUPREMA,834.0,250.0,6250.0,25.0,70.02398081534771,0.1210218543200881
20221201,25873,CRIOLLA,18.0,18.0,252.0,14.0,0.0,0.004879601166185952
20221201,25873,PASTUSA_SUPREMA,5400.0,6960.0,174000.0,25.0,0.0,3.3692484242712526
20221201,25898,CRIOLLA,90.0,90.0,1710.0,19.0,0.0,0.0331115793419761
20221201,25898,PASTUSA_SUPREMA,120.0,120.0,2880.0,24.0,0.0,0.05576687047069659
20221201,25899,CRIOLLA,120.0,110.0,1320.0,12.0,8.333333333333337,0.025559815632402606
20221201,25899,PASTUSA_SUPREMA,1100.0,900.0,18000.0,20.0,18.181818181818176,0.3485429404418537
20221201,41001,PASTUSA_SUPREMA,3.0,3.0,21.0,7.0,0.0,0.00040663343051549597
20221201,41020,PASTUSA_SUPREMA,1.0,1.0,1.0,1.0,0.0,1.9363496691214095e-05
20221201,41206,PASTUSA_SUPREMA,4.0,4.0,20.0,5.0,0.0,0.0003872699338242819
20221201,41359,PASTUSA_SUPREMA,1.5,2.0,10.0,5.0,0.0,0.00019363496691214094
20221201,41396,PASTUSA_SUPREMA,3.0,8.0,56.0,7.0,0.0,0.0010843558147079892
20221201,41668,PASTUSA_SUPREMA,3.5,2.5,12.5,5.0,28.57142857142857,0.0002420437086401762
20221201,52001,CRIOLLA,110.0,110.0,1980.0,18.0,0.0,0.0383397234486039
20221201,52001,PASTUSA_SUPREMA,4700.0,4930.0,123250.0,25.0,0.0,2.386550967192137
20221201,52022,PASTUSA_SUPREMA,220.0,200.0,3000.0,15.0,9.090909090909093,0.05809049007364228
20221201,52036,CRIOLLA,1.5,1.5,15.0,10.0,0.0,0.00029045245036821144
20221201,52036,PASTUSA_SUPREMA,20.0,20.0,300.0,15.0,0.0,0.005809049007364228
20221201,52083,PASTUSA_SUPREMA,8.0,6.0,42.0,7.0,25.0,0.0008132668610309919
20221201,52110,PASTUSA_SUPREMA,20.0,58.0,464.0,8.0,0.0,0.008984662464723339
20221201,52210,PASTUSA_SUPREMA,500.0,500.0,10000.0,20.0,0.0,0.19363496691214094
20221201,52215,CRIOLLA,70.0,70.0,840.0,12.0,0.0,0.01626533722061984
20221201,52215,PASTUSA_SUPREMA,350.0,350.0,7000.0,20.0,0.0,0.13554447683849866
20221201,52224,CRIOLLA,45.0,43.0,645.0,15.0,4.444444444444439,0.012489455365833091
20221201,52224,PASTUSA_SUPREMA,400.0,360.0,8280.0,23.0,9.999999999999998,0.1603297526032527
20221201,52227,CRIOLLA,123.0,64.0,640.0,10.0,47.96747967479674,0.01239263788237702
20221201,52227,PASTUSA_SUPREMA,561.0,457.0,10054.0,22.0,18.538324420677366,0.1946805957334665
20221201,52240,PASTUSA_SUPREMA,1.0,4.0,72.0,18.0,0.0,0.0013941717617674148
20221201,52258,PASTUSA_SUPREMA,4.0,6.5,78.0,12.0,0.0,0.0015103527419146993
20221201,52260,PASTUSA_SUPREMA,8.0,5.0,95.0,19.0,37.5,0.0018395321856653388
20221201,52287,PASTUSA_SUPREMA,40.0,70.0,770.0,11.0,0.0,0.014909892452234853
20221201,52317,CRIOLLA,20.0,19.0,342.0,18.0,5.000000000000004,0.0066223158683952205
20221201,52317,PASTUSA_SUPREMA,450.0,427.0,9394.0,22.0,5.111111111111111,0.1819006879172652
20221201,52320,CRIOLLA,12.0,11.0,176.0,16.0,8.333333333333337,0.0034079754176536805
20221201,52320,PASTUSA_SUPREMA,150.0,150.0,3600.0,24.0,0.0,0.06970858808837074
20221201,52323,CRIOLLA,15.0,15.0,120.0,8.0,0.0,0.0023236196029456915
20221201,52323,PASTUSA_SUPREMA,500.0,500.0,9500.0,19.0,0.0,0.1839532185665339
20221201,52352,CRIOLLA,80.0,80.0,800.0,10.0,0.0,0.015490797352971276
20221201,52352,PASTUSA_SUPREMA,130.0,130.0,2600.0,20.0,0.0,0.05034509139715664
20221201,52354,CRIOLLA,30.0,28.0,364.0,13.0,6.666666666666665,0.00704831279560193
20221201,52354,PASTUSA_SUPREMA,400.0,328.0,6888.0,21.0,18.000000000000004,0.13337576520908268
20221201,52356,CRIOLLA,70.0,65.0,585.0,9.0,7.14285714285714,0.011327645564360245
20221201,52356,PASTUSA_SUPREMA,850.0,425.0,7650.0,18.0,50.0,0.14813074968778783
20221201,52378,PASTUSA_SUPREMA,75.0,75.0,1500.0,20.0,0.0,0.02904524503682114
20221201,52381,CRIOLLA,2.5,2.0,10.0,5.0,19.999999999999996,0.00019363496691214094
20221201,52381,PASTUSA_SUPREMA,5.0,5.0,75.0,15.0,0.0,0.001452262251841057
20221201,52385,PASTUSA_SUPREMA,2.2,2.2,10.56,4.8,0.0,0.00020447852505922084
20221201,52418,PASTUSA_SUPREMA,0.0,4.0,36.0,9.0,0.0,0.0006970858808837074
20221201,52435,PASTUSA_SUPREMA,20.0,20.0,200.0,10.0,0.0,0.003872699338242819
20221201,52480,CRIOLLA,8.0,7.5,75.0,10.0,6.25,0.001452262251841057
20221201,52480,PASTUSA_SUPREMA,15.0,10.0,130.0,13.0,33.333333333333336,0.0025172545698578324
20221201,52506,PASTUSA_SUPREMA,930.0,0.0,0.0,0.0,100.0,0.0
20221201,52560,CRIOLLA,720.0,281.0,3934.0,14.0,60.97222222222223,0.07617599598323625
20221201,52560,PASTUSA_SUPREMA,2760.0,2800.0,72800.0,26.0,0.0,1.409662559120386
20221201,52565,PASTUSA_SUPREMA,10.0,8.0,80.0,10.0,19.999999999999996,0.0015490797352971275
20221201,52573,CRIOLLA,70.0,60.0,540.0,9.0,14.28571428571429,0.01045628821325561
20221201,52573,PASTUSA_SUPREMA,150.0,130.0,2210.0,17.0,13.33333333333333,0.04279332768758315
20221201,52585,CRIOLLA,67.0,22.0,396.0,18.0,67.16417910447761,0.007667944689720782
20221201,52585,PASTUSA_SUPREMA,1500.0,2050.0,55350.0,27.0,0.0,1.0717695418587
20221201,52678,PASTUSA_SUPREMA,40.2,38.5,654.5,17.0,4.228855721393043,0.012673408584399625
20221201,52683,PASTUSA_SUPREMA,4.0,12.0,240.0,20.0,0.0,0.004647239205891383
20221201,52685,PASTUSA_SUPREMA,10.0,10.0,120.0,12.0,0.0,0.0023236196029456915
20221201,52699,PASTUSA_SUPREMA,14.0,10.0,150.0,15.0,28.57142857142857,0.002904524503682114
20221201,52720,CRIOLLA,9.0,9.0,90.0,10.0,0.0,0.0017427147022092684
20221201,52720,PASTUSA_SUPREMA,700.0,300.0,6600.0,22.0,57.14285714285714,0.12779907816201302
20221201,52788,PASTUSA_SUPREMA,390.0,420.0,8400.0,20.0,0.0,0.16265337220619838
20221201,52838,CRIOLLA,412.3,412.3,7009.1,17.0,0.0,0.1357206846583887
20221201,52838,PASTUSA_SUPREMA,3215.0,3200.0,80000.0,25.0,0.4665629860031051,1.5490797352971275
20221201,52885,PASTUSA_SUPREMA,250.0,250.0,5000.0,20.0,0.0,0.09681748345607047
20221201,54125,CRIOLLA,50.0,69.0,1380.0,20.0,0.0,0.02672162543387545
20221201,54125,PASTUSA_SUPREMA,55.0,70.0,1540.0,22.0,0.0,0.029819784904469706
20221201,54174,CRIOLLA,70.0,50.0,740.0,14.8,28.57142857142857,0.01432898755149843
20221201,54174,PASTUSA_SUPREMA,560.0,480.0,6000.0,12.5,14.28571428571429,0.11618098014728456
20221201,54347,CRIOLLA,1.5,1.5,21.75,14.5,0.0,0.00042115605303390653
20221201,54347,PASTUSA_SUPREMA,2.5,2.5,40.0,16.0,0.0,0.0007745398676485638
20221201,54377,CRIOLLA,4.0,4.0,60.0,15.0,0.0,0.0011618098014728457
20221201,54377,PASTUSA_SUPREMA,6.0,6.0,90.0,15.0,0.0,0.0017427147022092684
20221201,54480,CRIOLLA,90.0,90.0,2160.0,24.0,0.0,0.04182515285302244
20221201,54480,PASTUSA_SUPREMA,50.0,55.0,1210.0,22.0,0.0,0.023429830996369055
20221201,54518,CRIOLLA,88.0,86.0,1118.0,13.0,2.2727272727272707,0.02164838930077736
20221201,54518,PASTUSA_SUPREMA,140.0,157.0,2355.0,15.0,0.0,0.04560103470780919
20221201,54743,CRIOLLA,225.0,228.0,4560.0,20.0,0.0,0.08829754491193627
20221201,54743,PASTUSA_SUPREMA,520.0,880.0,17600.0,20.0,0.0,0.3407975417653681
20221201,68020,PASTUSA_SUPREMA,90.0,80.0,1440.0,18.0,11.111111111111116,0.027883435235348294
20221201,68101,PASTUSA_SUPREMA,24.0,32.0,704.0,22.0,0.0,0.013631901670614722
20221201,68132,CRIOLLA,2.0,2.0,18.0,9.0,0.0,0.0003485429404418537
20221201,68152,PASTUSA_SUPREMA,0.0,246.0,3936.0,16.0,0.0,0.07621472297661867
20221201,68162,PASTUSA_SUPREMA,200.0,180.0,3600.0,20.0,9.999999999999998,0.06970858808837074
20221201,68207,CRIOLLA,12.0,12.0,156.0,13.0,0.0,0.0030207054838293987
20221201,68207,PASTUSA_SUPREMA,40.0,40.0,920.0,23.0,0.0,0.017814416955916967
20221201,68245,CRIOLLA,3.0,3.0,5.4,1.8,0.0,0.00010456288213255611
20221201,68245,PASTUSA_SUPREMA,2.0,2.0,6.0,3.0,0.0,0.00011618098014728456
20221201,68264,PASTUSA_SUPREMA,26.0,26.0,156.0,6.0,0.0,0.0030207054838293987
20221201,68298,PASTUSA_SUPREMA,10.0,15.0,117.0,7.8,0.0,0.002265529112872049
20221201,68318,CRIOLLA,30.0,29.6,532.8,18.0,1.3333333333333308,0.01031687103707887
20221201,68318,PASTUSA_SUPREMA,215.0,275.0,6050.0,22.0,0.0,0.11714915498184526
20221201,68368,CRIOLLA,2.0,2.0,30.6,15.3,0.0,0.0005925229987511513
20221201,68377,PASTUSA_SUPREMA,3.0,3.0,81.0,27.0,0.0,0.0015684432319883416
20221201,68432,CRIOLLA,1.0,1.0,23.0,23.0,0.0,0.00044536042389792415
20221201,68468,PASTUSA_SUPREMA,9.0,18.0,324.0,18.0,0.0,0.006273772927953366
20221201,68502,PASTUSA_SUPREMA,75.0,130.0,2145.0,16.5,0.0,0.04153470040265423
20221201,68572,PASTUSA_SUPREMA,25.0,35.0,525.0,15.0,0.0,0.010165835762887399
20221201,68669,PASTUSA_SUPREMA,20.0,30.0,450.0,15.0,0.0,0.008713573511046343
20221201,68682,CRIOLLA,2.0,3.0,18.0,6.0,0.0,0.0003485429404418537
20221201,68682,PASTUSA_SUPREMA,0.0,3.0,24.0,8.0,0.0,0.00046472392058913823
20221201,68773,PASTUSA_SUPREMA,0.4,0.3,4.5,15.0,25.00000000000001,8.713573511046343e-05
20221201,68820,PASTUSA_SUPREMA,150.0,250.0,6750.0,27.0,0.0,0.13070360266569514
20221201,68867,CRIOLLA,0.5,1.5,18.75,12.5,0.0,0.00036306556296026427
20221201,68867,PASTUSA_SUPREMA,3.0,3.0,60.0,20.0,0.0,0.0011618098014728457
20221201,73043,PASTUSA_SUPREMA,112.0,101.0,1616.0,16.0,9.82142857142857,0.03129141065300198
20221201,73124,CRIOLLA,10.0,10.0,115.0,11.5,0.0,0.002226802119489621
20221201,73124,PASTUSA_SUPREMA,13.0,13.0,175.5,13.5,0.0,0.0033982936693080735
20221201,73152,PASTUSA_SUPREMA,120.0,100.0,1850.0,18.5,16.666666666666664,0.03582246887874607
20221201,73347,PASTUSA_SUPREMA,156.0,156.0,2184.0,14.0,0.0,0.04228987677361158
20221201,73461,CRIOLLA,15.0,15.0,210.0,14.0,0.0,0.00406633430515496
20221201,73461,PASTUSA_SUPREMA,160.0,140.0,3780.0,27.0,12.5,0.07319401749278928
20221201,73622,CRIOLLA,60.0,60.0,1200.0,20.0,0.0,0.023236196029456913
20221201,73622,PASTUSA_SUPREMA,50.0,50.0,900.0,18.0,0.0,0.017427147022092686
20221201,73686,PASTUSA_SUPREMA,120.0,100.0,1200.0,12.0,16.666666666666664,0.023236196029456913
20221201,73870,PASTUSA_SUPREMA,20.0,12.0,72.0,6.0,40.0,0.0013941717617674148
20221201,76111,PASTUSA_SUPREMA,11.0,7.0,119.0,17.0,36.36363636363637,0.002304256106254477
20221201,76736,PASTUSA_SUPREMA,12.0,31.0,341.0,11.0,0.0,0.006602952371704006
20221201,76834,PASTUSA_SUPREMA,225.0,250.0,4250.0,17.0,0.0,0.0822948609376599
20221201,86755,PASTUSA_SUPREMA,0.0,2.0,4.0,2.0,0.0,7.745398676485638e-05
20230601,05001,PASTUSA_SUPREMA,42.0,0.0,0.0,0.0,100.0,0.0
20230601,05002,PASTUSA_SUPREMA,90.0,85.0,850.0,10.0,5.555555555555558,0.0163094365997227
20230601,05004,CRIOLLA,3.0,1.0,3.0,3.0,66.66666666666667,5.756271741078599e-05
20230601,05004,PASTUSA_SUPREMA,2.0,0.5,1.5,3.0,75.0,2.8781358705392996e-05
20230601,05079,PASTUSA_SUPREMA,20.0,13.0,97.5,7.5,35.0,0.0018707883158505447
20230601,05086,PASTUSA_SUPREMA,420.0,210.0,2940.0,14.0,50.0,0.05641146306257027
20230601,05088,PASTUSA_SUPREMA,225.0,225.0,4050.0,18.0,0.0,0.07770966850456108
20230601,05093,CRIOLLA,4.0,0.0,0.0,0.0,100.0,0.0
20230601,05148,CRIOLLA,350.0,450.0,4950.0,11.0,0.0,0.09497848372779688
20230601,05148,PASTUSA_SUPREMA,250.0,180.0,3240.0,18.0,28.000000000000004,0.06216773480364887
20230601,05206,PASTUSA_SUPREMA,40.0,34.0,510.0,15.0,15.000000000000002,0.009785661959833618
20230601,05237,CRIOLLA,1.5,1.3,13.0,10.0,13.33333333333333,0.00024943844211340594
20230601,05237,PASTUSA_SUPREMA,46.0,55.0,1375.0,25.0,0.0,0.026382912146610246
20230601,05264,PASTUSA_SUPREMA,480.0,560.0,16800.0,30.0,0.0,0.3223512175004015
20230601,05266,PASTUSA_SUPREMA,12.7,19.0,300.01,15.79,0.0,0.005756463616803302
20230601,05308,CRIOLLA,4.8,4.5,22.5,5.0,6.25,0.00043172038058089494
20230601,05308,PASTUSA_SUPREMA,5.0,4.8,38.4,8.0,4.0000000000000036,0.0007368027828580607
20230601,05313,CRIOLLA,1.5,1.5,19.5,13.0,0.0,0.00037415766317010896
20230601,05313,PASTUSA_SUPREMA,5.0,5.0,87.5,17.5,0.0,0.0016789125911479247
20230601,05318,PASTUSA_SUPREMA,6.0,6.0,54.0,9.0,0.0,0.0010361289133941477
20230601,05376,PASTUSA_SUPREMA,20.0,9.0,144.0,16.0,55.00000000000001,0.0027630104357177277
20230601,05400,CRIOLLA,115.0,116.8,1483.36,12.7,0.0,0.028462077499487835
20230601,05400,PASTUSA_SUPREMA,839.0,794.75,12716.0,16.0,5.274135876042907,0.24398917153185154
20230601,05440,PASTUSA_SUPREMA,170.0,169.0,1352.0,8.0,0.588235294117645,0.025941597979794218
20230601,05541,PASTUSA_SUPREMA,18.0,35.0,525.0,15.0,0.0,0.010073475546887548
20230601,05607,PASTUSA_SUPREMA,50.0,50.0,500.0,10.0,0.0,0.009593786235130998
20230601,05615,PASTUSA_SUPREMA,7.0,5.0,67.5,13.5,28.57142857142857,0.0012951611417426848
20230601,05647,PASTUSA_SUPREMA,2.0,2.0,20.0,10.0,0.0,0.00038375144940523996
20230601,05658,PASTUSA_SUPREMA,38.0,10.0,250.0,25.0,73.6842105263158,0.004796893117565499
20230601,05664,CRIOLLA,48.0,42.0,420.0,10.0,12.5,0.008058780437510038
20230601,05664,PASTUSA_SUPREMA,409.0,308.0,12320.0,40.0,24.694376528117356,0.2363908928336278
20230601,05674,PASTUSA_SUPREMA,550.0,550.0,12100.0,22.0,0.0,0.23216962689017015
20230601,05686,CRIOLLA,82.1,6.5,97.5,15.0,92.08282582216809,0.0018707883158505447
20230601,05686,PASTUSA_SUPREMA,325.4,50.0,1750.0,35.0,84.63429625076829,0.033578251822958496
20230601,05697,CRIOLLA,63.0,62.5,750.0,12.0,0.7936507936507908,0.014390679352696497
20230601,05697,PASTUSA_SUPREMA,55.0,51.0,918.0,18.0,7.272727272727275,0.017614191527700513
20230601,05756,CRIOLLA,150.0,94.0,1222.0,13.0,37.33333333333333,0.02344721355866016
20230601,05756,PASTUSA_SUPREMA,70.0,55.0,880.0,16.0,21.42857142857143,0.016885063773830557
20230601,05847,CRIOLLA,8.0,12.6,151.2,12.0,0.0,0.002901160957503614
20230601,05847,PASTUSA_SUPREMA,5.0,5.0,90.0,18.0,0.0,0.0017268815223235798
20230601,05887,PASTUSA_SUPREMA,55.0,30.0,660.0,22.0,45.45454545454546,0.012663797830372917
20230601,15001,CRIOLLA,300.0,270.0,2700.0,10.0,9.999999999999998,0.05180644566970739
20230601,15001,PASTUSA_SUPREMA,2800.0,2280.0,45600.0,20.0,18.571428571428573,0.874953304643947
20230601,15022,CRIOLLA,2.0,2.0,10.8,5.4,0.0,0.00020722578267882958
20230601,15022,PASTUSA_SUPREMA,5.0,0.0,0.0,0.0,100.0,0.0
20230601,15047,CRIOLLA,3.0,12.0,84.0,7.0,0.0,0.0016117560875020078
20230601,15047,PASTUSA_SUPREMA,7.0,65.0,1170.0,18.0,0.0,0.022449459790206537
20230601,15051,PASTUSA_SUPREMA,1240.0,1345.0,33625.0,25.0,0.0,0.6451821243125596
20230601,15087,CRIOLLA,40.0,40.0,480.0,12.0,0.0,0.009210034785725758
20230601,15087,PASTUSA_SUPREMA,280.0,285.0,5130.0,18.0,0.0,0.09843224677244404
20230601,15092,CRIOLLA,7.0,7.0,70.0,10.0,0.0,0.0013431300729183399
20230601,15092,PASTUSA_SUPREMA,44.0,13.0,208.0,16.0,70.45454545454545,0.003991015073814495
20230601,15104,PASTUSA_SUPREMA,170.0,50.0,1000.0,20.0,70.58823529411764,0.019187572470261996
20230601,15109,CRIOLLA,2.0,2.0,20.0,10.0,0.0,0.00038375144940523996
20230601,15109,PASTUSA_SUPREMA,20.0,18.0,360.0,20.0,9.999999999999998,0.006907526089294319
20230601,15114,PASTUSA_SUPREMA,5.0,5.0,43.5,8.7,0.0,0.0008346594024563968
20230601,15131,CRIOLLA,120.0,120.0,1560.0,13.0,0.0,0.029932613053608715
20230601,15131,PASTUSA_SUPREMA,90.0,100.0,1800.0,18.0,0.0,0.034537630446471596
20230601,15162,PASTUSA_SUPREMA,55.0,56.0,672.0,12.0,0.0,0.012894048700016062
20230601,15172,PASTUSA_SUPREMA,4.0,1.0,15.0,15.0,75.0,0.0002878135870539299
20230601,15176,CRIOLLA,50.0,50.0,800.0,16.0,0.0,0.015350057976209598
20230601,15176,PASTUSA_SUPREMA,300.0,180.0,4500.0,25.0,40.0,0.08634407611617899
20230601,15180,PASTUSA_SUPREMA,50.0,85.0,1530.0,18.0,0.0,0.029356985879500856
20230601,15183,PASTUSA_SUPREMA,35.0,30.0,450.0,15.0,14.28571428571429,0.008634407611617899
20230601,15187,PASTUSA_SUPREMA,120.0,9.0,234.0,26.0,92.5,0.004489891958041307
20230601,15189,PASTUSA_SUPREMA,250.0,280.0,5600.0,20.0,0.0,0.10745040583346718
20230601,15204,PASTUSA_SUPREMA,600.0,400.0,8000.0,20.0,33.333333333333336,0.15350057976209597
20230601,15215,CRIOLLA,0.5,0.5,6.5,13.0,0.0,0.00012471922105670297
20230601,15215,PASTUSA_SUPREMA,2.0,2.6,52.0,20.0,0.0,0.0009977537684536237
20230601,15224,PASTUSA_SUPREMA,110.0,133.0,2660.0,20.0,0.0,0.05103894277089691
20230601,15226,CRIOLLA,2.0,3.0,21.0,7.0,0.0,0.00040293902187550195
20230601,15226,PASTUSA_SUPREMA,21.0,20.0,240.0,12.0,4.761904761904767,0.004605017392862879
20230601,15232,CRIOLLA,20.0,18.0,180.0,10.0,9.999999999999998,0.0034537630446471596
20230601,15232,PASTUSA_SUPREMA,650.0,180.0,3600.0,20.0,72.3076923076923,0.06907526089294319
20230601,15236,PASTUSA_SUPREMA,0.2,2.0,32.0,16.0,0.0,0.000614002319048384
20230601,15238,CRIOLLA,4.0,4.0,72.0,18.0,0.0,0.0013815052178588639
20230601,15238,PASTUSA_SUPREMA,40.0,25.0,500.0,20.0,37.5,0.009593786235130998
20230601,15244,PASTUSA_SUPREMA,200.0,75.0,900.0,12.0,62.5,0.017268815223235798
20230601,15248,PASTUSA_SUPREMA,12.3,12.3,98.4,8.0,0.0,0.0018880571310737806
20230601,15272,PASTUSA_SUPREMA,100.0,125.0,2500.0,20.0,0.0,0.04796893117565499
20230601,15276,PASTUSA_SUPREMA,50.0,0.0,0.0,0.0,100.0,0.0
20230601,15293,PASTUSA_SUPREMA,150.0,91.0,1820.0,20.0,39.33333333333333,0.03492138189587683
20230601,15296,PASTUSA_SUPREMA,420.0,0.0,0.0,0.0,100.0,0.0
20230601,15299,PASTUSA_SUPREMA,4.0,4.0,28.0,7.0,0.0,0.0005372520291673359
20230601,15317,PASTUSA_SUPREMA,12.0,12.0,120.0,10.0,0.0,0.0023025086964314394
20230601,15332,CRIOLLA,2.0,2.0,14.0,7.0,0.0,0.00026862601458366793
20230601,15332,PASTUSA_SUPREMA,25.0,18.0,216.0,12.0,28.000000000000004,0.004144515653576591
20230601,15362,PASTUSA_SUPREMA,14.0,10.0,200.0,20.0,28.57142857142857,0.0038375144940523995
20230601,15367,PASTUSA_SUPREMA,450.0,400.0,7600.0,19.0,11.111111111111116,0.14582555077399117
20230601,15368,PASTUSA_SUPREMA,300.0,200.0,3000.0,15.0,33.333333333333336,0.05756271741078599
20230601,15377,PASTUSA_SUPREMA,3.0,9.5,95.0,10.0,0.0,0.0018228193846748896
20230601,15403,CRIOLLA,5.5,4.0,60.0,15.0,27.27272727272727,0.0011512543482157197
20230601,15403,PASTUSA_SUPREMA,15.0,10.0,200.0,20.0,33.333333333333336,0.0038375144940523995
20230601,15407,PASTUSA_SUPREMA,142.0,97.0,1649.0,17.0,31.690140845070424,0.031640307003462036
20230601,15425,PASTUSA_SUPREMA,8.0,3.0,45.0,15.0,62.5,0.0008634407611617899
20230601,15442,CRIOLLA,3.0,3.0,46.5,15.5,0.0,0.0008922221198671828
20230601,15442,PASTUSA_SUPREMA,8.5,8.5,144.5,17.0,0.0,0.0027726042219528586
20230601,15464,PASTUSA_SUPREMA,250.0,115.0,1380.0,12.0,54.0,0.026478850008961555
20230601,15466,CRIOLLA,15.0,9.0,99.0,11.0,40.0,0.0018995696745559376
20230601,15466,PASTUSA_SUPREMA,60.0,58.0,1160.0,20.0,3.3333333333333326,0.022257584065503915
20230601,15476,PASTUSA_SUPREMA,900.0,90.0,2700.0,30.0,90.0,0.05180644566970739
20230601,15491,PASTUSA_SUPREMA,46.0,46.0,1150.0,25.0,0.0,0.022065708340801297
20230601,15494,PASTUSA_SUPREMA,175.0,100.0,2000.0,20.0,42.85714285714286,0.03837514494052399
20230601,15500,PASTUSA_SUPREMA,76.0,76.0,1482.0,19.5,0.0,0.02843598240092828
20230601,15511,PASTUSA_SUPREMA,14.0,13.8,207.0,15.0,1.4285714285714235,0.003971827501344233
20230601,15516,PASTUSA_SUPREMA,42.6,38.0,598.5,15.75,10.7981220657277,0.011483762123451806
20230601,15522,PASTUSA_SUPREMA,23.0,23.0,529.0,23.0,0.0,0.010150225836768596
20230601,15531,CRIOLLA,15.0,15.0,105.0,7.0,0.0,0.0020146951093775096
20230601,15531,PASTUSA_SUPREMA,35.0,30.0,450.0,15.0,14.28571428571429,0.008634407611617899
20230601,15537,PASTUSA_SUPREMA,27.0,27.0,405.0,15.0,0.0,0.007770966850456109
20230601,15542,PASTUSA_SUPREMA,110.0,93.0,2325.0,25.0,15.454545454545453,0.04461110599335914
20230601,15599,CRIOLLA,15.0,15.0,225.0,15.0,0.0,0.0043172038058089494
20230601,15599,PASTUSA_SUPREMA,145.0,140.0,2940.0,21.0,3.4482758620689613,0.05641146306257027
20230601,15600,PASTUSA_SUPREMA,250.0,260.0,3380.0,13.0,0.0,0.06485399494948554
20230601,15621,PASTUSA_SUPREMA,6.0,6.0,84.0,14.0,0.0,0.0016117560875020078
20230601,15632,CRIOLLA,510.0,650.0,5850.0,9.0,0.0,0.11224729895103268
20230601,15632,PASTUSA_SUPREMA,2700.0,1900.0,38000.0,20.0,29.629629629629626,0.7291277538699559
20230601,15646,PASTUSA_SUPREMA,880.0,958.0,22992.0,24.0,0.0,0.4411606662362638
20230601,15676,CRIOLLA,7.0,7.0,133.0,19.0,0.0,0.0025519471385448455
20230601,15676,PASTUSA_SUPREMA,27.0,27.0,675.0,25.0,0.0,0.012951611417426848
20230601,15693,CRIOLLA,33.0,33.0,462.0,14.0,0.0,0.008864658481261042
20230601,15693,PASTUSA_SUPREMA,29.0,28.5,427.5,15.0,1.7241379310344862,0.008202687231037004
20230601,15696,PASTUSA_SUPREMA,30.0,30.0,540.0,18.0,0.0,0.010361289133941479
20230601,15720,PASTUSA_SUPREMA,60.0,60.0,1200.0,20.0,0.0,0.023025086964314396
20230601,15723,PASTUSA_SUPREMA,10.0,3.0,45.0,15.0,70.0,0.0008634407611617899
20230601,15740,CRIOLLA,50.0,50.0,600.0,12.0,0.0,0.011512543482157198
20230601,15740,PASTUSA_SUPREMA,3200.0,4140.0,82800.0,20.0,0.0,1.5887310005376933
20230601,15753,PASTUSA_SUPREMA,11.8,14.0,252.0,18.0,0.0,0.004835268262506023
20230601,15755,CRIOLLA,5.0,4.0,48.0,12.0,19.999999999999996,0.0009210034785725759
20230601,15755,PASTUSA_SUPREMA,300.0,230.0,4600.0,20.0,23.33333333333333,0.08826283336320519
20230601,15757,PASTUSA_SUPREMA,26.0,15.0,300.0,20.0,42.307692307692314,0.005756271741078599
20230601,15759,CRIOLLA,3.0,3.0,36.0,12.0,0.0,0.0006907526089294319
20230601,15759,PASTUSA_SUPREMA,220.0,180.0,4500.0,25.0,18.181818181818176,0.08634407611617899
20230601,15761,CRIOLLA,10.0,10.0,150.0,15.0,0.0,0.0028781358705392995
20230601,15761,PASTUSA_SUPREMA,30.0,20.0,400.0,20.0,33.333333333333336,0.007675028988104799
20230601,15762,PASTUSA_SUPREMA,180.0,175.0,3500.0,20.0,2.777777777777779,0.06715650364591699
20230601,15763,PASTUSA_SUPREMA,475.0,50.0,1200.0,24.0,89.47368421052632,0.023025086964314396
20230601,15764,CRIOLLA,280.0,270.0,4050.0,15.0,3.57142857142857,0.07770966850456108
20230601,15764,PASTUSA_SUPREMA,400.0,520.0,13000.0,25.0,0.0,0.24943844211340596
20230601,15774,PASTUSA_SUPREMA,230.0,230.0,5317.6,23.12,0.0,0.1020318353678652
20230601,15776,PASTUSA_SUPREMA,86.0,100.0,1400.0,14.0,0.0,0.026862601458366796
20230601,15778,PASTUSA_SUPREMA,3.0,3.0,45.0,15.0,0.0,0.0008634407611617899
20230601,15790,CRIOLLA,4.0,4.0,56.0,14.0,0.0,0.0010745040583346717
20230601,15790,PASTUSA_SUPREMA,25.0,30.0,690.0,23.0,0.0,0.013239425004480778
20230601,15804,PASTUSA_SUPREMA,170.0,68.0,1258.0,18.5,60.0,0.024137966167589592
20230601,15806,PASTUSA_SUPREMA,40.0,40.0,1000.0,25.0,0.0,0.019187572470261996
20230601,15808,CRIOLLA,2.0,2.0,16.0,8.0,0.0,0.000307001159524192
20230601,15808,PASTUSA_SUPREMA,24.0,10.0,280.0,28.0,58.33333333333333,0.0053725202916733595
20230601,15810,CRIOLLA,1.0,1.0,5.0,5.0,0.0,9.593786235130999e-05
20230601,15810,PASTUSA_SUPREMA,3.0,0.0,0.0,0.0,100.0,0.0
20230601,15814,PASTUSA_SUPREMA,1800.0,640.0,16000.0,25.0,64.44444444444444,0.30700115952419194
20230601,15816,CRIOLLA,4.0,4.0,38.0,9.5,0.0,0.0007291277538699559
20230601,15816,PASTUSA_SUPREMA,5.0,0.0,0.0,0.0,100.0,0.0
20230601,15820,PASTUSA_SUPREMA,26.0,24.0,384.0,16.0,7.692307692307687,0.007368027828580607
20230601,15822,PASTUSA_SUPREMA,300.0,200.0,3600.0,18.0,33.333333333333336,0.06907526089294319
20230601,15835,PASTUSA_SUPREMA,250.0,200.0,5000.0,25.0,19.999999999999996,0.09593786235130998
20230601,15837,PASTUSA_SUPREMA,130.0,45.0,1125.0,25.0,65.38461538461539,0.021586019029044747
20230601,15839,CRIOLLA,22.0,22.0,352.0,16.0,0.0,0.006754025509532223
20230601,15839,PASTUSA_SUPREMA,412.0,465.0,10695.0,23.0,0.0,0.20521108756945206
20230601,15842,CRIOLLA,7.0,7.0,84.0,12.0,0.0,0.0016117560875020078
20230601,15842,PASTUSA_SUPREMA,800.0,700.0,14000.0,20.0,12.5,0.26862601458366797
20230601,15861,CRIOLLA,70.0,56.0,952.0,17.0,19.999999999999996,0.018266568991689422
20230601,15861,PASTUSA_SUPREMA,1500.0,1920.0,57600.0,30.0,0.0,1.105204174287091
20230601,15879,CRIOLLA,34.5,34.1,508.09,14.9,1.1594202898550732,0.009749013696415417
20230601,15879,PASTUSA_SUPREMA,424.0,423.5,6437.2,15.2,0.1179245283018826,0.12351424150557053
20230601,17001,PASTUSA_SUPREMA,50.0,150.0,1800.0,12.0,0.0,0.034537630446471596
20230601,17013,PASTUSA_SUPREMA,20.0,20.0,80.0,4.0,0.0,0.0015350057976209598
20230601,17446,CRIOLLA,6.0,6.0,60.0,10.0,0.0,0.0011512543482157197
20230601,17446,PASTUSA_SUPREMA,12.0,10.0,200.0,20.0,16.666666666666664,0.0038375144940523995
20230601,17541,PASTUSA_SUPREMA,30.0,12.0,253.2,21.1,60.0,0.004858293349470338
20230601,17653,PASTUSA_SUPREMA,65.0,65.0,1040.0,16.0,0.0,0.019955075369072477
20230601,17873,PASTUSA_SUPREMA,80.0,68.0,1224.0,18.0,15.000000000000002,0.023485588703600683
20230601,19001,PASTUSA_SUPREMA,3.0,2.3,9.2,4.0,23.33333333333334,0.00017652566672641038
20230601,19022,PASTUSA_SUPREMA,135.5,99.0,990.0,10.0,26.937269372693727,0.018995696745559378
20230601,19100,CRIOLLA,20.0,0.0,0.0,0.0,100.0,0.0
20230601,19100,PASTUSA_SUPREMA,85.0,0.0,0.0,0.0,100.0,0.0
20230601,19212,CRIOLLA,4.0,4.0,28.0,7.0,0.0,0.0005372520291673359
20230601,19355,PASTUSA_SUPREMA,12.0,0.0,0.0,0.0,100.0,0.0
20230601,19364,CRIOLLA,20.0,20.0,62.0,3.1,0.0,0.001189629493156244
20230601,19397,PASTUSA_SUPREMA,40.0,38.0,228.0,6.0,5.000000000000004,0.004374766523219735
20230601,19517,PASTUSA_SUPREMA,70.5,68.0,952.0,14.0,3.546099290780147,0.018266568991689422
20230601,19585,PASTUSA_SUPREMA,700.5,408.0,8160.0,20.0,41.7558886509636,0.1565705913573379
20230601,19693,PASTUSA_SUPREMA,510.0,510.0,10200.0,20.0,0.0,0.19571323919667236
20230601,19701,PASTUSA_SUPREMA,0.0,2.0,41.0,20.5,0.0,0.0007866904712807419
20230601,19743,PASTUSA_SUPREMA,128.0,125.0,3125.0,25.0,2.34375,0.05996116396956874
20230601,19760,PASTUSA_SUPREMA,115.0,110.0,1980.0,18.0,4.347826086956519,0.037991393491118755
20230601,19821,CRIOLLA,5.0,7.0,70.0,10.0,0.0,0.0013431300729183399
20230601,19821,PASTUSA_SUPREMA,10.5,8.0,120.0,15.0,23.809523809523814,0.0023025086964314394
20230601,19824,CRIOLLA,155.0,78.0,1872.0,24.0,49.67741935483871,0.03591913566433046
20230601,19824,PASTUSA_SUPREMA,405.0,700.0,19600.0,28.0,0.0,0.3760764204171351
20230601,25019,PASTUSA_SUPREMA,7.0,5.0,100.0,20.0,28.57142857142857,0.0019187572470261997
20230601,25053,PASTUSA_SUPREMA,38.0,22.0,330.0,15.0,42.10526315789473,0.006331898915186459
20230601,25099,CRIOLLA,160.0,160.0,2880.0,18.0,0.0,0.05526020871435455
20230601,25099,PASTUSA_SUPREMA,190.0,190.0,3040.0,16.0,0.0,0.05833022030959647
20230601,25120,PASTUSA_SUPREMA,37.0,12.0,156.0,13.0,67.56756756756756,0.0029932613053608717
20230601,25126,PASTUSA_SUPREMA,30.0,0.0,0.0,0.0,100.0,0.0
20230601,25151,CRIOLLA,58.0,58.0,928.0,16.0,0.0,0.01780606725240313
20230601,25151,PASTUSA_SUPREMA,60.0,82.0,1886.0,23.0,0.0,0.036187761678914125
20230601,25154,CRIOLLA,45.0,40.0,640.0,16.0,11.111111111111116,0.012280046380967679
20230601,25154,PASTUSA_SUPREMA,820.0,810.0,16200.0,20.0,1.2195121951219523,0.31083867401824433
20230601,25175,PASTUSA_SUPREMA,50.0,25.0,550.0,22.0,50.0,0.010553164858644099
20230601,25178,CRIOLLA,19.0,19.0,380.0,20.0,0.0,0.007291277538699559
20230601,25178,PASTUSA_SUPREMA,50.0,35.0,1050.0,30.0,30.000000000000004,0.020146951093775095
20230601,25181,CRIOLLA,15.0,45.0,630.0,14.0,0.0,0.012088170656265058
20230601,25181,PASTUSA_SUPREMA,15.0,20.0,320.0,16.0,0.0,0.006140023190483839
20230601,25183,CRIOLLA,50.0,50.0,950.0,19.0,0.0,0.018228193846748897
20230601,25183,PASTUSA_SUPREMA,1200.0,700.0,21000.0,30.0,41.666666666666664,0.40293902187550196
20230601,25200,PASTUSA_SUPREMA,410.0,370.0,7400.0,20.0,9.756097560975608,0.14198803627993878
20230601,25214,PASTUSA_SUPREMA,39.0,6.0,156.0,26.0,84.61538461538461,0.0029932613053608717
20230601,25224,CRIOLLA,17.0,17.0,340.0,20.0,0.0,0.006523774639889079
20230601,25224,PASTUSA_SUPREMA,120.0,100.0,2200.0,22.0,16.666666666666664,0.042212659434576395
20230601,25260,CRIOLLA,284.0,275.0,4675.0,17.0,3.169014084507038,0.08970190129847483
20230601,25260,PASTUSA_SUPREMA,450.0,420.0,10080.0,24.0,6.666666666666665,0.19341073050024093
20230601,25269,CRIOLLA,94.0,90.0,1800.0,20.0,4.255319148936165,0.034537630446471596
20230601,25269,PASTUSA_SUPREMA,404.0,30.0,660.0,22.0,92.57425742574257,0.012663797830372917
20230601,25281,CRIOLLA,85.0,250.0,3500.0,14.0,0.0,0.06715650364591699
20230601,25281,PASTUSA_SUPREMA,130.0,300.0,6300.0,21.0,0.0,0.12088170656265058
20230601,25286,PASTUSA_SUPREMA,175.0,185.0,5180.0,28.0,0.0,0.09939162539595714
20230601,25288,CRIOLLA,4.5,4.5,81.0,18.0,0.0,0.0015541933700912217
20230601,25288,PASTUSA_SUPREMA,150.0,150.0,3300.0,22.0,0.0,0.0633189891518646
20230601,25293,PASTUSA_SUPREMA,0.0,2.0,28.0,14.0,0.0,0.0005372520291673359
20230601,25295,PASTUSA_SUPREMA,6.0,10.0,185.0,18.5,0.0,0.0035497009069984696
20230601,25297,PASTUSA_SUPREMA,6.0,15.0,270.0,18.0,0.0,0.005180644566970739
20230601,25299,PASTUSA_SUPREMA,6.0,6.0,126.0,21.0,0.0,0.0024176341312530116
20230601,25312,CRIOLLA,25.0,25.0,375.0,15.0,0.0,0.0071953396763482485
20230601,25312,PASTUSA_SUPREMA,85.0,85.0,1615.0,19.0,0.0,0.030987929539473123
20230601,25317,CRIOLLA,11.0,11.0,176.0,16.0,0.0,0.0033770127547661116
20230601,25317,PASTUSA_SUPREMA,360.0,189.0,3780.0,20.0,47.5,0.07252902393759035
20230601,25322,CRIOLLA,21.0,21.0,294.0,14.0,0.0,0.005641146306257027
20230601,25322,PASTUSA_SUPREMA,141.0,0.0,0.0,0.0,100.0,0.0
20230601,25326,CRIOLLA,40.0,40.0,680.0,17.0,0.0,0.013047549279778158
20230601,25326,PASTUSA_SUPREMA,1500.0,1490.0,47680.0,32.0,0.666666666666671,0.914863455382092
20230601,25372,PASTUSA_SUPREMA,52.0,30.0,420.0,14.0,42.307692307692314,0.008058780437510038
20230601,25377,CRIOLLA,110.0,208.0,3744.0,18.0,0.0,0.07183827132866091
20230601,25377,PASTUSA_SUPREMA,905.0,1265.0,34155.0,27.0,0.0,0.6553515377217985
20230601,25407,CRIOLLA,31.0,31.0,527.0,17.0,0.0,0.010111850691828073
20230601,25407,PASTUSA_SUPREMA,462.0,445.0,13350.0,30.0,3.6796536796536827,0.25615409247799764
20230601,25426,CRIOLLA,35.0,22.0,396.0,18.0,37.142857142857146,0.0075982786982237505
20230601,25426,PASTUSA_SUPREMA,270.0,160.0,3520.0,22.0,40.74074074074075,0.06754025509532223
20230601,25430,PASTUSA_SUPREMA,750.0,600.0,13800.0,23.0,19.999999999999996,0.2647885000896156
20230601,25436,PASTUSA_SUPREMA,32.0,25.0,450.0,18.0,21.875,0.008634407611617899
20230601,25473,PASTUSA_SUPREMA,230.0,230.0,6670.0,29.0,0.0,0.12798110837664753
20230601,25486,CRIOLLA,5.0,5.0,100.0,20.0,0.0,0.0019187572470261997
20230601,25486,PASTUSA_SUPREMA,22.0,22.0,616.0,28.0,0.0,0.01181954464168139
20230601,25506,CRIOLLA,5.0,5.0,75.0,15.0,0.0,0.0014390679352696497
20230601,25513,CRIOLLA,115.0,113.0,1695.0,15.0,1.7391304347826098,0.032522935337094085
20230601,25513,PASTUSA_SUPREMA,45.0,40.0,920.0,23.0,11.111111111111116,0.017652566672641038
20230601,25535,PASTUSA_SUPREMA,1000.0,950.0,17100.0,18.0,5.000000000000004,0.32810748924148014
20230601,25594,PASTUSA_SUPREMA,22.0,20.0,300.0,15.0,9.090909090909093,0.005756271741078599
20230601,25649,PASTUSA_SUPREMA,9.0,10.0,220.0,22.0,0.0,0.004221265943457639
20230601,25653,CRIOLLA,22.0,24.0,384.0,16.0,0.0,0.007368027828580607
20230601,25653,PASTUSA_SUPREMA,600.0,0.0,0.0,0.0,100.0,0.0
20230601,25736,CRIOLLA,45.0,28.0,504.0,18.0,37.77777777777778,0.009670536525012046
20230601,25736,PASTUSA_SUPREMA,1000.0,980.0,31360.0,32.0,2.0000000000000018,0.6017222726674162
20230601,25740,CRIOLLA,610.0,610.0,13420.0,22.0,0.0,0.257497222550916
20230601,25740,PASTUSA_SUPREMA,915.0,689.0,15847.0,23.0,24.699453551912566,0.30406546093624187
20230601,25745,PASTUSA_SUPREMA,60.0,70.0,1820.0,26.0,0.0,0.03492138189587683
20230601,25754,CRIOLLA,43.0,43.0,258.0,6.0,0.0,0.004950393697327595
20230601,25754,PASTUSA_SUPREMA,481.0,480.0,2880.0,6.0,0.20790020790020236,0.05526020871435455
20230601,25758,PASTUSA_SUPREMA,70.0,20.0,670.0,33.5,71.42857142857143,0.012855673555075537
20230601,25769,CRIOLLA,98.0,85.0,1504.5,17.7,13.265306122448983,0.028867702781509175
20230601,25769,PASTUSA_SUPREMA,210.0,200.0,5000.0,25.0,4.761904761904767,0.09593786235130998
20230601,25772,CRIOLLA,30.0,30.0,600.0,20.0,0.0,0.011512543482157198
20230601,25772,PASTUSA_SUPREMA,700.0,1000.0,25000.0,25.0,0.0,0.47968931175654994
20230601,25779,CRIOLLA,20.0,20.0,320.0,16.0,0.0,0.006140023190483839
20230601,25779,PASTUSA_SUPREMA,170.0,190.0,3990.0,21.0,0.0,0.07655841415634537
20230601,25781,PASTUSA_SUPREMA,70.0,190.0,3800.0,20.0,0.0,0.07291277538699559
20230601,25785,CRIOLLA,12.0,14.0,238.0,17.0,0.0,0.0045666422479223555
20230601,25785,PASTUSA_SUPREMA,120.0,97.0,2425.0,25.0,19.166666666666664,0.04652986324038534
20230601,25793,CRIOLLA,96.0,96.0,1440.0,15.0,0.0,0.027630104357177276
20230601,25793,PASTUSA_SUPREMA,9026.0,7560.0,120960.0,16.0,16.241967649013954,2.320928766002891
20230601,25799,PASTUSA_SUPREMA,500.0,150.0,5250.0,35.0,70.0,0.10073475546887549
20230601,25817,PASTUSA_SUPREMA,25.0,3.0,69.0,23.0,88.0,0.0013239425004480778
20230601,25839,CRIOLLA,3.0,3.0,54.0,18.0,0.0,0.0010361289133941477
20230601,25839,PASTUSA_SUPREMA,8.0,8.0,176.0,22.0,0.0,0.0033770127547661116
20230601,25841,CRIOLLA,95.0,156.0,2964.0,19.0,0.0,0.05687196480185656
20230601,25841,PASTUSA_SUPREMA,390.0,555.0,10822.5,19.5,0.0,0.20765750305941047
20230601,25843,CRIOLLA,14.0,11.0,154.0,14.0,21.42857142857143,0.0029548861604203475
20230601,25843,PASTUSA_SUPREMA,550.0,475.0,9500.0,20.0,13.636363636363635,0.18228193846748897
20230601,25845,CRIOLLA,350.0,350.0,5950.0,17.0,0.0,0.11416605619805888
20230601,25845,PASTUSA_SUPREMA,850.0,799.0,22372.0,28.0,6.000000000000005,0.4292643713047014
20230601,25873,CRIOLLA,19.1,16.2,275.4,17.0,15.18324607329844,0.005284257458310154
20230601,25873,PASTUSA_SUPREMA,9000.0,5400.0,135000.0,25.0,40.0,2.5903222834853694
20230601,25898,CRIOLLA,120.0,120.0,2400.0,20.0,0.0,0.04605017392862879
20230601,25898,PASTUSA_SUPREMA,120.0,120.0,3720.0,31.0,0.0,0.07137776958937463
20230601,25899,CRIOLLA,100.0,200.0,3400.0,17.0,0.0,0.0652377463988908
20230601,25899,PASTUSA_SUPREMA,900.0,1100.0,19800.0,18.0,0.0,0.3799139349111875
20230601,41001,PASTUSA_SUPREMA,2.0,2.0,14.0,7.0,0.0,0.00026862601458366793
20230601,41206,PASTUSA_SUPREMA,10.0,4.0,20.0,5.0,60.0,0.00038375144940523996
20230601,41359,PASTUSA_SUPREMA,2.0,1.5,9.0,6.0,25.0,0.00017268815223235798
20230601,41396,PASTUSA_SUPREMA,9.0,9.0,72.0,8.0,0.0,0.0013815052178588639
20230601,41668,PASTUSA_SUPREMA,3.0,3.5,14.0,4.0,0.0,0.00026862601458366793
20230601,52001,CRIOLLA,85.0,85.0,1530.0,18.0,0.0,0.029356985879500856
20230601,52001,PASTUSA_SUPREMA,4300.0,4300.0,107500.0,25.0,0.0,2.0626640405531647
20230601,52022,PASTUSA_SUPREMA,150.0,220.0,4400.0,20.0,0.0,0.08442531886915279
20230601,52036,CRIOLLA,1.5,1.5,15.0,10.0,0.0,0.0002878135870539299
20230601,52036,PASTUSA_SUPREMA,20.0,20.0,300.0,15.0,0.0,0.005756271741078599
20230601,52083,PASTUSA_SUPREMA,12.0,8.0,96.0,12.0,33.333333333333336,0.0018420069571451517
20230601,52110,PASTUSA_SUPREMA,60.0,20.0,400.0,20.0,66.66666666666667,0.007675028988104799
20230601,52210,PASTUSA_SUPREMA,510.0,500.0,12500.0,25.0,1.9607843137254943,0.23984465587827497
20230601,52215,CRIOLLA,75.0,75.0,900.0,12.0,0.0,0.017268815223235798
20230601,52215,PASTUSA_SUPREMA,400.0,150.0,3300.0,22.0,62.5,0.0633189891518646
20230601,52224,CRIOLLA,60.0,60.0,900.0,15.0,0.0,0.017268815223235798
20230601,52224,PASTUSA_SUPREMA,500.0,400.0,8800.0,22.0,19.999999999999996,0.16885063773830558
20230601,52227,CRIOLLA,66.0,123.0,1230.0,10.0,0.0,0.023600714138422255
20230601,52227,PASTUSA_SUPREMA,405.0,561.0,12342.0,22.0,0.0,0.23681301942797356
20230601,52240,PASTUSA_SUPREMA,5.0,1.0,12.0,12.0,80.0,0.00023025086964314397
20230601,52258,PASTUSA_SUPREMA,10.0,4.0,60.0,15.0,60.0,0.0011512543482157197
20230601,52287,PASTUSA_SUPREMA,30.0,40.0,440.0,11.0,0.0,0.008442531886915279
20230601,52317,CRIOLLA,16.0,25.0,300.0,12.0,0.0,0.005756271741078599
20230601,52317,PASTUSA_SUPREMA,360.0,450.0,9000.0,20.0,0.0,0.17268815223235798
20230601,52320,CRIOLLA,30.0,30.0,480.0,16.0,0.0,0.009210034785725758
20230601,52320,PASTUSA_SUPREMA,80.0,50.0,1200.0,24.0,37.5,0.023025086964314396
20230601,52323,CRIOLLA,15.0,15.0,150.0,10.0,0.0,0.0028781358705392995
20230601,52323,PASTUSA_SUPREMA,450.0,500.0,11500.0,23.0,0.0,0.22065708340801296
20230601,52352,CRIOLLA,100.0,140.0,1680.0,12.0,0.0,0.032235121750040154
20230601,52352,PASTUSA_SUPREMA,120.0,175.0,3500.0,20.0,0.0,0.06715650364591699
20230601,52354,CRIOLLA,21.0,30.0,375.0,12.5,0.0,0.0071953396763482485
20230601,52354,PASTUSA_SUPREMA,355.0,400.0,8000.0,20.0,0.0,0.15350057976209597
20230601,52356,CRIOLLA,30.0,29.0,261.0,9.0,3.3333333333333326,0.005007956414738381
20230601,52356,PASTUSA_SUPREMA,748.0,925.0,16650.0,18.0,0.0,0.31947308162986227
20230601,52378,PASTUSA_SUPREMA,60.0,60.0,1200.0,20.0,0.0,0.023025086964314396
20230601,52381,CRIOLLA,2.0,2.0,18.0,9.0,0.0,0.00034537630446471597
20230601,52381,PASTUSA_SUPREMA,8.0,0.0,0.0,0.0,100.0,0.0
20230601,52385,PASTUSA_SUPREMA,2.1,2.1,9.66,4.6,0.0,0.0001853519500627309
20230601,52418,PASTUSA_SUPREMA,4.3,0.0,0.0,0.0,100.0,0.0
20230601,52435,PASTUSA_SUPREMA,85.0,85.0,850.0,10.0,0.0,0.0163094365997227
20230601,52480,CRIOLLA,6.0,6.0,60.0,10.0,0.0,0.0011512543482157197
20230601,52480,PASTUSA_SUPREMA,6.0,15.0,180.0,12.0,0.0,0.0034537630446471596
20230601,52506,PASTUSA_SUPREMA,650.0,930.0,26040.0,28.0,0.0,0.4996443871256224
20230601,52560,CRIOLLA,650.0,720.0,8640.0,12.0,0.0,0.16578062614306366
20230601,52560,PASTUSA_SUPREMA,2760.0,2760.0,59340.0,21.5,0.0,1.1385905503853468
20230601,52565,CRIOLLA,20.0,20.0,240.0,12.0,0.0,0.004605017392862879
20230601,52565,PASTUSA_SUPREMA,100.0,10.0,150.0,15.0,90.0,0.0028781358705392995
20230601,52573,CRIOLLA,70.0,70.0,1330.0,19.0,0.0,0.025519471385448456
20230601,52573,PASTUSA_SUPREMA,160.0,150.0,3000.0,20.0,6.25,0.05756271741078599
20230601,52585,CRIOLLA,70.0,137.0,2603.0,19.0,0.0,0.049945251140091976
20230601,52585,PASTUSA_SUPREMA,2000.0,1500.0,40500.0,27.0,25.0,0.7770966850456109
20230601,52678,PASTUSA_SUPREMA,42.0,20.0,300.0,15.0,52.38095238095239,0.005756271741078599
20230601,52683,CRIOLLA,1.0,1.0,15.0,15.0,0.0,0.0002878135870539299
20230601,52683,PASTUSA_SUPREMA,10.0,4.0,80.0,20.0,60.0,0.0015350057976209598
20230601,52685,PASTUSA_SUPREMA,10.0,10.0,120.0,12.0,0.0,0.0023025086964314394
20230601,52693,PASTUSA_SUPREMA,3.0,0.0,0.0,0.0,100.0,0.0
20230601,52699,PASTUSA_SUPREMA,20.0,14.0,280.0,20.0,30.000000000000004,0.0053725202916733595
20230601,52720,CRIOLLA,12.0,12.0,144.0,12.0,0.0,0.0027630104357177277
20230601,52720,PASTUSA_SUPREMA,530.0,400.0,11200.0,28.0,24.52830188679245,0.21490081166693437
20230601,52788,PASTUSA_SUPREMA,420.0,390.0,7020.0,18.0,7.14285714285714,0.1346967587412392
20230601,52838,CRIOLLA,364.0,364.0,6552.0,18.0,0.0,0.1257169748251566
20230601,52838,PASTUSA_SUPREMA,3067.9,2000.0,50000.0,25.0,34.808826884839796,0.9593786235130999
20230601,52885,CRIOLLA,8.0,8.0,120.0,15.0,0.0,0.0023025086964314394
20230601,52885,PASTUSA_SUPREMA,320.0,320.0,6400.0,20.0,0.0,0.12280046380967678
20230601,54125,CRIOLLA,55.0,50.0,1000.0,20.0,9.090909090909093,0.019187572470261996
20230601,54125,PASTUSA_SUPREMA,60.0,53.0,1166.0,22.0,11.66666666666667,0.022372709500325487
20230601,54172,PASTUSA_SUPREMA,1.0,0.0,0.0,0.0,100.0,0.0
20230601,54174,CRIOLLA,70.0,68.0,918.0,13.5,2.857142857142858,0.017614191527700513
20230601,54174,PASTUSA_SUPREMA,500.0,556.0,7784.0,14.0,0.0,0.14935606410851937
20230601,54347,CRIOLLA,7.0,7.0,101.5,14.5,0.0,0.0019475386057315927
20230601,54347,PASTUSA_SUPREMA,7.0,7.0,112.0,16.0,0.0,0.0021490081166693435
20230601,54377,PASTUSA_SUPREMA,6.0,6.0,90.0,15.0,0.0,0.0017268815223235798
20230601,54480,CRIOLLA,100.0,99.8,2195.6,22.0,0.20000000000000018,0.04212823411570724
20230601,54480,PASTUSA_SUPREMA,60.0,40.0,960.0,24.0,33.333333333333336,0.018420069571451515
20230601,54518,CRIOLLA,105.0,102.0,1326.0,13.0,2.857142857142858,0.025442721095567406
20230601,54518,PASTUSA_SUPREMA,170.0,138.0,2070.0,15.0,18.823529411764707,0.039718275013442335
20230601,54743,CRIOLLA,273.0,181.0,3620.0,20.0,33.6996336996337,0.06945901234234843
20230601,54743,PASTUSA_SUPREMA,1316.0,364.0,7280.0,20.0,72.34042553191489,0.13968552758350733
20230601,68013,PASTUSA_SUPREMA,4.0,4.0,76.0,19.0,0.0,0.0014582555077399118
20230601,68020,PASTUSA_SUPREMA,70.0,90.0,1620.0,18.0,0.0,0.031083867401824436
20230601,68101,PASTUSA_SUPREMA,35.0,32.5,715.0,22.0,7.14285714285714,0.013719114316237327
20230601,68132,CRIOLLA,3.0,3.0,28.5,9.5,0.0,0.0005468458154024669
20230601,68132,PASTUSA_SUPREMA,4.0,4.0,48.0,12.0,0.0,0.0009210034785725759
20230601,68152,PASTUSA_SUPREMA,820.0,580.0,9280.0,16.0,29.268292682926834,0.17806067252403132
20230601,68162,PASTUSA_SUPREMA,200.0,195.0,3900.0,20.0,2.500000000000002,0.07483153263402179
20230601,68207,CRIOLLA,15.0,15.0,195.0,13.0,0.0,0.0037415766317010894
20230601,68207,PASTUSA_SUPREMA,70.0,38.0,862.6,22.7,45.714285714285715,0.016551200012848
20230601,68264,PASTUSA_SUPREMA,22.0,26.0,156.0,6.0,0.0,0.0029932613053608717
20230601,68298,PASTUSA_SUPREMA,21.0,17.0,132.26,7.78,19.047619047619047,0.002537748334916852
20230601,68318,CRIOLLA,30.0,29.5,531.0,18.0,1.6666666666666718,0.010188600981709121
20230601,68318,PASTUSA_SUPREMA,350.0,212.0,4452.0,21.0,39.42857142857142,0.08542307263760641
20230601,68368,PASTUSA_SUPREMA,2.0,2.0,32.0,16.0,0.0,0.000614002319048384
20230601,68377,PASTUSA_SUPREMA,4.5,3.0,79.5,26.5,33.333333333333336,0.0015254120113858288
20230601,68432,CRIOLLA,1.0,1.0,23.0,23.0,0.0,0.00044131416681602594
20230601,68468,PASTUSA_SUPREMA,16.0,9.0,180.0,20.0,43.75,0.0034537630446471596
20230601,68502,PASTUSA_SUPREMA,145.0,173.0,2768.0,16.0,0.0,0.053111200597685204
20230601,68572,PASTUSA_SUPREMA,35.0,25.0,375.0,15.0,28.57142857142857,0.0071953396763482485
20230601,68669,PASTUSA_SUPREMA,35.0,20.0,400.0,20.0,42.85714285714286,0.007675028988104799
20230601,68682,CRIOLLA,2.0,1.0,6.0,6.0,50.0,0.00011512543482157198
20230601,68682,PASTUSA_SUPREMA,3.0,0.0,0.0,0.0,100.0,0.0
20230601,68773,PASTUSA_SUPREMA,2.0,0.4,6.0,15.0,80.0,0.00011512543482157198
20230601,68820,PASTUSA_SUPREMA,270.0,150.0,4200.0,28.0,44.44444444444444,0.08058780437510038
20230601,68867,CRIOLLA,1.0,1.0,12.5,12.5,0.0,0.00023984465587827497
20230601,68867,PASTUSA_SUPREMA,2.0,3.0,60.0,20.0,0.0,0.0011512543482157197
20230601,73043,PASTUSA_SUPREMA,98.0,112.0,1792.0,16.0,0.0,0.034384129866709495
20230601,73124,CRIOLLA,13.0,13.0,156.0,12.0,0.0,0.0029932613053608717
20230601,73124,PASTUSA_SUPREMA,17.0,17.0,238.0,14.0,0.0,0.0045666422479223555
20230601,73152,PASTUSA_SUPREMA,200.0,100.0,1500.0,15.0,50.0,0.028781358705392994
20230601,73347,PASTUSA_SUPREMA,156.0,156.0,2839.2,18.2,0.0,0.05447735575756786
20230601,73461,CRIOLLA,16.0,16.0,224.0,14.0,0.0,0.004298016233338687
20230601,73461,PASTUSA_SUPREMA,100.0,20.0,440.0,22.0,80.0,0.008442531886915279
20230601,73622,CRIOLLA,45.0,42.0,630.0,15.0,6.666666666666665,0.012088170656265058
20230601,73622,PASTUSA_SUPREMA,75.0,70.0,1400.0,20.0,6.666666666666665,0.026862601458366796
20230601,73686,CRIOLLA,1.5,1.5,18.0,12.0,0.0,0.00034537630446471597
20230601,73686,PASTUSA_SUPREMA,120.0,100.0,1200.0,12.0,16.666666666666664,0.023025086964314396
20230601,73870,PASTUSA_SUPREMA,22.0,21.0,126.0,6.0,4.545454545454541,0.0024176341312530116
20230601,76111,PASTUSA_SUPREMA,8.0,11.0,176.0,16.0,0.0,0.0033770127547661116
20230601,76736,PASTUSA_SUPREMA,31.0,12.0,132.0,11.0,61.29032258064516,0.002532759566074584
20230601,76834,PASTUSA_SUPREMA,255.0,225.0,3825.0,17.0,11.764705882352944,0.07339246469875214
20230601,85136,PASTUSA_SUPREMA,14.0,14.0,56.0,4.0,0.0,0.0010745040583346717
20230601,86749,PASTUSA_SUPREMA,6.0,5.0,65.0,13.0,16.666666666666664,0.0012471922105670298
20230601,86755,PASTUSA_SUPREMA,2.0,0.0,0.0,0.0,100.0,0.0
20230601,86760,PASTUSA_SUPREMA,6.5,6.5,97.5,15.0,0.0,0.0018707883158505447
20231201,05001,PASTUSA_SUPREMA,42.0,80.0,1280.0,16.0,0.0,0.024560092761935357
20231201,05002,PASTUSA_SUPREMA,85.0,85.0,850.0,10.0,0.0,0.0163094365997227
20231201,05004,CRIOLLA,1.0,0.5,1.5,3.0,50.0,2.8781358705392996e-05
20231201,05004,PASTUSA_SUPREMA,1.0,0.8,2.4,3.0,19.999999999999996,4.605017392862879e-05
20231201,05079,PASTUSA_SUPREMA,13.0,20.0,150.0,7.5,0.0,0.0028781358705392995
20231201,05086,CRIOLLA,180.0,180.0,2340.0,13.0,0.0,0.044898919580413074
20231201,05086,PASTUSA_SUPREMA,400.0,420.0,5880.0,14.0,0.0,0.11282292612514054
20231201,05088,PASTUSA_SUPREMA,210.0,225.0,4050.0,18.0,0.0,0.07770966850456108
20231201,05093,CRIOLLA,0.0,4.0,12.0,3.0,0.0,0.00023025086964314397
20231201,05148,CRIOLLA,200.0,400.0,4400.0,11.0,0.0,0.08442531886915279
20231201,05148,PASTUSA_SUPREMA,180.0,428.0,7704.0,18.0,0.0,0.14782105831089842
20231201,05206,PASTUSA_SUPREMA,40.0,40.0,600.0,15.0,0.0,0.011512543482157198
20231201,05237,PASTUSA_SUPREMA,55.0,45.0,1125.0,25.0,18.181818181818176,0.021586019029044747
20231201,05264,PASTUSA_SUPREMA,480.0,480.0,14400.0,30.0,0.0,0.27630104357177276
20231201,05266,PASTUSA_SUPREMA,19.1,12.0,204.0,17.0,37.17277486910995,0.0039142647839334474
20231201,05308,CRIOLLA,4.0,3.8,19.0,5.0,5.000000000000004,0.00036456387693497796
20231201,05308,PASTUSA_SUPREMA,4.0,3.8,30.4,8.0,5.000000000000004,0.0005833022030959647
20231201,05313,CRIOLLA,1.5,1.5,19.5,13.0,0.0,0.00037415766317010896
20231201,05313,PASTUSA_SUPREMA,5.0,5.0,90.0,18.0,0.0,0.0017268815223235798
20231201,05318,PASTUSA_SUPREMA,15.0,15.0,135.0,9.0,0.0,0.0025903222834853697
20231201,05376,PASTUSA_SUPREMA,20.0,20.0,320.0,16.0,0.0,0.006140023190483839
20231201,05400,CRIOLLA,126.0,95.62,1176.13,12.3,24.111111111111107,0.02256707960944924
20231201,05400,PASTUSA_SUPREMA,687.0,743.75,12048.75,16.2,0.0,0.23118626380106924
20231201,05440,CRIOLLA,30.0,30.0,240.0,8.0,0.0,0.004605017392862879
20231201,05440,PASTUSA_SUPREMA,90.0,84.0,672.0,8.0,6.666666666666665,0.012894048700016062
20231201,05541,PASTUSA_SUPREMA,18.0,15.0,225.0,15.0,16.666666666666664,0.0043172038058089494
20231201,05607,PASTUSA_SUPREMA,51.0,50.0,500.0,10.0,1.9607843137254943,0.009593786235130998
20231201,05615,PASTUSA_SUPREMA,7.0,7.0,94.5,13.5,0.0,0.0018132255984397588
20231201,05647,PASTUSA_SUPREMA,6.0,6.0,60.0,10.0,0.0,0.0011512543482157197
20231201,05658,PASTUSA_SUPREMA,12.0,38.0,950.0,25.0,0.0,0.018228193846748897
20231201,05664,CRIOLLA,49.0,49.0,490.0,10.0,0.0,0.009401910510428378
20231201,05664,PASTUSA_SUPREMA,422.0,409.0,16360.0,40.0,3.080568720379151,0.3139086856134863
20231201,05674,PASTUSA_SUPREMA,500.0,535.0,11770.0,22.0,0.0,0.2258377279749837
20231201,05686,CRIOLLA,50.0,100.6,1509.0,15.0,0.0,0.028954046857625353
20231201,05686,PASTUSA_SUPREMA,305.0,400.4,14014.0,35.0,0.0,0.26889464059825163
20231201,05697,CRIOLLA,75.0,73.0,876.0,12.0,2.6666666666666616,0.01680831348394951
20231201,05697,PASTUSA_SUPREMA,100.0,93.0,1674.0,18.0,6.999999999999995,0.032119996315218585
20231201,05756,CRIOLLA,95.0,150.0,1950.0,13.0,0.0,0.03741576631701089
20231201,05756,PASTUSA_SUPREMA,60.0,70.0,1120.0,16.0,0.0,0.021490081166693438
20231201,05847,CRIOLLA,4.5,4.5,36.0,8.0,0.0,0.0006907526089294319
20231201,05847,PASTUSA_SUPREMA,5.0,5.0,90.0,18.0,0.0,0.0017268815223235798
20231201,05887,PASTUSA_SUPREMA,48.0,54.0,1350.0,25.0,0.0,0.025903222834853697
20231201,15001,CRIOLLA,300.0,210.0,2100.0,10.0,30.000000000000004,0.04029390218755019
20231201,15001,PASTUSA_SUPREMA,1800.0,1980.0,39600.0,20.0,0.0,0.759827869822375
20231201,15022,PASTUSA_SUPREMA,9.0,5.0,45.0,9.0,44.44444444444444,0.0008634407611617899
20231201,15047,CRIOLLA,7.0,2.5,20.0,8.0,64.28571428571428,0.00038375144940523996
20231201,15047,PASTUSA_SUPREMA,80.0,6.0,108.0,18.0,92.5,0.0020722578267882955
20231201,15051,PASTUSA_SUPREMA,1500.0,1230.0,30750.0,25.0,18.000000000000004,0.5900178534605564
20231201,15087,CRIOLLA,40.0,40.0,480.0,12.0,0.0,0.009210034785725758
20231201,15087,PASTUSA_SUPREMA,280.0,270.0,4860.0,18.0,3.57142857142857,0.09325160220547331
20231201,15092,CRIOLLA,4.0,4.0,40.0,10.0,0.0,0.0007675028988104799
20231201,15092,PASTUSA_SUPREMA,14.0,43.0,688.0,16.0,0.0,0.013201049859540254
20231201,15104,PASTUSA_SUPREMA,210.0,170.0,3400.0,20.0,19.047619047619047,0.0652377463988908
20231201,15109,CRIOLLA,3.0,2.0,20.0,10.0,33.333333333333336,0.00038375144940523996
20231201,15109,PASTUSA_SUPREMA,22.0,18.0,360.0,20.0,18.181818181818176,0.006907526089294319
20231201,15131,CRIOLLA,90.0,70.0,910.0,13.0,22.22222222222222,0.017460690947938416
20231201,15131,PASTUSA_SUPREMA,120.0,80.0,1520.0,19.0,33.333333333333336,0.029165110154798234
20231201,15162,PASTUSA_SUPREMA,60.0,50.0,600.0,12.0,16.666666666666664,0.011512543482157198
20231201,15172,PASTUSA_SUPREMA,1.0,4.0,60.0,15.0,0.0,0.0011512543482157197
20231201,15176,CRIOLLA,60.0,60.0,960.0,16.0,0.0,0.018420069571451515
20231201,15176,PASTUSA_SUPREMA,380.0,204.0,5100.0,25.0,46.31578947368421,0.09785661959833618
20231201,15180,PASTUSA_SUPREMA,90.0,45.0,810.0,18.0,50.0,0.015541933700912218
20231201,15183,PASTUSA_SUPREMA,30.0,35.0,525.0,15.0,0.0,0.010073475546887548
20231201,15187,PASTUSA_SUPREMA,15.0,115.0,2990.0,26.0,0.0,0.05737084168608337
20231201,15189,PASTUSA_SUPREMA,200.0,240.0,4320.0,18.0,0.0,0.08289031307153183
20231201,15204,PASTUSA_SUPREMA,600.0,600.0,12000.0,20.0,0.0,0.23025086964314395
20231201,15215,PASTUSA_SUPREMA,1.0,1.3,26.0,20.0,0.0,0.0004988768842268119
20231201,15224,PASTUSA_SUPREMA,72.0,72.0,1440.0,20.0,0.0,0.027630104357177276
20231201,15226,CRIOLLA,3.0,2.0,14.0,7.0,33.333333333333336,0.00026862601458366793
20231201,15226,PASTUSA_SUPREMA,18.0,21.0,252.0,12.0,0.0,0.004835268262506023
20231201,15232,CRIOLLA,20.0,17.0,170.0,10.0,15.000000000000002,0.0032618873199445394
20231201,15232,PASTUSA_SUPREMA,700.0,620.0,12400.0,20.0,11.428571428571432,0.23792589863124877
20231201,15236,PASTUSA_SUPREMA,1.5,0.18,2.88,16.0,88.0,5.526020871435455e-05
20231201,15238,CRIOLLA,4.0,4.0,72.0,18.0,0.0,0.0013815052178588639
20231201,15238,PASTUSA_SUPREMA,15.0,15.0,300.0,20.0,0.0,0.005756271741078599
20231201,15244,PASTUSA_SUPREMA,120.0,190.0,2280.0,12.0,0.0,0.04374766523219735
20231201,15248,PASTUSA_SUPREMA,5.0,12.3,98.4,8.0,0.0,0.0018880571310737806
20231201,15272,PASTUSA_SUPREMA,100.0,95.0,1900.0,20.0,5.000000000000004,0.036456387693497794
20231201,15276,PASTUSA_SUPREMA,0.0,45.0,675.0,15.0,0.0,0.012951611417426848
20231201,15293,PASTUSA_SUPREMA,120.0,148.0,2960.0,20.0,0.0,0.056795214511975514
20231201,15296,PASTUSA_SUPREMA,170.0,410.0,6150.0,15.0,0.0,0.11800357069211129
20231201,15299,PASTUSA_SUPREMA,4.0,4.0,28.0,7.0,0.0,0.0005372520291673359
20231201,15317,PASTUSA_SUPREMA,30.0,28.0,224.0,8.0,6.666666666666665,0.004298016233338687
20231201,15332,CRIOLLA,4.0,4.0,28.0,7.0,0.0,0.0005372520291673359
20231201,15332,PASTUSA_SUPREMA,18.0,25.0,300.0,12.0,0.0,0.005756271741078599
20231201,15362,PASTUSA_SUPREMA,10.0,12.0,240.0,20.0,0.0,0.004605017392862879
20231201,15367,PASTUSA_SUPREMA,380.0,365.0,6935.0,19.0,3.9473684210526327,0.13306581508126694
20231201,15368,PASTUSA_SUPREMA,200.0,300.0,4500.0,15.0,0.0,0.08634407611617899
20231201,15377,PASTUSA_SUPREMA,8.0,2.5,25.0,10.0,68.75,0.00047968931175654993
20231201,15403,CRIOLLA,4.0,5.5,82.5,15.0,0.0,0.0015829747287966147
20231201,15403,PASTUSA_SUPREMA,10.0,15.0,375.0,25.0,0.0,0.0071953396763482485
20231201,15407,PASTUSA_SUPREMA,93.0,140.0,2660.0,19.0,0.0,0.05103894277089691
20231201,15425,PASTUSA_SUPREMA,3.0,8.0,120.0,15.0,0.0,0.0023025086964314394
20231201,15442,CRIOLLA,4.0,4.0,64.0,16.0,0.0,0.001228004638096768
20231201,15442,PASTUSA_SUPREMA,9.0,9.0,155.7,17.3,0.0,0.002987505033619793
20231201,15464,PASTUSA_SUPREMA,50.0,230.0,2760.0,12.0,0.0,0.05295770001792311
20231201,15466,CRIOLLA,10.0,8.0,80.0,10.0,19.999999999999996,0.0015350057976209598
20231201,15466,PASTUSA_SUPREMA,60.0,45.0,900.0,20.0,25.0,0.017268815223235798
20231201,15476,CRIOLLA,5.0,4.0,40.0,10.0,19.999999999999996,0.0007675028988104799
20231201,15476,PASTUSA_SUPREMA,500.0,800.0,24000.0,30.0,0.0,0.4605017392862879
20231201,15491,PASTUSA_SUPREMA,40.0,40.0,1000.0,25.0,0.0,0.019187572470261996
20231201,15494,PASTUSA_SUPREMA,200.0,173.0,3114.0,18.0,13.5,0.05975010067239586
20231201,15500,PASTUSA_SUPREMA,76.0,76.0,1520.0,20.0,0.0,0.029165110154798234
20231201,15511,PASTUSA_SUPREMA,14.0,14.0,210.0,15.0,0.0,0.004029390218755019
20231201,15516,PASTUSA_SUPREMA,60.0,51.0,803.25,15.75,15.000000000000002,0.01541241758673795
20231201,15518,CRIOLLA,1.0,1.0,10.0,10.0,0.0,0.00019187572470261998
20231201,15522,PASTUSA_SUPREMA,13.0,13.0,299.0,23.0,0.0,0.005737084168608337
20231201,15531,CRIOLLA,10.0,10.0,70.0,7.0,0.0,0.0013431300729183399
20231201,15531,PASTUSA_SUPREMA,9.0,8.0,120.0,15.0,11.111111111111116,0.0023025086964314394
20231201,15537,PASTUSA_SUPREMA,27.0,27.0,405.0,15.0,0.0,0.007770966850456109
20231201,15542,PASTUSA_SUPREMA,150.0,100.0,2500.0,25.0,33.333333333333336,0.04796893117565499
20231201,15550,PASTUSA_SUPREMA,2.0,2.0,10.0,5.0,0.0,0.00019187572470261998
20231201,15599,CRIOLLA,15.0,15.0,225.0,15.0,0.0,0.0043172038058089494
20231201,15599,PASTUSA_SUPREMA,140.0,145.0,3045.0,21.0,0.0,0.05842615817194778
20231201,15600,PASTUSA_SUPREMA,260.0,240.0,3600.0,15.0,7.692307692307687,0.06907526089294319
20231201,15621,PASTUSA_SUPREMA,8.0,6.0,84.0,14.0,25.0,0.0016117560875020078
20231201,15632,CRIOLLA,450.0,480.0,4320.0,9.0,0.0,0.08289031307153183
20231201,15632,PASTUSA_SUPREMA,1900.0,2600.0,52000.0,20.0,0.0,0.9977537684536238
20231201,15646,PASTUSA_SUPREMA,900.0,500.0,12000.0,24.0,44.44444444444444,0.23025086964314395
20231201,15676,CRIOLLA,5.0,5.0,95.0,19.0,0.0,0.0018228193846748896
20231201,15676,PASTUSA_SUPREMA,25.0,25.0,600.0,24.0,0.0,0.011512543482157198
20231201,15693,CRIOLLA,25.0,25.0,342.5,13.7,0.0,0.006571743571064734
20231201,15693,PASTUSA_SUPREMA,35.0,34.5,524.4,15.2,1.4285714285714235,0.01006196300340539
20231201,15696,PASTUSA_SUPREMA,30.0,28.0,448.0,16.0,6.666666666666665,0.008596032466677374
20231201,15723,PASTUSA_SUPREMA,8.0,9.5,142.5,15.0,0.0,0.0027342290770123344
20231201,15740,CRIOLLA,45.0,45.0,540.0,12.0,0.0,0.010361289133941479
20231201,15740,PASTUSA_SUPREMA,3200.0,2080.0,41600.0,20.0,35.0,0.7982030147628991
20231201,15753,PASTUSA_SUPREMA,2.4,11.0,198.0,18.0,0.0,0.0037991393491118752
20231201,15755,CRIOLLA,2.0,2.0,24.0,12.0,0.0,0.00046050173928628794
20231201,15755,PASTUSA_SUPREMA,230.0,300.0,6000.0,20.0,0.0,0.11512543482157198
20231201,15757,PASTUSA_SUPREMA,15.0,26.0,520.0,20.0,0.0,0.009977537684536238
20231201,15759,CRIOLLA,2.0,2.0,24.0,12.0,0.0,0.00046050173928628794
20231201,15759,PASTUSA_SUPREMA,180.0,220.0,5500.0,25.0,0.0,0.10553164858644098
20231201,15761,CRIOLLA,10.0,10.0,150.0,15.0,0.0,0.0028781358705392995
20231201,15761,PASTUSA_SUPREMA,25.0,30.0,600.0,20.0,0.0,0.011512543482157198
20231201,15762,PASTUSA_SUPREMA,160.0,175.0,3500.0,20.0,0.0,0.06715650364591699
20231201,15763,PASTUSA_SUPREMA,62.0,470.0,11280.0,24.0,0.0,0.2164358174645553
20231201,15764,CRIOLLA,410.0,400.0,6000.0,15.0,2.4390243902439046,0.11512543482157198
20231201,15764,PASTUSA_SUPREMA,550.0,350.0,8750.0,25.0,36.36363636363637,0.16789125911479247
20231201,15774,PASTUSA_SUPREMA,44.0,44.0,924.0,21.0,0.0,0.017729316962522085
20231201,15776,PASTUSA_SUPREMA,110.0,76.0,1216.0,16.0,30.909090909090907,0.02333208812383859
20231201,15790,CRIOLLA,5.0,5.0,70.0,14.0,0.0,0.0013431300729183399
20231201,15790,PASTUSA_SUPREMA,30.0,25.0,575.0,23.0,16.666666666666664,0.011032854170400648
20231201,15804,PASTUSA_SUPREMA,70.0,170.0,3145.0,18.5,0.0,0.06034491541897398
20231201,15806,PASTUSA_SUPREMA,25.0,25.0,625.0,25.0,0.0,0.011992232793913747
20231201,15808,CRIOLLA,1.5,2.0,14.0,7.0,0.0,0.00026862601458366793
20231201,15808,PASTUSA_SUPREMA,11.0,23.0,690.0,30.0,0.0,0.013239425004480778
20231201,15810,CRIOLLA,0.0,1.0,5.0,5.0,0.0,9.593786235130999e-05
20231201,15814,PASTUSA_SUPREMA,1200.0,1200.0,30000.0,25.0,0.0,0.5756271741078599
20231201,15816,PASTUSA_SUPREMA,0.0,5.0,70.0,14.0,0.0,0.0013431300729183399
20231201,15820,PASTUSA_SUPREMA,24.0,26.0,416.0,16.0,0.0,0.00798203014762899
20231201,15822,PASTUSA_SUPREMA,350.0,300.0,6300.0,21.0,14.28571428571429,0.12088170656265058
20231201,15835,PASTUSA_SUPREMA,200.0,250.0,5500.0,22.0,0.0,0.10553164858644098
20231201,15837,PASTUSA_SUPREMA,50.0,125.0,3125.0,25.0,0.0,0.05996116396956874
20231201,15839,CRIOLLA,31.8,31.8,508.8,16.0,0.0,0.009762636872869304
20231201,15839,PASTUSA_SUPREMA,447.0,412.0,9064.0,22.0,7.829977628635342,0.17391615687045475
20231201,15842,CRIOLLA,5.0,5.0,55.0,11.0,0.0,0.0010553164858644098
20231201,15842,PASTUSA_SUPREMA,850.0,850.0,19550.0,23.0,0.0,0.37511704179362204
20231201,15861,CRIOLLA,70.0,70.0,1190.0,17.0,0.0,0.022833211239611777
20231201,15861,PASTUSA_SUPREMA,2200.0,1500.0,39000.0,26.0,31.818181818181824,0.7483153263402179
20231201,15879,CRIOLLA,32.1,32.0,473.6,14.8,0.31152647975077885,0.009087234321916082
20231201,15879,PASTUSA_SUPREMA,517.0,516.1,7844.72,15.2,0.17408123791101682,0.1505211335089137
20231201,17001,PASTUSA_SUPREMA,50.0,50.0,500.0,10.0,0.0,0.009593786235130998
20231201,17013,PASTUSA_SUPREMA,20.0,20.0,60.0,3.0,0.0,0.0011512543482157197
20231201,17446,CRIOLLA,6.0,6.0,60.0,10.0,0.0,0.0011512543482157197
20231201,17446,PASTUSA_SUPREMA,10.0,12.0,240.0,20.0,0.0,0.004605017392862879
20231201,17541,PASTUSA_SUPREMA,23.0,30.0,651.0,21.7,0.0,0.01249110967814056
20231201,17653,PASTUSA_SUPREMA,65.0,65.0,1040.0,16.0,0.0,0.019955075369072477
20231201,17873,PASTUSA_SUPREMA,88.0,80.0,1520.0,19.0,9.090909090909093,0.029165110154798234
20231201,19001,PASTUSA_SUPREMA,0.0,0.7,2.8,4.0,0.0,5.372520291673359e-05
20231201,19022,PASTUSA_SUPREMA,125.0,134.0,1340.0,10.0,0.0,0.025711347110151075
20231201,19100,CRIOLLA,0.0,20.0,240.0,12.0,0.0,0.004605017392862879
20231201,19100,PASTUSA_SUPREMA,0.0,85.0,1700.0,20.0,0.0,0.0326188731994454
20231201,19355,PASTUSA_SUPREMA,0.0,11.0,110.0,10.0,0.0,0.0021106329717288197
20231201,19364,CRIOLLA,20.0,20.0,62.0,3.1,0.0,0.001189629493156244
20231201,19397,PASTUSA_SUPREMA,38.0,37.0,244.2,6.6,2.631578947368418,0.004685605197237979
20231201,19517,PASTUSA_SUPREMA,70.0,70.0,980.0,14.0,0.0,0.018803821020856756
20231201,19585,PASTUSA_SUPREMA,685.0,700.0,14000.0,20.0,0.0,0.26862601458366797
20231201,19693,PASTUSA_SUPREMA,510.0,510.0,10200.0,20.0,0.0,0.19571323919667236
20231201,19701,CRIOLLA,2.0,2.0,42.0,21.0,0.0,0.0008058780437510039
20231201,19701,PASTUSA_SUPREMA,2.5,0.0,0.0,0.0,100.0,0.0
20231201,19743,PASTUSA_SUPREMA,125.0,128.0,3072.0,24.0,0.0,0.058944222628644856
20231201,19760,PASTUSA_SUPREMA,100.0,115.0,2300.0,20.0,0.0,0.044131416681602594
20231201,19821,CRIOLLA,5.0,5.0,50.0,10.0,0.0,0.0009593786235130999
20231201,19821,PASTUSA_SUPREMA,8.0,9.5,142.5,15.0,0.0,0.0027342290770123344
20231201,19824,CRIOLLA,78.0,150.0,3600.0,24.0,0.0,0.06907526089294319
20231201,19824,PASTUSA_SUPREMA,700.0,400.0,11200.0,28.0,42.85714285714286,0.21490081166693437
20231201,25019,PASTUSA_SUPREMA,5.0,7.0,140.0,20.0,0.0,0.0026862601458366797
20231201,25053,PASTUSA_SUPREMA,25.0,38.0,570.0,15.0,0.0,0.010936916308049337
20231201,25099,CRIOLLA,110.0,110.0,660.0,6.0,0.0,0.012663797830372917
20231201,25099,PASTUSA_SUPREMA,160.0,160.0,960.0,6.0,0.0,0.018420069571451515
20231201,25120,PASTUSA_SUPREMA,19.0,37.0,481.0,13.0,0.0,0.00922922235819602
20231201,25126,PASTUSA_SUPREMA,21.7,30.0,450.0,15.0,0.0,0.008634407611617899
20231201,25151,CRIOLLA,65.0,65.0,1105.0,17.0,0.0,0.021202267579639507
20231201,25151,PASTUSA_SUPREMA,90.0,60.0,1500.0,25.0,33.333333333333336,0.028781358705392994
20231201,25154,CRIOLLA,32.0,31.0,496.0,16.0,3.125,0.009517035945249951
20231201,25154,PASTUSA_SUPREMA,800.0,780.0,15600.0,20.0,2.500000000000002,0.29932613053608714
20231201,25175,PASTUSA_SUPREMA,55.0,50.0,1250.0,25.0,9.090909090909093,0.023984465587827495
20231201,25178,CRIOLLA,10.0,10.0,200.0,20.0,0.0,0.0038375144940523995
20231201,25178,PASTUSA_SUPREMA,35.0,50.0,1500.0,30.0,0.0,0.028781358705392994
20231201,25181,CRIOLLA,90.0,70.0,980.0,14.0,22.22222222222222,0.018803821020856756
20231201,25181,PASTUSA_SUPREMA,15.0,15.0,210.0,14.0,0.0,0.004029390218755019
20231201,25183,CRIOLLA,12.0,12.0,180.0,15.0,0.0,0.0034537630446471596
20231201,25183,PASTUSA_SUPREMA,550.0,500.0,12500.0,25.0,9.090909090909093,0.23984465587827497
20231201,25200,PASTUSA_SUPREMA,330.0,320.0,6400.0,20.0,3.0303030303030276,0.12280046380967678
20231201,25214,PASTUSA_SUPREMA,33.5,39.0,1014.0,26.0,0.0,0.019456198484845665
20231201,25224,CRIOLLA,7.0,7.0,126.0,18.0,0.0,0.0024176341312530116
20231201,25224,PASTUSA_SUPREMA,120.0,120.0,2640.0,22.0,0.0,0.05065519132149167
20231201,25260,CRIOLLA,270.0,268.0,4556.0,17.0,0.7407407407407418,0.08741858017451366
20231201,25260,PASTUSA_SUPREMA,420.0,419.0,10056.0,24.0,0.23809523809523725,0.19295022876095463
20231201,25269,CRIOLLA,102.0,104.0,2080.0,20.0,0.0,0.03991015073814495
20231201,25269,PASTUSA_SUPREMA,333.0,709.0,14180.0,20.0,0.0,0.2720797776283151
20231201,25281,CRIOLLA,248.0,85.0,1190.0,14.0,65.7258064516129,0.022833211239611777
20231201,25281,PASTUSA_SUPREMA,298.0,130.0,2730.0,21.0,56.3758389261745,0.05238207284381525
20231201,25286,PASTUSA_SUPREMA,150.0,100.0,2800.0,28.0,33.333333333333336,0.05372520291673359
20231201,25288,CRIOLLA,10.0,10.0,180.0,18.0,0.0,0.0034537630446471596
20231201,25288,PASTUSA_SUPREMA,130.0,130.0,2860.0,22.0,0.0,0.05487645726494931
20231201,25293,PASTUSA_SUPREMA,2.0,0.0,0.0,0.0,100.0,0.0
20231201,25295,PASTUSA_SUPREMA,11.0,6.0,111.0,18.5,45.45454545454546,0.0021298205441990818
20231201,25297,PASTUSA_SUPREMA,15.0,6.0,108.0,18.0,60.0,0.0020722578267882955
20231201,25299,PASTUSA_SUPREMA,7.0,6.0,138.0,23.0,14.28571428571429,0.0026478850008961555
20231201,25312,CRIOLLA,19.0,19.0,285.0,15.0,0.0,0.005468458154024669
20231201,25312,PASTUSA_SUPREMA,62.0,62.0,1240.0,20.0,0.0,0.023792589863124877
20231201,25317,CRIOLLA,17.0,17.0,272.0,16.0,0.0,0.0052190197119112635
20231201,25317,PASTUSA_SUPREMA,270.0,360.0,7200.0,20.0,0.0,0.13815052178588638
20231201,25322,CRIOLLA,20.0,20.0,280.0,14.0,0.0,0.0053725202916733595
20231201,25322,PASTUSA_SUPREMA,132.0,141.0,3948.0,28.0,0.0,0.07575253611259436
20231201,25326,CRIOLLA,40.0,40.0,680.0,17.0,0.0,0.013047549279778158
20231201,25326,PASTUSA_SUPREMA,1200.0,1195.0,39435.0,33.0,0.4166666666666652,0.7566619203647819
20231201,25339,PASTUSA_SUPREMA,59.0,58.5,1170.0,20.0,0.8474576271186418,0.022449459790206537
20231201,25372,PASTUSA_SUPREMA,57.0,52.0,728.0,14.0,8.771929824561408,0.013968552758350733
20231201,25377,CRIOLLA,95.0,94.0,1739.0,18.5,1.0526315789473717,0.033367188525785615
20231201,25377,PASTUSA_SUPREMA,820.0,920.0,24840.0,27.0,0.0,0.476619300161308
20231201,25407,CRIOLLA,24.0,24.0,408.0,17.0,0.0,0.007828529567866895
20231201,25407,PASTUSA_SUPREMA,432.0,432.0,12960.0,30.0,0.0,0.2486709392145955
20231201,25426,CRIOLLA,22.0,35.0,840.0,24.0,0.0,0.016117560875020077
20231201,25426,PASTUSA_SUPREMA,190.0,270.0,6750.0,25.0,0.0,0.12951611417426848
20231201,25430,PASTUSA_SUPREMA,666.2,766.2,17622.6,23.0,0.0,0.33813491461443906
20231201,25436,PASTUSA_SUPREMA,28.0,30.0,540.0,18.0,0.0,0.010361289133941479
20231201,25473,PASTUSA_SUPREMA,230.0,230.0,6670.0,29.0,0.0,0.12798110837664753
20231201,25486,CRIOLLA,3.0,3.0,60.0,20.0,0.0,0.0011512543482157197
20231201,25513,CRIOLLA,190.0,160.0,1920.0,12.0,15.789473684210531,0.03684013914290303
20231201,25513,PASTUSA_SUPREMA,90.0,75.0,1725.0,23.0,16.666666666666664,0.03309856251120195
20231201,25535,PASTUSA_SUPREMA,1010.0,1000.0,19000.0,19.0,0.990099009900991,0.36456387693497794
20231201,25594,CRIOLLA,10.0,12.0,168.0,14.0,0.0,0.0032235121750040156
20231201,25594,PASTUSA_SUPREMA,18.0,20.0,360.0,18.0,0.0,0.006907526089294319
20231201,25649,PASTUSA_SUPREMA,12.0,10.0,220.0,22.0,16.666666666666664,0.004221265943457639
20231201,25653,CRIOLLA,22.0,26.0,416.0,16.0,0.0,0.00798203014762899
20231201,25653,PASTUSA_SUPREMA,800.0,900.0,18000.0,20.0,0.0,0.34537630446471596
20231201,25736,CRIOLLA,27.0,27.0,486.0,18.0,0.0,0.009325160220547331
20231201,25736,PASTUSA_SUPREMA,1200.0,1200.0,37200.0,31.0,0.0,0.7137776958937463
20231201,25740,CRIOLLA,550.0,550.0,12100.0,22.0,0.0,0.23216962689017015
20231201,25740,PASTUSA_SUPREMA,822.0,915.0,21045.0,23.0,0.0,0.40380246263666375
20231201,25745,PASTUSA_SUPREMA,70.0,60.0,1500.0,25.0,14.28571428571429,0.028781358705392994
20231201,25754,CRIOLLA,41.1,41.1,246.6,6.0,0.0,0.004731655371166608
20231201,25754,PASTUSA_SUPREMA,496.27,491.77,2950.62,6.0,0.9067644628931837,0.05661523508220445
20231201,25758,PASTUSA_SUPREMA,25.0,65.0,2177.5,33.5,0.0,0.0417809390539955
20231201,25769,CRIOLLA,98.0,96.0,1728.0,18.0,2.0408163265306145,0.03315612522861273
20231201,25769,PASTUSA_SUPREMA,260.0,210.0,5250.0,25.0,19.23076923076923,0.10073475546887549
20231201,25772,CRIOLLA,10.0,10.0,200.0,20.0,0.0,0.0038375144940523995
20231201,25772,PASTUSA_SUPREMA,1000.0,1000.0,24000.0,24.0,0.0,0.4605017392862879
20231201,25779,CRIOLLA,30.0,30.0,540.0,18.0,0.0,0.010361289133941479
20231201,25779,PASTUSA_SUPREMA,170.0,170.0,3400.0,20.0,0.0,0.0652377463988908
20231201,25781,PASTUSA_SUPREMA,90.0,0.0,0.0,0.0,100.0,0.0
20231201,25785,CRIOLLA,12.0,12.0,204.0,17.0,0.0,0.0039142647839334474
20231201,25785,PASTUSA_SUPREMA,100.0,120.0,3000.0,25.0,0.0,0.05756271741078599
20231201,25793,CRIOLLA,96.0,96.0,1344.0,14.0,0.0,0.025788097400032125
20231201,25793,PASTUSA_SUPREMA,7800.0,9026.0,144416.0,16.0,0.0,2.7709924658653566
20231201,25799,CRIOLLA,25.0,25.0,550.0,22.0,0.0,0.010553164858644099
20231201,25799,PASTUSA_SUPREMA,150.0,350.0,12250.0,35.0,0.0,0.23504776276070946
20231201,25807,PASTUSA_SUPREMA,400.0,400.0,8000.0,20.0,0.0,0.15350057976209597
20231201,25817,PASTUSA_SUPREMA,20.0,25.0,575.0,23.0,0.0,0.011032854170400648
20231201,25841,CRIOLLA,160.0,50.0,1000.0,20.0,68.75,0.019187572470261996
20231201,25841,PASTUSA_SUPREMA,480.0,335.0,6700.0,20.0,30.208333333333336,0.1285567355507554
20231201,25843,CRIOLLA,16.0,12.0,168.0,14.0,25.0,0.0032235121750040156
20231201,25843,PASTUSA_SUPREMA,560.0,540.0,10800.0,20.0,3.57142857142857,0.20722578267882957
20231201,25845,CRIOLLA,322.0,322.0,5474.0,17.0,0.0,0.10503277170221417
20231201,25845,PASTUSA_SUPREMA,910.0,850.0,23800.0,28.0,6.593406593406592,0.4566642247922355
20231201,25873,CRIOLLA,35.0,35.0,630.0,18.0,0.0,0.012088170656265058
20231201,25873,PASTUSA_SUPREMA,6000.0,6840.0,171000.0,25.0,0.0,3.2810748924148014
20231201,25898,CRIOLLA,90.0,90.0,1800.0,20.0,0.0,0.034537630446471596
20231201,25898,PASTUSA_SUPREMA,120.0,120.0,2880.0,24.0,0.0,0.05526020871435455
20231201,25899,CRIOLLA,120.0,60.0,1080.0,18.0,50.0,0.020722578267882957
20231201,25899,PASTUSA_SUPREMA,1200.0,810.0,17820.0,22.0,32.49999999999999,0.3419225414200688
20231201,41001,PASTUSA_SUPREMA,3.0,3.0,21.0,7.0,0.0,0.00040293902187550195
20231201,41206,PASTUSA_SUPREMA,12.0,10.0,50.0,5.0,16.666666666666664,0.0009593786235130999
20231201,41359,PASTUSA_SUPREMA,1.5,2.0,12.0,6.0,0.0,0.00023025086964314397
20231201,41396,PASTUSA_SUPREMA,7.0,7.0,56.0,8.0,0.0,0.0010745040583346717
20231201,41668,PASTUSA_SUPREMA,3.0,3.0,12.0,4.0,0.0,0.00023025086964314397
20231201,41676,PASTUSA_SUPREMA,0.5,0.5,11.0,22.0,0.0,0.00021106329717288197
20231201,52001,CRIOLLA,112.0,110.0,1980.0,18.0,1.7857142857142905,0.037991393491118755
20231201,52001,PASTUSA_SUPREMA,4700.0,2300.0,57500.0,25.0,51.06382978723405,1.1032854170400648
20231201,52022,PASTUSA_SUPREMA,250.0,150.0,2250.0,15.0,40.0,0.043172038058089494
20231201,52036,CRIOLLA,1.5,1.5,15.0,10.0,0.0,0.0002878135870539299
20231201,52036,PASTUSA_SUPREMA,20.0,20.0,280.0,14.0,0.0,0.0053725202916733595
20231201,52083,PASTUSA_SUPREMA,9.0,12.0,180.0,15.0,0.0,0.0034537630446471596
20231201,52110,PASTUSA_SUPREMA,20.0,60.0,960.0,16.0,0.0,0.018420069571451515
20231201,52210,PASTUSA_SUPREMA,550.0,510.0,11730.0,23.0,7.272727272727275,0.22507022507617322
20231201,52215,CRIOLLA,80.0,80.0,880.0,11.0,0.0,0.016885063773830557
20231201,52215,PASTUSA_SUPREMA,450.0,400.0,8000.0,20.0,11.111111111111116,0.15350057976209597
20231201,52224,CRIOLLA,55.0,55.0,660.0,12.0,0.0,0.012663797830372917
20231201,52224,PASTUSA_SUPREMA,450.0,500.0,9000.0,18.0,0.0,0.17268815223235798
20231201,52227,CRIOLLA,130.0,66.0,660.0,10.0,49.23076923076923,0.012663797830372917
20231201,52227,PASTUSA_SUPREMA,490.0,405.0,8910.0,22.0,17.3469387755102,0.1709612707100344
20231201,52240,PASTUSA_SUPREMA,2.0,5.0,60.0,12.0,0.0,0.0011512543482157197
20231201,52258,PASTUSA_SUPREMA,8.0,10.0,130.0,13.0,0.0,0.0024943844211340596
20231201,52260,PASTUSA_SUPREMA,5.0,0.0,0.0,0.0,100.0,0.0
20231201,52287,PASTUSA_SUPREMA,20.0,30.0,330.0,11.0,0.0,0.006331898915186459
20231201,52317,CRIOLLA,20.0,15.0,180.0,12.0,25.0,0.0034537630446471596
20231201,52317,PASTUSA_SUPREMA,350.0,380.0,7600.0,20.0,0.0,0.14582555077399117
20231201,52320,CRIOLLA,20.0,20.0,360.0,18.0,0.0,0.006907526089294319
20231201,52320,PASTUSA_SUPREMA,130.0,80.0,1600.0,20.0,38.46153846153846,0.030700115952419196
20231201,52323,CRIOLLA,25.0,25.0,250.0,10.0,0.0,0.004796893117565499
20231201,52323,PASTUSA_SUPREMA,600.0,450.0,9000.0,20.0,25.0,0.17268815223235798
20231201,52352,CRIOLLA,60.0,20.0,200.0,10.0,66.66666666666667,0.0038375144940523995
20231201,52352,PASTUSA_SUPREMA,100.0,5.0,90.0,18.0,95.0,0.0017268815223235798
20231201,52354,CRIOLLA,25.0,21.0,273.0,13.0,16.000000000000004,0.005238207284381525
20231201,52354,PASTUSA_SUPREMA,300.0,355.0,5680.0,16.0,0.0,0.10898541163108814
20231201,52356,CRIOLLA,120.0,120.0,1080.0,9.0,0.0,0.020722578267882957
20231201,52356,PASTUSA_SUPREMA,1100.0,550.0,9900.0,18.0,50.0,0.18995696745559376
20231201,52378,PASTUSA_SUPREMA,75.0,75.0,1500.0,20.0,0.0,0.028781358705392994
20231201,52381,CRIOLLA,1.5,1.0,8.0,8.0,33.333333333333336,0.000153500579762096
20231201,52381,PASTUSA_SUPREMA,2.0,8.0,112.0,14.0,0.0,0.0021490081166693435
20231201,52385,PASTUSA_SUPREMA,2.3,2.3,10.35,4.5,0.0,0.00019859137506721166
20231201,52418,PASTUSA_SUPREMA,0.0,4.0,32.0,8.0,0.0,0.000614002319048384
20231201,52435,PASTUSA_SUPREMA,85.0,80.0,800.0,10.0,5.882352941176472,0.015350057976209598
20231201,52480,CRIOLLA,6.0,6.0,60.0,10.0,0.0,0.0011512543482157197
20231201,52480,PASTUSA_SUPREMA,10.0,6.0,72.0,12.0,40.0,0.0013815052178588639
20231201,52506,PASTUSA_SUPREMA,1200.0,650.0,16250.0,25.0,45.833333333333336,0.3117980526417575
20231201,52560,CRIOLLA,900.0,650.0,9100.0,14.0,27.77777777777778,0.17460690947938418
20231201,52560,PASTUSA_SUPREMA,2700.0,2760.0,59340.0,21.5,0.0,1.1385905503853468
20231201,52565,PASTUSA_SUPREMA,15.0,100.0,1500.0,15.0,0.0,0.028781358705392994
20231201,52573,CRIOLLA,70.0,70.0,840.0,12.0,0.0,0.016117560875020077
20231201,52573,PASTUSA_SUPREMA,170.0,160.0,2880.0,18.0,5.882352941176472,0.05526020871435455
20231201,52585,CRIOLLA,60.0,60.0,900.0,15.0,0.0,0.017268815223235798
20231201,52585,PASTUSA_SUPREMA,1800.0,2000.0,50000.0,25.0,0.0,0.9593786235130999
20231201,52678,PASTUSA_SUPREMA,30.0,22.0,330.0,15.0,26.66666666666667,0.006331898915186459
20231201,52683,PASTUSA_SUPREMA,5.0,10.0,180.0,18.0,0.0,0.0034537630446471596
20231201,52685,PASTUSA_SUPREMA,10.0,10.0,120.0,12.0,0.0,0.0023025086964314394
20231201,52693,PASTUSA_SUPREMA,0.0,3.0,36.0,12.0,0.0,0.0006907526089294319
20231201,52699,PASTUSA_SUPREMA,12.0,20.0,320.0,16.0,0.0,0.006140023190483839
20231201,52720,CRIOLLA,9.0,9.0,108.0,12.0,0.0,0.0020722578267882955
20231201,52720,PASTUSA_SUPREMA,800.0,530.0,14840.0,28.0,33.75,0.28474357545868806
20231201,52788,PASTUSA_SUPREMA,385.0,420.0,8610.0,20.5,0.0,0.1652049989689558
20231201,52838,CRIOLLA,390.0,390.0,5850.0,15.0,0.0,0.11224729895103268
20231201,52838,PASTUSA_SUPREMA,2750.0,1367.9,24622.2,18.0,50.25818181818181,0.4724402468772849
20231201,52885,CRIOLLA,8.0,8.0,120.0,15.0,0.0,0.0023025086964314394
20231201,52885,PASTUSA_SUPREMA,315.0,315.0,6300.0,20.0,0.0,0.12088170656265058
20231201,54125,CRIOLLA,40.0,40.0,800.0,20.0,0.0,0.015350057976209598
20231201,54125,PASTUSA_SUPREMA,50.0,58.0,1276.0,22.0,0.0,0.024483342472054307
20231201,54174,CRIOLLA,75.0,70.0,910.0,13.0,6.666666666666665,0.017460690947938416
20231201,54174,PASTUSA_SUPREMA,560.0,490.0,7105.0,14.5,12.5,0.13632770240121148
20231201,54347,CRIOLLA,5.0,5.0,72.5,14.5,0.0,0.0013910990040939947
20231201,54347,PASTUSA_SUPREMA,6.0,6.0,96.0,16.0,0.0,0.0018420069571451517
20231201,54377,CRIOLLA,4.0,4.0,60.0,15.0,0.0,0.0011512543482157197
20231201,54377,PASTUSA_SUPREMA,6.0,6.0,90.0,15.0,0.0,0.0017268815223235798
20231201,54480,CRIOLLA,100.0,20.0,440.0,22.0,80.0,0.008442531886915279
20231201,54480,PASTUSA_SUPREMA,60.0,40.0,960.0,24.0,33.333333333333336,0.018420069571451515
20231201,54518,CRIOLLA,90.0,88.0,1144.0,13.0,2.2222222222222254,0.021950582905979725
20231201,54518,PASTUSA_SUPREMA,150.0,168.0,2520.0,15.0,0.0,0.048352682625060234
20231201,54743,CRIOLLA,230.0,227.0,4540.0,20.0,1.30434782608696,0.08711157901498946
20231201,54743,PASTUSA_SUPREMA,320.0,1235.0,24700.0,20.0,0.0,0.4739330400154713
20231201,68020,PASTUSA_SUPREMA,90.0,70.0,1260.0,18.0,22.22222222222222,0.024176341312530117
20231201,68101,PASTUSA_SUPREMA,25.0,34.5,759.0,22.0,0.0,0.014563367504928856
20231201,68132,CRIOLLA,2.0,2.0,18.0,9.0,0.0,0.00034537630446471597
20231201,68152,PASTUSA_SUPREMA,0.0,240.0,3840.0,16.0,0.0,0.07368027828580606
20231201,68162,PASTUSA_SUPREMA,200.0,196.0,3959.2,20.2,2.0000000000000018,0.07596743692426129
20231201,68207,CRIOLLA,12.0,11.8,151.04,12.8,1.6666666666666607,0.002898090945908372
20231201,68207,PASTUSA_SUPREMA,40.0,68.0,1564.0,23.0,0.0,0.03000936334348976
20231201,68264,PASTUSA_SUPREMA,22.0,22.0,132.0,6.0,0.0,0.002532759566074584
20231201,68298,PASTUSA_SUPREMA,10.0,15.0,116.7,7.78,0.0,0.002239189707279575
20231201,68318,CRIOLLA,30.0,29.0,522.0,18.0,3.3333333333333326,0.010015912829476762
20231201,68318,PASTUSA_SUPREMA,220.0,346.0,7266.0,21.0,0.0,0.13941690156892367
20231201,68368,CRIOLLA,2.0,2.0,30.0,15.0,0.0,0.0005756271741078599
20231201,68377,PASTUSA_SUPREMA,5.0,4.5,121.5,27.0,9.999999999999998,0.002331290055136833
20231201,68432,CRIOLLA,1.0,1.0,22.8,22.8,0.0,0.0004374766523219735
20231201,68468,PASTUSA_SUPREMA,9.0,16.0,288.0,18.0,0.0,0.0055260208714354555
20231201,68502,PASTUSA_SUPREMA,75.0,45.0,720.0,16.0,40.0,0.013815052178588638
20231201,68572,PASTUSA_SUPREMA,25.0,35.0,525.0,15.0,0.0,0.010073475546887548
20231201,68669,PASTUSA_SUPREMA,20.0,35.0,700.0,20.0,0.0,0.013431300729183398
20231201,68682,CRIOLLA,2.0,3.0,18.0,6.0,0.0,0.00034537630446471597
20231201,68682,PASTUSA_SUPREMA,0.0,3.0,24.0,8.0,0.0,0.00046050173928628794
20231201,68773,PASTUSA_SUPREMA,1.0,1.9,28.5,15.0,0.0,0.0005468458154024669
20231201,68820,PASTUSA_SUPREMA,0.0,270.0,7560.0,28.0,0.0,0.1450580478751807
20231201,68867,CRIOLLA,0.5,0.5,6.25,12.5,0.0,0.00011992232793913748
20231201,68867,PASTUSA_SUPREMA,2.0,2.0,40.0,20.0,0.0,0.0007675028988104799
20231201,73043,PASTUSA_SUPREMA,106.0,90.0,1440.0,16.0,15.094339622641506,0.027630104357177276
20231201,73124,CRIOLLA,10.0,10.0,120.0,12.0,0.0,0.0023025086964314394
20231201,73124,PASTUSA_SUPREMA,13.0,13.0,182.0,14.0,0.0,0.0034921381895876833
20231201,73152,PASTUSA_SUPREMA,120.0,150.0,2550.0,17.0,0.0,0.04892830979916809
20231201,73347,PASTUSA_SUPREMA,156.0,156.0,2839.2,18.2,0.0,0.05447735575756786
20231201,73461,CRIOLLA,15.0,15.0,210.0,14.0,0.0,0.004029390218755019
20231201,73461,PASTUSA_SUPREMA,100.0,100.0,2200.0,22.0,0.0,0.042212659434576395
20231201,73622,CRIOLLA,55.0,50.0,750.0,15.0,9.090909090909093,0.014390679352696497
20231201,73622,PASTUSA_SUPREMA,60.0,55.0,1100.0,20.0,8.333333333333337,0.021106329717288198
20231201,73686,PASTUSA_SUPREMA,120.0,120.0,1440.0,12.0,0.0,0.027630104357177276
20231201,73870,PASTUSA_SUPREMA,20.0,21.0,126.0,6.0,0.0,0.0024176341312530116
20231201,76111,PASTUSA_SUPREMA,12.0,8.0,128.0,16.0,33.333333333333336,0.002456009276193536
20231201,76736,PASTUSA_SUPREMA,12.0,31.0,372.0,12.0,0.0,0.007137776958937463
20231201,76834,PASTUSA_SUPREMA,250.0,255.0,4590.0,18.0,0.0,0.08807095763850256
20231201,86755,PASTUSA_SUPREMA,0.0,2.0,20.0,10.0,0.0,0.00038375144940523996
20240601,05001,PASTUSA_SUPREMA,38.0,42.0,672.0,16.0,0.0,0.01277232589737516
20240601,05002,PASTUSA_SUPREMA,90.0,80.0,800.0,10.0,11.111111111111116,0.01520514987782757
20240601,05004,CRIOLLA,3.0,2.5,7.5,3.0,16.666666666666664,0.0001425482801046335
20240601,05004,PASTUSA_SUPREMA,2.0,1.0,3.0,3.0,50.0,5.701931204185339e-05
20240601,05079,PASTUSA_SUPREMA,23.0,13.0,110.5,8.5,43.47826086956522,0.002100211326874933
20240601,05086,PASTUSA_SUPREMA,410.0,400.0,5600.0,14.0,2.4390243902439046,0.106436049144793
20240601,05088,PASTUSA_SUPREMA,43.5,52.0,936.0,18.0,0.0,0.01779002535705826
20240601,05093,CRIOLLA,4.0,0.0,0.0,0.0,100.0,0.0
20240601,05148,CRIOLLA,270.0,266.0,4788.0,18.0,1.4814814814814836,0.09100282201879802
20240601,05148,PASTUSA_SUPREMA,190.0,185.0,3885.0,21.0,2.631578947368418,0.07384000909420015
20240601,05206,PASTUSA_SUPREMA,35.0,50.0,750.0,15.0,0.0,0.014254828010463348
20240601,05237,CRIOLLA,1.0,0.8,8.0,10.0,19.999999999999996,0.0001520514987782757
20240601,05237,PASTUSA_SUPREMA,48.0,55.0,1430.0,26.0,0.0,0.027179205406616783
20240601,05264,PASTUSA_SUPREMA,480.0,480.0,14400.0,30.0,0.0,0.2736926978008963
20240601,05266,CRIOLLA,14.74,8.73,110.87,12.7,40.77340569877883,0.0021072437086934286
20240601,05266,PASTUSA_SUPREMA,10.78,4.2,26.04,6.2,61.038961038961034,0.0004949276285232874
20240601,05308,CRIOLLA,5.0,5.0,25.0,5.0,0.0,0.0004751609336821116
20240601,05308,PASTUSA_SUPREMA,5.0,5.0,40.0,8.0,0.0,0.0007602574938913785
20240601,05313,CRIOLLA,1.5,1.5,19.5,13.0,0.0,0.00037062552827204706
20240601,05313,PASTUSA_SUPREMA,7.0,6.5,113.75,17.5,7.14285714285714,0.0021619822482536076
20240601,05318,PASTUSA_SUPREMA,20.0,10.0,90.0,9.0,50.0,0.0017105793612556017
20240601,05376,PASTUSA_SUPREMA,18.0,20.0,320.0,16.0,0.0,0.006082059951131028
20240601,05400,CRIOLLA,118.0,122.66,1533.25,12.5,0.0,0.029141620062723902
20240601,05400,PASTUSA_SUPREMA,668.0,683.8,11966.5,17.5,0.0,0.22744053251627955
20240601,05440,PASTUSA_SUPREMA,190.0,192.0,1536.0,8.0,0.0,0.029193887765428937
20240601,05541,PASTUSA_SUPREMA,16.0,27.0,378.0,14.0,0.0,0.007184433317273527
20240601,05607,PASTUSA_SUPREMA,25.0,51.0,510.0,10.0,0.0,0.009693283047115076
20240601,05615,PASTUSA_SUPREMA,8.0,7.0,87.5,12.5,12.5,0.0016630632678873907
20240601,05647,PASTUSA_SUPREMA,2.0,1.0,10.0,10.0,50.0,0.00019006437347284463
20240601,05658,PASTUSA_SUPREMA,46.0,12.0,300.0,25.0,73.91304347826086,0.005701931204185339
20240601,05664,CRIOLLA,45.25,47.5,475.0,10.0,0.0,0.00902805773996012
20240601,05664,PASTUSA_SUPREMA,483.25,420.0,16800.0,40.0,13.088463528194517,0.319308147434379
20240601,05674,PASTUSA_SUPREMA,500.0,495.0,10890.0,22.0,1.0000000000000009,0.20698010271192782
20240601,05686,CRIOLLA,6.5,25.0,300.0,12.0,0.0,0.005701931204185339
20240601,05686,PASTUSA_SUPREMA,800.0,330.0,16500.0,50.0,58.75,0.31360621623019364
20240601,05697,CRIOLLA,65.0,63.0,756.0,12.0,3.076923076923077,0.014368866634547055
20240601,05697,PASTUSA_SUPREMA,60.0,58.0,1044.0,18.0,3.3333333333333326,0.01984272059056498
20240601,05756,CRIOLLA,151.0,245.0,3185.0,13.0,0.0,0.060535502951101015
20240601,05756,PASTUSA_SUPREMA,71.0,130.0,2080.0,16.0,0.0,0.039533389682351684
20240601,05847,CRIOLLA,4.5,4.5,36.0,8.0,0.0,0.0006842317445022407
20240601,05847,PASTUSA_SUPREMA,5.0,5.0,90.0,18.0,0.0,0.0017105793612556017
20240601,05887,PASTUSA_SUPREMA,100.0,48.0,2160.0,45.0,52.0,0.04105390467013444
20240601,15001,CRIOLLA,200.0,200.0,2000.0,10.0,0.0,0.038012874694568925
20240601,15001,PASTUSA_SUPREMA,1600.0,1600.0,32000.0,20.0,0.0,0.6082059951131028
20240601,15022,CRIOLLA,2.0,2.0,10.8,5.4,0.0,0.0002052695233506722
20240601,15022,PASTUSA_SUPREMA,5.0,9.0,81.0,9.0,0.0,0.0015395214251300415
20240601,15047,CRIOLLA,1.5,1.0,8.0,8.0,33.333333333333336,0.0001520514987782757
20240601,15047,PASTUSA_SUPREMA,20.0,75.0,1875.0,25.0,0.0,0.03563707002615837
20240601,15051,PASTUSA_SUPREMA,1200.0,1400.0,35000.0,25.0,0.0,0.6652253071549562
20240601,15087,CRIOLLA,80.0,80.0,960.0,12.0,0.0,0.018246179853393087
20240601,15087,PASTUSA_SUPREMA,290.0,280.0,5040.0,18.0,3.4482758620689613,0.0957924442303137
20240601,15092,CRIOLLA,4.0,0.0,0.0,0.0,100.0,0.0
20240601,15092,PASTUSA_SUPREMA,22.0,12.0,192.0,16.0,45.45454545454546,0.003649235970678617
20240601,15104,CRIOLLA,50.0,0.0,0.0,0.0,100.0,0.0
20240601,15104,PASTUSA_SUPREMA,210.0,210.0,4200.0,20.0,0.0,0.07982703685859475
20240601,15109,CRIOLLA,4.0,3.0,30.0,10.0,25.0,0.000570193120418534
20240601,15109,PASTUSA_SUPREMA,20.0,22.0,396.0,18.0,0.0,0.007526549189524647
20240601,15114,PASTUSA_SUPREMA,5.0,5.0,43.5,8.7,0.0,0.0008267800246068742
20240601,15131,CRIOLLA,130.0,130.0,1690.0,13.0,0.0,0.03212087911691074
20240601,15131,PASTUSA_SUPREMA,100.0,90.0,1620.0,18.0,9.999999999999998,0.03079042850260083
20240601,15162,PASTUSA_SUPREMA,40.0,55.0,825.0,15.0,0.0,0.015680310811509682
20240601,15172,PASTUSA_SUPREMA,6.0,6.0,90.0,15.0,0.0,0.0017105793612556017
20240601,15176,CRIOLLA,40.0,0.0,0.0,0.0,100.0,0.0
20240601,15176,PASTUSA_SUPREMA,350.0,256.0,6400.0,25.0,26.857142857142858,0.12164119902262056
20240601,15180,PASTUSA_SUPREMA,50.0,85.0,1530.0,18.0,0.0,0.02907984914134523
20240601,15183,PASTUSA_SUPREMA,310.0,30.0,450.0,15.0,90.32258064516128,0.008552896806278009
20240601,15187,PASTUSA_SUPREMA,150.0,13.0,390.0,30.0,91.33333333333333,0.007412510565440941
20240601,15189,CRIOLLA,3.0,3.0,36.0,12.0,0.0,0.0006842317445022407
20240601,15189,PASTUSA_SUPREMA,220.0,180.0,3600.0,20.0,18.181818181818176,0.06842317445022407
20240601,15204,PASTUSA_SUPREMA,500.0,600.0,12000.0,20.0,0.0,0.22807724816741357
20240601,15215,PASTUSA_SUPREMA,1.0,1.0,20.0,20.0,0.0,0.00038012874694568925
20240601,15224,PASTUSA_SUPREMA,110.0,0.0,0.0,0.0,100.0,0.0
20240601,15226,CRIOLLA,2.0,3.0,48.0,16.0,0.0,0.0009123089926696543
20240601,15226,PASTUSA_SUPREMA,29.0,15.3,382.5,25.0,47.241379310344826,0.007269962285336307
20240601,15232,CRIOLLA,20.0,0.0,0.0,0.0,100.0,0.0
20240601,15232,PASTUSA_SUPREMA,600.0,650.0,13000.0,20.0,0.0,0.24708368551469803
20240601,15236,PASTUSA_SUPREMA,1.6,1.4,22.4,16.0,12.50000000000001,0.000425744196579172
20240601,15238,CRIOLLA,2.0,2.0,36.0,18.0,0.0,0.0006842317445022407
20240601,15238,PASTUSA_SUPREMA,30.0,15.0,300.0,20.0,50.0,0.005701931204185339
20240601,15244,PASTUSA_SUPREMA,230.0,120.0,1440.0,12.0,47.82608695652174,0.027369269780089626
20240601,15248,PASTUSA_SUPREMA,12.0,5.0,40.0,8.0,58.33333333333333,0.0007602574938913785
20240601,15272,PASTUSA_SUPREMA,110.0,95.0,1900.0,20.0,13.636363636363635,0.03611223095984048
20240601,15276,PASTUSA_SUPREMA,50.0,0.0,0.0,0.0,100.0,0.0
20240601,15293,PASTUSA_SUPREMA,70.0,80.0,1600.0,20.0,0.0,0.03041029975565514
20240601,15296,PASTUSA_SUPREMA,430.0,160.0,2400.0,15.0,62.7906976744186,0.04561544963348271
20240601,15299,PASTUSA_SUPREMA,3.0,3.0,21.0,7.0,0.0,0.00039913518429297374
20240601,15317,PASTUSA_SUPREMA,12.0,0.0,0.0,0.0,100.0,0.0
20240601,15332,CRIOLLA,2.0,2.0,14.0,7.0,0.0,0.0002660901228619825
20240601,15332,PASTUSA_SUPREMA,25.0,18.0,216.0,12.0,28.000000000000004,0.004105390467013444
20240601,15362,PASTUSA_SUPREMA,17.0,5.0,100.0,20.0,70.58823529411764,0.0019006437347284463
20240601,15367,PASTUSA_SUPREMA,480.0,460.0,10120.0,22.0,4.1666666666666625,0.19234514595451876
20240601,15368,PASTUSA_SUPREMA,350.0,200.0,3000.0,15.0,42.85714285714286,0.05701931204185339
20240601,15377,PASTUSA_SUPREMA,3.0,7.0,70.0,10.0,0.0,0.0013304506143099126
20240601,15403,CRIOLLA,5.5,4.0,60.0,15.0,27.27272727272727,0.001140386240837068
20240601,15403,PASTUSA_SUPREMA,20.0,10.0,250.0,25.0,50.0,0.004751609336821116
20240601,15407,PASTUSA_SUPREMA,142.0,75.0,1275.0,17.0,47.183098591549296,0.024233207617787692
20240601,15425,PASTUSA_SUPREMA,8.0,3.0,36.0,12.0,62.5,0.0006842317445022407
20240601,15442,CRIOLLA,2.0,2.0,31.0,15.5,0.0,0.0005891995577658183
20240601,15442,PASTUSA_SUPREMA,9.0,0.0,0.0,0.0,100.0,0.0
20240601,15464,PASTUSA_SUPREMA,280.0,120.0,2880.0,24.0,57.14285714285714,0.05473853956017925
20240601,15466,CRIOLLA,12.0,10.0,110.0,11.0,16.666666666666664,0.002090708108201291
20240601,15466,PASTUSA_SUPREMA,55.0,50.0,900.0,18.0,9.090909090909093,0.017105793612556017
20240601,15476,PASTUSA_SUPREMA,800.0,480.0,14400.0,30.0,40.0,0.2736926978008963
20240601,15491,PASTUSA_SUPREMA,6.0,6.0,150.0,25.0,0.0,0.0028509656020926696
20240601,15494,PASTUSA_SUPREMA,180.0,200.0,4400.0,22.0,0.0,0.08362832432805165
20240601,15500,PASTUSA_SUPREMA,30.0,70.0,1365.0,19.5,0.0,0.025943786979043294
20240601,15511,PASTUSA_SUPREMA,14.0,12.0,180.0,15.0,14.28571428571429,0.0034211587225112033
20240601,15516,PASTUSA_SUPREMA,127.0,46.5,744.0,16.0,63.38582677165354,0.014140789386379641
20240601,15522,PASTUSA_SUPREMA,15.0,10.0,200.0,20.0,33.333333333333336,0.0038012874694568926
20240601,15531,CRIOLLA,12.0,12.0,84.0,7.0,0.0,0.001596540737171895
20240601,15531,PASTUSA_SUPREMA,35.0,35.0,525.0,15.0,0.0,0.009978379607324344
20240601,15537,PASTUSA_SUPREMA,16.9,16.9,236.6,14.0,0.0,0.004496923076367504
20240601,15542,PASTUSA_SUPREMA,94.0,137.0,3425.0,25.0,0.0,0.06509704791444929
20240601,15599,CRIOLLA,18.0,18.0,270.0,15.0,0.0,0.005131738083766805
20240601,15599,PASTUSA_SUPREMA,150.0,140.0,2940.0,21.0,6.666666666666665,0.055878925801016326
20240601,15600,PASTUSA_SUPREMA,200.0,260.0,3900.0,15.0,0.0,0.07412510565440941
20240601,15621,PASTUSA_SUPREMA,6.0,8.0,112.0,14.0,0.0,0.00212872098289586
20240601,15632,CRIOLLA,490.0,450.0,4050.0,9.0,8.163265306122447,0.07697607125650208
20240601,15632,PASTUSA_SUPREMA,2200.0,1500.0,30000.0,20.0,31.818181818181824,0.5701931204185339
20240601,15646,PASTUSA_SUPREMA,700.0,380.0,9120.0,24.0,45.714285714285715,0.1733387086072343
20240601,15676,CRIOLLA,12.0,12.0,228.0,19.0,0.0,0.004333467715180858
20240601,15676,PASTUSA_SUPREMA,15.0,15.0,375.0,25.0,0.0,0.007127414005231674
20240601,15693,CRIOLLA,33.0,33.0,472.23,14.31,0.0,0.008975409908508142
20240601,15693,PASTUSA_SUPREMA,32.0,32.0,489.6,15.3,0.0,0.009305551725230473
20240601,15696,PASTUSA_SUPREMA,25.0,30.0,540.0,18.0,0.0,0.01026347616753361
20240601,15720,PASTUSA_SUPREMA,60.0,0.0,0.0,0.0,100.0,0.0
20240601,15723,PASTUSA_SUPREMA,10.0,8.0,120.0,15.0,19.999999999999996,0.002280772481674136
20240601,15740,CRIOLLA,40.0,40.0,480.0,12.0,0.0,0.009123089926696543
20240601,15740,PASTUSA_SUPREMA,2700.0,3430.0,68600.0,20.0,0.0,1.3038416020237142
20240601,15753,PASTUSA_SUPREMA,15.2,2.4,43.2,18.0,84.21052631578947,0.0008210780934026888
20240601,15755,CRIOLLA,2.0,2.0,24.0,12.0,0.0,0.00045615449633482714
20240601,15755,PASTUSA_SUPREMA,300.0,230.0,4600.0,20.0,23.33333333333333,0.08742961179750854
20240601,15757,PASTUSA_SUPREMA,18.0,8.0,160.0,20.0,55.55555555555556,0.003041029975565514
20240601,15759,CRIOLLA,3.0,2.0,24.0,12.0,33.333333333333336,0.00045615449633482714
20240601,15759,PASTUSA_SUPREMA,220.0,180.0,4500.0,25.0,18.181818181818176,0.08552896806278008
20240601,15761,CRIOLLA,12.0,12.0,180.0,15.0,0.0,0.0034211587225112033
20240601,15761,PASTUSA_SUPREMA,25.0,25.0,550.0,22.0,0.0,0.010453540541006456
20240601,15762,PASTUSA_SUPREMA,130.0,150.0,2400.0,16.0,0.0,0.04561544963348271
20240601,15763,PASTUSA_SUPREMA,480.0,62.0,1364.0,22.0,87.08333333333333,0.02592478054169601
20240601,15764,CRIOLLA,280.0,280.0,4200.0,15.0,0.0,0.07982703685859475
20240601,15764,PASTUSA_SUPREMA,400.0,550.0,13750.0,25.0,0.0,0.26133851352516135
20240601,15774,PASTUSA_SUPREMA,260.0,260.0,6240.0,24.0,0.0,0.11860016904705506
20240601,15776,PASTUSA_SUPREMA,80.0,110.0,1540.0,14.0,0.0,0.029269913514818075
20240601,15778,PASTUSA_SUPREMA,3.8,0.0,0.0,0.0,100.0,0.0
20240601,15790,CRIOLLA,5.0,5.0,70.0,14.0,0.0,0.0013304506143099126
20240601,15790,PASTUSA_SUPREMA,30.0,30.0,690.0,23.0,0.0,0.01311444176962628
20240601,15804,PASTUSA_SUPREMA,170.0,68.0,1258.0,18.5,60.0,0.023910098182883855
20240601,15806,PASTUSA_SUPREMA,45.0,45.0,1350.0,30.0,0.0,0.025658690418834028
20240601,15808,CRIOLLA,2.0,1.5,12.0,8.0,25.0,0.00022807724816741357
20240601,15808,PASTUSA_SUPREMA,20.0,11.0,275.0,25.0,44.99999999999999,0.005226770270503228
20240601,15810,CRIOLLA,1.0,1.0,5.0,5.0,0.0,9.503218673642231e-05
20240601,15814,PASTUSA_SUPREMA,1200.0,800.0,20000.0,25.0,33.333333333333336,0.38012874694568927
20240601,15816,CRIOLLA,5.0,5.0,47.5,9.5,0.0,0.000902805773996012
20240601,15816,PASTUSA_SUPREMA,5.0,0.0,0.0,0.0,100.0,0.0
20240601,15820,PASTUSA_SUPREMA,20.0,24.0,384.0,16.0,0.0,0.007298471941357234
20240601,15822,PASTUSA_SUPREMA,400.0,350.0,6300.0,18.0,12.5,0.11974055528789213
20240601,15835,PASTUSA_SUPREMA,280.0,270.0,6750.0,25.0,3.57142857142857,0.12829345209417012
20240601,15837,PASTUSA_SUPREMA,170.0,45.0,1125.0,25.0,73.52941176470588,0.02138224201569502
20240601,15839,CRIOLLA,25.0,23.0,368.0,16.0,7.9999999999999964,0.0069943689438006825
20240601,15839,PASTUSA_SUPREMA,450.0,447.0,10281.0,23.0,0.666666666666671,0.19540518236743157
20240601,15842,CRIOLLA,9.0,9.0,90.0,10.0,0.0,0.0017105793612556017
20240601,15842,PASTUSA_SUPREMA,900.0,900.0,18000.0,20.0,0.0,0.34211587225112033
20240601,15861,CRIOLLA,65.0,70.0,1190.0,17.0,0.0,0.022617660443268513
20240601,15861,PASTUSA_SUPREMA,1550.0,2150.0,47300.0,22.0,0.0,0.8990044865265552
20240601,15879,CRIOLLA,40.0,20.0,298.0,14.9,50.0,0.00566391832949077
20240601,15879,PASTUSA_SUPREMA,424.0,324.0,4924.8,15.2,23.584905660377352,0.09360290264790652
20240601,17001,PASTUSA_SUPREMA,50.0,50.0,600.0,12.0,0.0,0.011403862408370678
20240601,17013,PASTUSA_SUPREMA,16.0,20.0,140.0,7.0,0.0,0.002660901228619825
20240601,17446,CRIOLLA,6.0,6.0,60.0,10.0,0.0,0.001140386240837068
20240601,17446,PASTUSA_SUPREMA,12.0,10.0,200.0,20.0,16.666666666666664,0.0038012874694568926
20240601,17541,PASTUSA_SUPREMA,30.0,48.0,1012.8,21.1,0.0,0.019249719745329706
20240601,17653,PASTUSA_SUPREMA,70.0,15.0,240.0,16.0,78.57142857142857,0.004561544963348272
20240601,17873,PASTUSA_SUPREMA,70.0,65.0,1300.0,20.0,7.14285714285714,0.024708368551469802
20240601,19001,PASTUSA_SUPREMA,1.2,1.0,6.0,6.0,16.666666666666664,0.00011403862408370679
20240601,19022,PASTUSA_SUPREMA,135.0,100.0,1500.0,15.0,25.92592592592593,0.028509656020926696
20240601,19050,PASTUSA_SUPREMA,3.0,0.0,0.0,0.0,100.0,0.0
20240601,19100,CRIOLLA,21.0,0.0,0.0,0.0,100.0,0.0
20240601,19100,PASTUSA_SUPREMA,70.0,0.0,0.0,0.0,100.0,0.0
20240601,19212,CRIOLLA,4.0,4.0,36.0,9.0,0.0,0.0006842317445022407
20240601,19355,PASTUSA_SUPREMA,30.0,0.0,0.0,0.0,100.0,0.0
20240601,19364,CRIOLLA,25.0,24.9,77.19,3.1,0.40000000000000036,0.0014671068988368877
20240601,19397,PASTUSA_SUPREMA,100.0,0.0,0.0,0.0,100.0,0.0
20240601,19517,PASTUSA_SUPREMA,85.0,60.0,840.0,14.0,29.411764705882348,0.015965407371718948
20240601,19585,PASTUSA_SUPREMA,730.0,682.0,13640.0,20.0,6.57534246575342,0.2592478054169601
20240601,19693,PASTUSA_SUPREMA,510.0,510.0,11220.0,22.0,0.0,0.21325222703653168
20240601,19701,PASTUSA_SUPREMA,0.0,2.4,49.2,20.5,0.0,0.0009351167174863957
20240601,19743,PASTUSA_SUPREMA,152.0,125.0,2250.0,18.0,17.763157894736846,0.04276448403139004
20240601,19760,PASTUSA_SUPREMA,120.0,100.0,2000.0,20.0,16.666666666666664,0.038012874694568925
20240601,19821,CRIOLLA,4.0,4.0,42.0,10.5,0.0,0.0007982703685859475
20240601,19821,PASTUSA_SUPREMA,4.0,4.0,60.0,15.0,0.0,0.001140386240837068
20240601,19824,CRIOLLA,155.0,78.0,1872.0,24.0,49.67741935483871,0.03558005071411652
20240601,19824,PASTUSA_SUPREMA,405.0,700.0,19600.0,28.0,0.0,0.3725261720067755
20240601,25019,PASTUSA_SUPREMA,10.0,5.0,75.0,15.0,50.0,0.0014254828010463348
20240601,25053,PASTUSA_SUPREMA,33.0,25.0,375.0,15.0,24.242424242424242,0.007127414005231674
20240601,25099,CRIOLLA,160.0,160.0,2400.0,15.0,0.0,0.04561544963348271
20240601,25099,PASTUSA_SUPREMA,160.0,150.0,3300.0,22.0,6.25,0.06272124324603873
20240601,25120,PASTUSA_SUPREMA,50.0,19.0,247.0,13.0,62.0,0.004694590024779262
20240601,25126,PASTUSA_SUPREMA,29.7,21.7,434.0,20.0,26.936026936026934,0.008248793808721457
20240601,25151,CRIOLLA,43.5,43.5,696.0,16.0,0.0,0.013228480393709987
20240601,25151,PASTUSA_SUPREMA,50.0,90.0,2070.0,23.0,0.0,0.03934332530887884
20240601,25154,CRIOLLA,32.0,28.0,448.0,16.0,12.5,0.00851488393158344
20240601,25154,PASTUSA_SUPREMA,750.0,700.0,14000.0,20.0,6.666666666666665,0.26609012286198247
20240601,25175,PASTUSA_SUPREMA,70.0,55.0,1210.0,22.0,21.42857142857143,0.0229977891902142
20240601,25178,CRIOLLA,15.0,15.0,300.0,20.0,0.0,0.005701931204185339
20240601,25178,PASTUSA_SUPREMA,50.0,35.0,1050.0,30.0,30.000000000000004,0.01995675921464869
20240601,25181,CRIOLLA,15.0,15.0,210.0,14.0,0.0,0.003991351842929737
20240601,25181,PASTUSA_SUPREMA,15.0,0.0,0.0,0.0,100.0,0.0
20240601,25183,CRIOLLA,50.0,0.0,0.0,0.0,100.0,0.0
20240601,25183,PASTUSA_SUPREMA,1000.0,500.0,15000.0,30.0,50.0,0.28509656020926694
20240601,25200,PASTUSA_SUPREMA,380.0,330.0,6600.0,20.0,13.157894736842103,0.12544248649207745
20240601,25214,PASTUSA_SUPREMA,35.65,33.5,871.0,26.0,6.030855539971947,0.016554606929484766
20240601,25224,CRIOLLA,15.0,15.0,285.0,19.0,0.0,0.005416834643976072
20240601,25224,PASTUSA_SUPREMA,100.0,120.0,2520.0,21.0,0.0,0.04789622211515685
20240601,25260,CRIOLLA,10.0,250.0,4250.0,17.0,0.0,0.08077735872595897
20240601,25260,PASTUSA_SUPREMA,180.0,400.0,9600.0,24.0,0.0,0.18246179853393085
20240601,25269,CRIOLLA,92.0,102.0,1632.0,16.0,0.0,0.031018505750768244
20240601,25269,PASTUSA_SUPREMA,330.0,300.0,5400.0,18.0,9.090909090909093,0.10263476167533611
20240601,25281,CRIOLLA,82.0,82.0,1148.0,14.0,0.0,0.021819390074682563
20240601,25281,PASTUSA_SUPREMA,125.0,125.0,2625.0,21.0,0.0,0.04989189803662172
20240601,25286,PASTUSA_SUPREMA,210.0,50.0,1250.0,25.0,76.19047619047619,0.02375804668410558
20240601,25288,CRIOLLA,5.0,3.0,54.0,18.0,40.0,0.001026347616753361
20240601,25288,PASTUSA_SUPREMA,160.0,120.0,2640.0,22.0,25.0,0.05017699459683098
20240601,25293,PASTUSA_SUPREMA,2.0,2.0,28.0,14.0,0.0,0.000532180245723965
20240601,25295,PASTUSA_SUPREMA,0.0,8.0,148.0,18.5,0.0,0.0028129527273981006
20240601,25297,PASTUSA_SUPREMA,6.0,15.0,270.0,18.0,0.0,0.005131738083766805
20240601,25299,PASTUSA_SUPREMA,3.0,7.0,147.0,21.0,0.0,0.002793946290050816
20240601,25312,CRIOLLA,28.0,28.0,420.0,15.0,0.0,0.007982703685859474
20240601,25312,PASTUSA_SUPREMA,90.0,90.0,1980.0,22.0,0.0,0.03763274594762324
20240601,25317,CRIOLLA,11.0,6.0,96.0,16.0,45.45454545454546,0.0018246179853393086
20240601,25317,PASTUSA_SUPREMA,330.0,270.0,5400.0,20.0,18.181818181818176,0.10263476167533611
20240601,25322,CRIOLLA,23.0,23.0,322.0,14.0,0.0,0.006120072825825597
20240601,25322,PASTUSA_SUPREMA,145.0,132.0,2904.0,22.0,8.965517241379306,0.05519469405651408
20240601,25326,CRIOLLA,45.0,45.0,765.0,17.0,0.0,0.014539924570672614
20240601,25326,PASTUSA_SUPREMA,1300.0,1300.0,41600.0,32.0,0.0,0.7906677936470337
20240601,25339,CRIOLLA,4.0,4.0,60.0,15.0,0.0,0.001140386240837068
20240601,25339,PASTUSA_SUPREMA,5.0,0.0,0.0,0.0,100.0,0.0
20240601,25372,PASTUSA_SUPREMA,53.0,57.0,798.0,14.0,0.0,0.015167137003133001
20240601,25377,CRIOLLA,315.0,315.0,5670.0,18.0,0.0,0.10776649975910291
20240601,25377,PASTUSA_SUPREMA,879.0,879.0,23733.0,27.0,0.0,0.4510797775631022
20240601,25407,CRIOLLA,30.0,30.0,510.0,17.0,0.0,0.009693283047115076
20240601,25407,PASTUSA_SUPREMA,450.0,450.0,13500.0,30.0,0.0,0.25658690418834024
20240601,25426,CRIOLLA,23.0,22.0,396.0,18.0,4.347826086956519,0.007526549189524647
20240601,25426,PASTUSA_SUPREMA,240.0,190.0,4180.0,22.0,20.833333333333336,0.07944690811164906
20240601,25430,PASTUSA_SUPREMA,653.0,691.8,15911.4,23.0,0.0,0.302419027207582
20240601,25436,PASTUSA_SUPREMA,30.0,28.0,504.0,18.0,6.666666666666665,0.00957924442303137
20240601,25473,PASTUSA_SUPREMA,220.0,220.0,6600.0,30.0,0.0,0.12544248649207745
20240601,25486,CRIOLLA,7.0,6.0,84.0,14.0,14.28571428571429,0.001596540737171895
20240601,25486,PASTUSA_SUPREMA,30.0,25.0,625.0,25.0,16.666666666666664,0.01187902334205279
20240601,25506,CRIOLLA,2.0,0.0,0.0,0.0,100.0,0.0
20240601,25513,CRIOLLA,280.0,260.0,3900.0,15.0,7.14285714285714,0.07412510565440941
20240601,25513,PASTUSA_SUPREMA,150.0,135.0,3105.0,23.0,9.999999999999998,0.05901498796331826
20240601,25535,PASTUSA_SUPREMA,1200.0,1000.0,18000.0,18.0,16.666666666666664,0.34211587225112033
20240601,25594,PASTUSA_SUPREMA,25.0,18.0,270.0,15.0,28.000000000000004,0.005131738083766805
20240601,25649,PASTUSA_SUPREMA,12.0,10.0,220.0,22.0,16.666666666666664,0.004181416216402582
20240601,25653,CRIOLLA,22.0,20.0,320.0,16.0,9.090909090909093,0.006082059951131028
20240601,25653,PASTUSA_SUPREMA,650.0,745.0,14900.0,20.0,0.0,0.2831959164745385
20240601,25736,CRIOLLA,55.0,0.0,0.0,0.0,100.0,0.0
20240601,25736,PASTUSA_SUPREMA,1200.0,0.0,0.0,0.0,100.0,0.0
20240601,25740,CRIOLLA,480.0,522.0,11484.0,22.0,0.0,0.2182699264962148
20240601,25740,PASTUSA_SUPREMA,778.0,822.0,18906.0,23.0,0.0,0.3593357044877601
20240601,25745,PASTUSA_SUPREMA,60.0,70.0,1820.0,26.0,0.0,0.03459171597205772
20240601,25754,CRIOLLA,46.2,33.3,199.8,6.0,27.922077922077936,0.003797486181987436
20240601,25754,PASTUSA_SUPREMA,469.3,0.0,0.0,0.0,100.0,0.0
20240601,25758,PASTUSA_SUPREMA,110.0,25.0,837.5,33.5,77.27272727272727,0.01591789127835074
20240601,25769,CRIOLLA,110.0,110.0,1980.0,18.0,0.0,0.03763274594762324
20240601,25769,PASTUSA_SUPREMA,270.0,260.0,6500.0,25.0,3.703703703703709,0.12354184275734902
20240601,25772,CRIOLLA,20.0,20.0,300.0,15.0,0.0,0.005701931204185339
20240601,25772,PASTUSA_SUPREMA,600.0,500.0,12500.0,25.0,16.666666666666664,0.2375804668410558
20240601,25779,CRIOLLA,20.0,20.0,320.0,16.0,0.0,0.006082059951131028
20240601,25779,PASTUSA_SUPREMA,150.0,170.0,3570.0,21.0,0.0,0.06785298132980554
20240601,25781,PASTUSA_SUPREMA,80.0,90.0,1800.0,20.0,0.0,0.034211587225112035
20240601,25785,CRIOLLA,9.6,11.0,187.0,17.0,0.0,0.0035542037839421947
20240601,25785,PASTUSA_SUPREMA,96.0,100.0,2500.0,25.0,0.0,0.04751609336821116
20240601,25793,CRIOLLA,100.0,100.0,1500.0,15.0,0.0,0.028509656020926696
20240601,25793,PASTUSA_SUPREMA,7200.0,7800.0,167700.0,21.5,0.0,3.1873795431396044
20240601,25799,PASTUSA_SUPREMA,610.0,150.0,4350.0,29.0,75.40983606557377,0.08267800246068742
20240601,25817,PASTUSA_SUPREMA,20.0,25.0,575.0,23.0,0.0,0.010928701474688567
20240601,25839,CRIOLLA,3.0,3.0,54.0,18.0,0.0,0.001026347616753361
20240601,25839,PASTUSA_SUPREMA,8.0,8.0,176.0,22.0,0.0,0.003345132973122066
20240601,25841,CRIOLLA,110.0,160.0,3040.0,19.0,0.0,0.05777956953574477
20240601,25841,PASTUSA_SUPREMA,350.0,477.0,9301.5,19.5,0.0,0.17678837698576644
20240601,25843,CRIOLLA,14.0,16.0,224.0,14.0,0.0,0.00425744196579172
20240601,25843,PASTUSA_SUPREMA,510.0,560.0,11200.0,20.0,0.0,0.212872098289586
20240601,25845,CRIOLLA,322.0,320.0,5440.0,17.0,0.6211180124223614,0.10339501916922748
20240601,25845,PASTUSA_SUPREMA,900.0,910.0,25480.0,28.0,0.0,0.4842840236088081
20240601,25873,CRIOLLA,20.0,20.0,340.0,17.0,0.0,0.006462188698076718
20240601,25873,PASTUSA_SUPREMA,10000.0,6000.0,174000.0,29.0,40.0,3.3071200984274967
20240601,25898,CRIOLLA,90.0,90.0,1800.0,20.0,0.0,0.034211587225112035
20240601,25898,PASTUSA_SUPREMA,120.0,120.0,3720.0,31.0,0.0,0.0707039469318982
20240601,25899,CRIOLLA,120.0,100.0,1500.0,15.0,16.666666666666664,0.028509656020926696
20240601,25899,PASTUSA_SUPREMA,800.0,270.0,5400.0,20.0,66.25,0.10263476167533611
20240601,41001,PASTUSA_SUPREMA,1.0,1.0,7.0,7.0,0.0,0.00013304506143099125
20240601,41206,PASTUSA_SUPREMA,10.0,12.0,60.0,5.0,0.0,0.001140386240837068
20240601,41359,PASTUSA_SUPREMA,2.0,1.5,9.0,6.0,25.0,0.00017105793612556017
20240601,41396,PASTUSA_SUPREMA,7.0,7.0,56.0,8.0,0.0,0.00106436049144793
20240601,41668,PASTUSA_SUPREMA,3.0,3.0,12.0,4.0,0.0,0.00022807724816741357
20240601,52001,CRIOLLA,85.0,60.0,1080.0,18.0,29.411764705882348,0.02052695233506722
20240601,52001,PASTUSA_SUPREMA,4200.0,3000.0,66000.0,22.0,28.57142857142857,1.2544248649207745
20240601,52022,PASTUSA_SUPREMA,150.0,250.0,4500.0,18.0,0.0,0.08552896806278008
20240601,52036,CRIOLLA,1.0,1.0,10.0,10.0,0.0,0.00019006437347284463
20240601,52036,PASTUSA_SUPREMA,17.0,20.0,300.0,15.0,0.0,0.005701931204185339
20240601,52083,PASTUSA_SUPREMA,13.0,9.0,126.0,14.0,30.76923076923077,0.0023948111057578423
20240601,52110,PASTUSA_SUPREMA,30.0,20.0,300.0,15.0,33.333333333333336,0.005701931204185339
20240601,52210,PASTUSA_SUPREMA,470.0,530.0,10600.0,20.0,0.0,0.20146823588121532
20240601,52215,CRIOLLA,90.0,90.0,1080.0,12.0,0.0,0.02052695233506722
20240601,52215,PASTUSA_SUPREMA,450.0,200.0,4200.0,21.0,55.55555555555556,0.07982703685859475
20240601,52224,CRIOLLA,50.0,40.0,600.0,15.0,19.999999999999996,0.011403862408370678
20240601,52224,PASTUSA_SUPREMA,450.0,430.0,8600.0,20.0,4.444444444444439,0.1634553611866464
20240601,52227,CRIOLLA,65.0,130.0,1300.0,10.0,0.0,0.024708368551469802
20240601,52227,PASTUSA_SUPREMA,520.0,405.0,8910.0,22.0,22.115384615384613,0.16934735676430457
20240601,52240,PASTUSA_SUPREMA,2.5,2.0,24.0,12.0,19.999999999999996,0.00045615449633482714
20240601,52258,PASTUSA_SUPREMA,8.5,7.0,105.0,15.0,17.647058823529417,0.0019956759214648685
20240601,52287,PASTUSA_SUPREMA,7.0,20.0,140.0,7.0,0.0,0.002660901228619825
20240601,52317,CRIOLLA,16.0,22.0,264.0,12.0,0.0,0.0050176994596830985
20240601,52317,PASTUSA_SUPREMA,300.0,320.0,5760.0,18.0,0.0,0.1094770791203585
20240601,52320,CRIOLLA,35.0,0.0,0.0,0.0,100.0,0.0
20240601,52320,PASTUSA_SUPREMA,90.0,130.0,3380.0,26.0,0.0,0.06424175823382149
20240601,52323,CRIOLLA,15.0,15.0,150.0,10.0,0.0,0.0028509656020926696
20240601,52323,PASTUSA_SUPREMA,450.0,600.0,12000.0,20.0,0.0,0.22807724816741357
20240601,52352,CRIOLLA,75.0,70.0,840.0,12.0,6.666666666666665,0.015965407371718948
20240601,52352,PASTUSA_SUPREMA,125.0,150.0,3000.0,20.0,0.0,0.05701931204185339
20240601,52354,CRIOLLA,35.0,25.0,312.5,12.5,28.57142857142857,0.005939511671026395
20240601,52354,PASTUSA_SUPREMA,400.0,300.0,6000.0,20.0,25.0,0.11403862408370678
20240601,52356,CRIOLLA,40.0,39.0,351.0,9.0,2.500000000000002,0.006671259508896847
20240601,52356,PASTUSA_SUPREMA,700.0,1150.0,20700.0,18.0,0.0,0.3934332530887884
20240601,52378,PASTUSA_SUPREMA,70.0,70.0,1400.0,20.0,0.0,0.02660901228619825
20240601,52381,CRIOLLA,2.0,2.0,20.0,10.0,0.0,0.00038012874694568925
20240601,52381,PASTUSA_SUPREMA,5.0,2.0,28.0,14.0,60.0,0.000532180245723965
20240601,52385,PASTUSA_SUPREMA,2.0,2.0,9.2,4.6,0.0,0.00017485922359501707
20240601,52418,PASTUSA_SUPREMA,2.0,0.0,0.0,0.0,100.0,0.0
20240601,52435,PASTUSA_SUPREMA,75.0,0.0,0.0,0.0,100.0,0.0
20240601,52480,CRIOLLA,4.0,4.0,40.0,10.0,0.0,0.0007602574938913785
20240601,52480,PASTUSA_SUPREMA,0.0,10.0,100.0,10.0,0.0,0.0019006437347284463
20240601,52506,PASTUSA_SUPREMA,800.0,1200.0,24000.0,20.0,0.0,0.45615449633482713
20240601,52560,CRIOLLA,530.0,900.0,12600.0,14.0,0.0,0.23948111057578425
20240601,52560,PASTUSA_SUPREMA,2850.0,2700.0,72900.0,27.0,5.263157894736848,1.3855692826170374
20240601,52565,CRIOLLA,23.0,0.0,0.0,0.0,100.0,0.0
20240601,52565,PASTUSA_SUPREMA,105.0,15.0,255.0,17.0,85.71428571428572,0.004846641523557538
20240601,52573,CRIOLLA,75.0,68.5,822.0,12.0,8.666666666666668,0.01562329149946783
20240601,52573,PASTUSA_SUPREMA,200.0,164.0,3280.0,20.0,18.000000000000004,0.06234111449909304
20240601,52585,CRIOLLA,65.0,55.0,825.0,15.0,15.384615384615385,0.015680310811509682
20240601,52585,PASTUSA_SUPREMA,1900.0,1780.0,44500.0,25.0,6.315789473684208,0.8457864619541586
20240601,52678,PASTUSA_SUPREMA,25.0,30.0,390.0,13.0,0.0,0.007412510565440941
20240601,52683,CRIOLLA,1.0,1.0,12.0,12.0,0.0,0.00022807724816741357
20240601,52683,PASTUSA_SUPREMA,3.0,5.0,90.0,18.0,0.0,0.0017105793612556017
20240601,52685,PASTUSA_SUPREMA,5.0,10.0,120.0,12.0,0.0,0.002280772481674136
20240601,52693,PASTUSA_SUPREMA,4.0,0.0,0.0,0.0,100.0,0.0
20240601,52699,PASTUSA_SUPREMA,15.0,12.0,180.0,15.0,19.999999999999996,0.0034211587225112033
20240601,52720,CRIOLLA,15.0,10.0,120.0,12.0,33.333333333333336,0.002280772481674136
20240601,52720,PASTUSA_SUPREMA,600.0,800.0,12000.0,15.0,0.0,0.22807724816741357
20240601,52788,PASTUSA_SUPREMA,350.0,380.0,7600.0,20.0,0.0,0.14444892383936192
20240601,52838,CRIOLLA,360.0,350.0,6300.0,18.0,2.777777777777779,0.11974055528789213
20240601,52838,PASTUSA_SUPREMA,2650.0,2750.0,68750.0,25.0,0.0,1.306692567625807
20240601,52885,CRIOLLA,8.0,8.0,120.0,15.0,0.0,0.002280772481674136
20240601,52885,PASTUSA_SUPREMA,310.0,200.0,4000.0,20.0,35.483870967741936,0.07602574938913785
20240601,54125,CRIOLLA,35.0,25.0,500.0,20.0,28.57142857142857,0.009503218673642231
20240601,54125,PASTUSA_SUPREMA,50.0,48.0,1056.0,22.0,4.0000000000000036,0.020070797838732394
20240601,54172,PASTUSA_SUPREMA,1.0,1.0,15.0,15.0,0.0,0.000285096560209267
20240601,54174,CRIOLLA,70.0,74.0,999.0,13.5,0.0,0.01898743090993718
20240601,54174,PASTUSA_SUPREMA,500.0,558.0,7812.0,14.0,0.0,0.14847828855698622
20240601,54347,CRIOLLA,7.0,7.0,101.5,14.5,0.0,0.001929153390749373
20240601,54347,PASTUSA_SUPREMA,5.0,5.0,80.0,16.0,0.0,0.001520514987782757
20240601,54377,PASTUSA_SUPREMA,7.0,7.0,105.0,15.0,0.0,0.0019956759214648685
20240601,54480,CRIOLLA,95.0,80.0,1760.0,22.0,15.789473684210531,0.033451329731220655
20240601,54480,PASTUSA_SUPREMA,60.0,60.0,1440.0,24.0,0.0,0.027369269780089626
20240601,54518,CRIOLLA,107.0,106.0,1378.0,13.0,0.9345794392523366,0.02619087066455799
20240601,54518,PASTUSA_SUPREMA,175.0,150.0,2250.0,15.0,14.28571428571429,0.04276448403139004
20240601,54743,CRIOLLA,286.0,358.0,7160.0,20.0,0.0,0.13608609140655675
20240601,54743,PASTUSA_SUPREMA,1408.0,320.0,6400.0,20.0,77.27272727272727,0.12164119902262056
20240601,68013,PASTUSA_SUPREMA,3.0,0.0,0.0,0.0,100.0,0.0
20240601,68020,PASTUSA_SUPREMA,60.5,90.0,1620.0,18.0,0.0,0.03079042850260083
20240601,68101,PASTUSA_SUPREMA,36.0,25.0,550.0,22.0,30.555555555555557,0.010453540541006456
20240601,68132,CRIOLLA,2.0,2.0,19.0,9.5,0.0,0.0003611223095984048
20240601,68132,PASTUSA_SUPREMA,4.0,4.0,48.0,12.0,0.0,0.0009123089926696543
20240601,68152,PASTUSA_SUPREMA,820.0,570.0,9120.0,16.0,30.487804878048784,0.1733387086072343
20240601,68162,PASTUSA_SUPREMA,900.0,600.0,13200.0,22.0,33.333333333333336,0.2508849729841549
20240601,68207,CRIOLLA,20.0,18.0,234.0,13.0,9.999999999999998,0.004447506339264565
20240601,68207,PASTUSA_SUPREMA,110.0,38.0,862.6,22.7,65.45454545454545,0.01639495285576758
20240601,68264,PASTUSA_SUPREMA,28.0,22.0,132.0,6.0,21.42857142857143,0.0025088497298415492
20240601,68298,PASTUSA_SUPREMA,10.0,10.0,77.8,7.78,0.0,0.0014787008256187313
20240601,68318,CRIOLLA,30.0,30.0,540.0,18.0,0.0,0.01026347616753361
20240601,68318,PASTUSA_SUPREMA,420.0,220.0,4400.0,20.0,47.61904761904761,0.08362832432805165
20240601,68368,PASTUSA_SUPREMA,2.0,2.0,32.0,16.0,0.0,0.0006082059951131028
20240601,68377,PASTUSA_SUPREMA,4.5,4.9,129.85,26.5,0.0,0.0024679858895448876
20240601,68432,CRIOLLA,1.0,1.0,23.0,23.0,0.0,0.00043714805898754266
20240601,68468,PASTUSA_SUPREMA,12.0,9.0,180.0,20.0,25.0,0.0034211587225112033
20240601,68502,PASTUSA_SUPREMA,10.0,75.0,1200.0,16.0,0.0,0.022807724816741357
20240601,68572,PASTUSA_SUPREMA,22.0,22.0,330.0,15.0,0.0,0.006272124324603873
20240601,68669,PASTUSA_SUPREMA,40.0,20.0,400.0,20.0,50.0,0.007602574938913785
20240601,68682,CRIOLLA,2.0,0.0,0.0,0.0,100.0,0.0
20240601,68682,PASTUSA_SUPREMA,3.0,0.0,0.0,0.0,100.0,0.0
20240601,68773,PASTUSA_SUPREMA,2.5,0.9,13.5,15.0,64.0,0.00025658690418834025
20240601,68820,PASTUSA_SUPREMA,850.0,270.0,7020.0,26.0,68.23529411764706,0.13342519017793694
20240601,68861,PASTUSA_SUPREMA,85.0,0.0,0.0,0.0,100.0,0.0
20240601,68867,CRIOLLA,0.5,0.5,6.25,12.5,0.0,0.0001187902334205279
20240601,68867,PASTUSA_SUPREMA,7.0,2.0,40.0,20.0,71.42857142857143,0.0007602574938913785
20240601,73043,PASTUSA_SUPREMA,98.0,106.0,1696.0,16.0,0.0,0.03223491774099445
20240601,73124,CRIOLLA,12.0,11.0,121.0,11.0,8.333333333333337,0.0022997789190214203
20240601,73124,PASTUSA_SUPREMA,16.0,12.0,144.0,12.0,25.0,0.0027369269780089626
20240601,73152,PASTUSA_SUPREMA,250.0,185.0,2775.0,15.0,26.0,0.05274286363871439
20240601,73347,PASTUSA_SUPREMA,200.0,200.0,3640.0,18.2,0.0,0.06918343194411544
20240601,73461,CRIOLLA,20.0,15.0,210.0,14.0,25.0,0.003991351842929737
20240601,73461,PASTUSA_SUPREMA,121.0,100.0,2400.0,24.0,17.355371900826444,0.04561544963348271
20240601,73622,CRIOLLA,48.0,45.0,675.0,15.0,6.25,0.012829345209417014
20240601,73622,PASTUSA_SUPREMA,70.0,67.0,1340.0,20.0,4.285714285714281,0.02546862604536118
20240601,73686,CRIOLLA,1.5,1.5,18.0,12.0,0.0,0.00034211587225112033
20240601,73686,PASTUSA_SUPREMA,120.0,100.0,1200.0,12.0,16.666666666666664,0.022807724816741357
20240601,73870,PASTUSA_SUPREMA,25.0,25.0,150.0,6.0,0.0,0.0028509656020926696
20240601,76111,PASTUSA_SUPREMA,11.0,12.0,180.0,15.0,0.0,0.0034211587225112033
20240601,76736,PASTUSA_SUPREMA,25.0,12.0,132.0,11.0,52.0,0.0025088497298415492
20240601,76834,PASTUSA_SUPREMA,240.0,250.0,4250.0,17.0,0.0,0.08077735872595897
20240601,85136,PASTUSA_SUPREMA,10.0,6.0,24.0,4.0,40.0,0.00045615449633482714
20240601,86749,PASTUSA_SUPREMA,6.0,0.0,0.0,0.0,100.0,0.0
20240601,86755,PASTUSA_SUPREMA,2.0,0.0,0.0,0.0,100.0,0.0
20240601,86760,PASTUSA_SUPREMA,6.9,4.0,60.0,15.0,42.028985507246375,0.001140386240837068
20241201,05001,PASTUSA_SUPREMA,45.0,38.0,608.0,16.0,15.555555555555555,0.011555913907148954
20241201,05002,PASTUSA_SUPREMA,85.0,85.0,850.0,10.0,0.0,0.016155471745191795
20241201,05004,CRIOLLA,1.0,1.0,3.0,3.0,0.0,5.701931204185339e-05
20241201,05004,PASTUSA_SUPREMA,1.0,0.5,1.5,3.0,50.0,2.8509656020926696e-05
20241201,05079,PASTUSA_SUPREMA,11.0,21.0,157.5,7.5,0.0,0.0029935138821973032
20241201,05086,CRIOLLA,150.0,100.0,900.0,9.0,33.333333333333336,0.017105793612556017
20241201,05086,PASTUSA_SUPREMA,350.0,405.0,4050.0,10.0,0.0,0.07697607125650208
20241201,05088,PASTUSA_SUPREMA,52.0,43.0,774.0,18.0,17.307692307692314,0.014710982506798176
20241201,05093,CRIOLLA,0.0,2.0,6.0,3.0,0.0,0.00011403862408370679
20241201,05148,CRIOLLA,200.0,150.0,2700.0,18.0,25.0,0.051317380837668056
20241201,05148,PASTUSA_SUPREMA,190.0,188.0,3384.0,18.0,1.0526315789473717,0.06431778398321063
20241201,05206,PASTUSA_SUPREMA,38.0,30.0,450.0,15.0,21.052631578947366,0.008552896806278009
20241201,05237,PASTUSA_SUPREMA,45.0,48.0,1200.0,25.0,0.0,0.022807724816741357
20241201,05264,PASTUSA_SUPREMA,480.0,480.0,14400.0,30.0,0.0,0.2736926978008963
20241201,05266,CRIOLLA,3.82,8.41,106.81,12.7,0.0,0.0020300775730634534
20241201,05266,PASTUSA_SUPREMA,2.02,6.74,41.79,6.2,0.0,0.0007942790167430177
20241201,05308,CRIOLLA,5.0,5.0,25.0,5.0,0.0,0.0004751609336821116
20241201,05308,PASTUSA_SUPREMA,5.0,5.0,40.0,8.0,0.0,0.0007602574938913785
20241201,05313,CRIOLLA,1.5,1.5,19.5,13.0,0.0,0.00037062552827204706
20241201,05313,PASTUSA_SUPREMA,7.0,7.0,126.0,18.0,0.0,0.0023948111057578423
20241201,05318,PASTUSA_SUPREMA,20.0,20.0,180.0,9.0,0.0,0.0034211587225112033
20241201,05376,PASTUSA_SUPREMA,21.0,18.0,288.0,16.0,14.28571428571429,0.005473853956017925
20241201,05400,CRIOLLA,130.0,123.83,1523.11,12.3,4.746153846153844,0.02894889478802244
20241201,05400,PASTUSA_SUPREMA,419.0,626.5,10587.85,16.9,0.0,0.2012373076674458
20241201,05440,CRIOLLA,32.0,31.0,248.0,8.0,3.125,0.004713596462126547
20241201,05440,PASTUSA_SUPREMA,150.0,145.0,1160.0,8.0,3.3333333333333326,0.022047467322849977
20241201,05541,PASTUSA_SUPREMA,19.0,18.5,277.5,15.0,2.631578947368418,0.005274286363871439
20241201,05607,PASTUSA_SUPREMA,10.0,25.0,250.0,10.0,0.0,0.004751609336821116
20241201,05615,PASTUSA_SUPREMA,10.0,10.0,135.0,13.5,0.0,0.0025658690418834027
20241201,05647,PASTUSA_SUPREMA,6.0,4.0,40.0,10.0,33.333333333333336,0.0007602574938913785
20241201,05658,PASTUSA_SUPREMA,24.0,46.0,1150.0,25.0,0.0,0.021857402949377134
20241201,05664,CRIOLLA,48.0,44.0,440.0,10.0,8.333333333333337,0.008362832432805164
20241201,05664,PASTUSA_SUPREMA,430.0,480.0,19200.0,40.0,0.0,0.3649235970678617
20241201,05674,PASTUSA_SUPREMA,600.0,495.0,10890.0,22.0,17.500000000000004,0.20698010271192782
20241201,05686,CRIOLLA,6.5,13.0,156.0,12.0,0.0,0.0029650042261763765
20241201,05686,PASTUSA_SUPREMA,750.0,800.0,40000.0,50.0,0.0,0.7602574938913785
20241201,05697,CRIOLLA,75.0,74.0,888.0,12.0,1.3333333333333308,0.016877716364388604
20241201,05697,PASTUSA_SUPREMA,106.0,105.0,1890.0,18.0,0.9433962264150941,0.03592216658636763
20241201,05756,CRIOLLA,97.0,97.0,1261.0,13.0,0.0,0.023967117494925708
20241201,05756,PASTUSA_SUPREMA,62.0,61.0,976.0,16.0,1.6129032258064502,0.01855028285094964
20241201,05847,CRIOLLA,6.0,6.0,48.0,8.0,0.0,0.0009123089926696543
20241201,05847,PASTUSA_SUPREMA,5.0,5.0,90.0,18.0,0.0,0.0017105793612556017
20241201,05887,PASTUSA_SUPREMA,90.0,95.0,4275.0,45.0,0.0,0.08125251965964109
20241201,15001,CRIOLLA,200.0,180.0,1800.0,10.0,9.999999999999998,0.034211587225112035
20241201,15001,PASTUSA_SUPREMA,1200.0,1450.0,29000.0,20.0,0.0,0.5511866830712494
20241201,15022,PASTUSA_SUPREMA,9.0,5.0,45.0,9.0,44.44444444444444,0.0008552896806278008
20241201,15047,CRIOLLA,6.5,0.0,0.0,0.0,100.0,0.0
20241201,15047,PASTUSA_SUPREMA,60.0,15.0,270.0,18.0,75.0,0.005131738083766805
20241201,15051,PASTUSA_SUPREMA,1336.0,1107.0,26568.0,24.0,17.140718562874248,0.5049630274426536
20241201,15087,CRIOLLA,85.0,85.0,1020.0,12.0,0.0,0.019386566094230152
20241201,15087,PASTUSA_SUPREMA,285.0,290.0,5220.0,18.0,0.0,0.0992136029528249
20241201,15092,CRIOLLA,3.0,3.5,35.0,10.0,0.0,0.0006652253071549563
20241201,15092,PASTUSA_SUPREMA,8.0,20.0,320.0,16.0,0.0,0.006082059951131028
20241201,15104,CRIOLLA,75.0,50.0,850.0,17.0,33.333333333333336,0.016155471745191795
20241201,15104,PASTUSA_SUPREMA,220.0,230.0,4600.0,20.0,0.0,0.08742961179750854
20241201,15109,CRIOLLA,5.0,0.0,0.0,0.0,100.0,0.0
20241201,15109,PASTUSA_SUPREMA,15.0,20.0,360.0,18.0,0.0,0.006842317445022407
20241201,15114,PASTUSA_SUPREMA,10.0,10.0,180.0,18.0,0.0,0.0034211587225112033
20241201,15131,CRIOLLA,70.0,130.0,1690.0,13.0,0.0,0.03212087911691074
20241201,15131,PASTUSA_SUPREMA,120.0,100.0,1900.0,19.0,16.666666666666664,0.03611223095984048
20241201,15162,PASTUSA_SUPREMA,50.0,90.0,1620.0,18.0,0.0,0.03079042850260083
20241201,15172,PASTUSA_SUPREMA,5.0,6.0,90.0,15.0,0.0,0.0017105793612556017
20241201,15176,CRIOLLA,50.0,40.0,640.0,16.0,19.999999999999996,0.012164119902262056
20241201,15176,PASTUSA_SUPREMA,350.0,340.0,8500.0,25.0,2.857142857142858,0.16155471745191793
20241201,15180,PASTUSA_SUPREMA,90.0,45.0,810.0,18.0,50.0,0.015395214251300415
20241201,15183,PASTUSA_SUPREMA,340.0,310.0,4650.0,15.0,8.823529411764708,0.08837993366487276
20241201,15187,PASTUSA_SUPREMA,60.0,127.0,3810.0,30.0,0.0,0.07241452629315381
20241201,15189,CRIOLLA,3.0,3.0,36.0,12.0,0.0,0.0006842317445022407
20241201,15189,PASTUSA_SUPREMA,250.0,210.0,4200.0,20.0,16.000000000000004,0.07982703685859475
20241201,15204,PASTUSA_SUPREMA,500.0,500.0,10000.0,20.0,0.0,0.19006437347284463
20241201,15215,PASTUSA_SUPREMA,1.0,1.0,20.0,20.0,0.0,0.00038012874694568925
20241201,15224,PASTUSA_SUPREMA,72.0,110.0,2750.0,25.0,0.0,0.052267702705032275
20241201,15226,CRIOLLA,4.0,2.0,32.0,16.0,50.0,0.0006082059951131028
20241201,15226,PASTUSA_SUPREMA,25.0,27.0,675.0,25.0,0.0,0.012829345209417014
20241201,15232,CRIOLLA,20.0,35.5,355.0,10.0,0.0,0.006747285258285985
20241201,15232,PASTUSA_SUPREMA,700.0,550.0,11000.0,20.0,21.42857142857143,0.2090708108201291
20241201,15236,PASTUSA_SUPREMA,1.5,1.5,24.0,16.0,0.0,0.00045615449633482714
20241201,15238,CRIOLLA,2.0,2.0,36.0,18.0,0.0,0.0006842317445022407
20241201,15238,PASTUSA_SUPREMA,10.0,30.0,600.0,20.0,0.0,0.011403862408370678
20241201,15244,PASTUSA_SUPREMA,120.0,230.0,2760.0,12.0,0.0,0.05245776707850512
20241201,15248,PASTUSA_SUPREMA,4.5,12.0,96.0,8.0,0.0,0.0018246179853393086
20241201,15272,PASTUSA_SUPREMA,102.0,108.0,2160.0,20.0,0.0,0.04105390467013444
20241201,15276,PASTUSA_SUPREMA,0.0,47.0,705.0,15.0,0.0,0.013399538329835547
20241201,15293,PASTUSA_SUPREMA,30.0,25.0,500.0,20.0,16.666666666666664,0.009503218673642231
20241201,15296,PASTUSA_SUPREMA,180.0,420.0,6300.0,15.0,0.0,0.11974055528789213
20241201,15299,PASTUSA_SUPREMA,2.0,2.0,14.0,7.0,0.0,0.0002660901228619825
20241201,15317,PASTUSA_SUPREMA,30.0,10.0,100.0,10.0,66.66666666666667,0.0019006437347284463
20241201,15332,CRIOLLA,5.0,5.0,35.0,7.0,0.0,0.0006652253071549563
20241201,15332,PASTUSA_SUPREMA,20.0,25.0,300.0,12.0,0.0,0.005701931204185339
20241201,15362,PASTUSA_SUPREMA,10.0,9.0,180.0,20.0,9.999999999999998,0.0034211587225112033
20241201,15367,PASTUSA_SUPREMA,390.0,390.0,8580.0,22.0,0.0,0.1630752324397007
20241201,15368,PASTUSA_SUPREMA,250.0,350.0,5250.0,15.0,0.0,0.09978379607324343
20241201,15377,PASTUSA_SUPREMA,8.0,3.0,30.0,10.0,62.5,0.000570193120418534
20241201,15403,CRIOLLA,5.0,5.5,82.5,15.0,0.0,0.0015680310811509682
20241201,15403,PASTUSA_SUPREMA,14.0,20.0,500.0,25.0,0.0,0.009503218673642231
20241201,15407,PASTUSA_SUPREMA,114.15,137.0,3014.0,22.0,0.0,0.05728540216471537
20241201,15425,PASTUSA_SUPREMA,3.0,8.0,104.0,13.0,0.0,0.001976669484117584
20241201,15442,CRIOLLA,3.0,2.0,32.0,16.0,33.333333333333336,0.0006082059951131028
20241201,15442,PASTUSA_SUPREMA,9.0,8.0,138.4,17.3,11.111111111111116,0.0026304909288641697
20241201,15464,PASTUSA_SUPREMA,65.0,225.0,5400.0,24.0,0.0,0.10263476167533611
20241201,15466,CRIOLLA,9.0,8.0,80.0,10.0,11.111111111111116,0.001520514987782757
20241201,15466,PASTUSA_SUPREMA,60.0,47.0,940.0,20.0,21.666666666666668,0.017866051106447397
20241201,15476,CRIOLLA,5.0,4.0,40.0,10.0,19.999999999999996,0.0007602574938913785
20241201,15476,PASTUSA_SUPREMA,500.0,750.0,22500.0,30.0,0.0,0.42764484031390043
20241201,15491,PASTUSA_SUPREMA,6.0,6.0,150.0,25.0,0.0,0.0028509656020926696
20241201,15494,PASTUSA_SUPREMA,200.0,180.0,3960.0,22.0,9.999999999999998,0.07526549189524648
20241201,15500,PASTUSA_SUPREMA,8.0,30.0,600.0,20.0,0.0,0.011403862408370678
20241201,15511,PASTUSA_SUPREMA,14.0,14.0,210.0,15.0,0.0,0.003991351842929737
20241201,15516,PASTUSA_SUPREMA,0.0,100.0,1600.0,16.0,0.0,0.03041029975565514
20241201,15518,CRIOLLA,1.0,1.0,10.0,10.0,0.0,0.00019006437347284463
20241201,15522,PASTUSA_SUPREMA,10.0,15.0,300.0,20.0,0.0,0.005701931204185339
20241201,15531,CRIOLLA,10.0,10.0,70.0,7.0,0.0,0.0013304506143099126
20241201,15531,PASTUSA_SUPREMA,10.0,10.0,150.0,15.0,0.0,0.0028509656020926696
20241201,15537,PASTUSA_SUPREMA,27.0,27.0,540.0,20.0,0.0,0.01026347616753361
20241201,15542,PASTUSA_SUPREMA,180.0,90.0,2250.0,25.0,50.0,0.04276448403139004
20241201,15550,PASTUSA_SUPREMA,3.0,3.0,36.0,12.0,0.0,0.0006842317445022407
20241201,15599,CRIOLLA,18.0,18.0,270.0,15.0,0.0,0.005131738083766805
20241201,15599,PASTUSA_SUPREMA,150.0,150.0,3150.0,21.0,0.0,0.05987027764394606
20241201,15600,PASTUSA_SUPREMA,210.0,200.0,3000.0,15.0,4.761904761904767,0.05701931204185339
20241201,15621,PASTUSA_SUPREMA,4.0,6.0,84.0,14.0,0.0,0.001596540737171895
20241201,15632,CRIOLLA,430.0,450.0,4050.0,9.0,0.0,0.07697607125650208
20241201,15632,PASTUSA_SUPREMA,2700.0,1850.0,37000.0,20.0,31.481481481481477,0.7032381818495251
20241201,15646,PASTUSA_SUPREMA,1000.0,700.0,16800.0,24.0,30.000000000000004,0.319308147434379
20241201,15676,CRIOLLA,12.0,12.0,228.0,19.0,0.0,0.004333467715180858
20241201,15676,PASTUSA_SUPREMA,12.0,12.0,288.0,24.0,0.0,0.005473853956017925
20241201,15693,CRIOLLA,30.0,30.0,429.3,14.31,0.0,0.00815946355318922
20241201,15693,PASTUSA_SUPREMA,35.0,35.0,567.35,16.21,0.0,0.01078330222898184
20241201,15696,PASTUSA_SUPREMA,30.0,25.0,400.0,16.0,16.666666666666664,0.007602574938913785
20241201,15720,PASTUSA_SUPREMA,0.0,60.0,1200.0,20.0,0.0,0.022807724816741357
20241201,15723,PASTUSA_SUPREMA,10.0,10.0,150.0,15.0,0.0,0.0028509656020926696
20241201,15740,CRIOLLA,40.0,40.0,480.0,12.0,0.0,0.009123089926696543
20241201,15740,PASTUSA_SUPREMA,3500.0,3100.0,99200.0,32.0,11.428571428571432,1.8854385848506188
20241201,15753,PASTUSA_SUPREMA,2.5,15.2,273.6,18.0,0.0,0.005200161258217029
20241201,15755,CRIOLLA,3.0,3.0,36.0,12.0,0.0,0.0006842317445022407
20241201,15755,PASTUSA_SUPREMA,200.0,300.0,6000.0,20.0,0.0,0.11403862408370678
20241201,15757,PASTUSA_SUPREMA,12.0,10.0,200.0,20.0,16.666666666666664,0.0038012874694568926
20241201,15759,CRIOLLA,2.0,2.0,24.0,12.0,0.0,0.00045615449633482714
20241201,15759,PASTUSA_SUPREMA,180.0,200.0,5000.0,25.0,0.0,0.09503218673642232
20241201,15761,CRIOLLA,10.0,10.0,150.0,15.0,0.0,0.0028509656020926696
20241201,15761,PASTUSA_SUPREMA,35.0,25.0,625.0,25.0,28.57142857142857,0.01187902334205279
20241201,15762,PASTUSA_SUPREMA,100.0,130.0,2600.0,20.0,0.0,0.049416737102939604
20241201,15763,PASTUSA_SUPREMA,460.0,460.0,10120.0,22.0,0.0,0.19234514595451876
20241201,15764,CRIOLLA,410.0,410.0,6150.0,15.0,0.0,0.11688958968579945
20241201,15764,PASTUSA_SUPREMA,550.0,400.0,10000.0,25.0,27.27272727272727,0.19006437347284463
20241201,15774,PASTUSA_SUPREMA,72.0,72.0,1584.0,22.0,0.0,0.03010619675809859
20241201,15776,PASTUSA_SUPREMA,90.0,80.0,1280.0,16.0,11.111111111111116,0.024328239804524112
20241201,15790,CRIOLLA,5.0,5.0,70.0,14.0,0.0,0.0013304506143099126
20241201,15790,PASTUSA_SUPREMA,30.0,30.0,690.0,23.0,0.0,0.01311444176962628
20241201,15804,PASTUSA_SUPREMA,70.0,170.0,3145.0,18.5,0.0,0.059775245457209636
20241201,15806,PASTUSA_SUPREMA,20.0,20.0,600.0,30.0,0.0,0.011403862408370678
20241201,15808,CRIOLLA,2.0,2.0,14.0,7.0,0.0,0.0002660901228619825
20241201,15808,PASTUSA_SUPREMA,10.0,20.0,480.0,24.0,0.0,0.009123089926696543
20241201,15810,CRIOLLA,0.25,0.25,3.0,12.0,0.0,5.701931204185339e-05
20241201,15810,PASTUSA_SUPREMA,0.75,0.75,11.25,15.0,0.0,0.0002138224201569502
20241201,15814,PASTUSA_SUPREMA,1100.0,1150.0,28750.0,25.0,0.0,0.5464350737344283
20241201,15816,CRIOLLA,5.0,5.0,50.0,10.0,0.0,0.0009503218673642232
20241201,15816,PASTUSA_SUPREMA,4.0,5.0,70.0,14.0,0.0,0.0013304506143099126
20241201,15820,PASTUSA_SUPREMA,19.0,19.0,304.0,16.0,0.0,0.005777956953574477
20241201,15822,PASTUSA_SUPREMA,400.0,350.0,7350.0,21.0,12.5,0.1396973145025408
20241201,15835,PASTUSA_SUPREMA,250.0,280.0,6160.0,22.0,0.0,0.1170796540592723
20241201,15837,PASTUSA_SUPREMA,150.0,140.0,3500.0,25.0,6.666666666666665,0.06652253071549562
20241201,15839,CRIOLLA,32.0,32.0,512.0,16.0,0.0,0.009731295921809645
20241201,15839,PASTUSA_SUPREMA,470.0,450.0,9900.0,22.0,4.255319148936165,0.18816372973811618
20241201,15842,CRIOLLA,6.0,6.0,60.0,10.0,0.0,0.001140386240837068
20241201,15842,PASTUSA_SUPREMA,800.0,1100.0,25300.0,23.0,0.0,0.4808628648862969
20241201,15861,CRIOLLA,65.0,65.0,1105.0,17.0,0.0,0.02100211326874933
20241201,15861,PASTUSA_SUPREMA,2200.0,1550.0,31000.0,20.0,29.54545454545454,0.5891995577658183
20241201,15879,CRIOLLA,32.1,30.0,444.0,14.8,6.542056074766355,0.008438858182194302
20241201,15879,PASTUSA_SUPREMA,517.0,517.0,7858.4,15.2,0.0,0.14936018724990022
20241201,17001,PASTUSA_SUPREMA,50.0,50.0,500.0,10.0,0.0,0.009503218673642231
20241201,17013,PASTUSA_SUPREMA,10.0,16.0,112.0,7.0,0.0,0.00212872098289586
20241201,17446,CRIOLLA,6.0,6.0,60.0,10.0,0.0,0.001140386240837068
20241201,17446,PASTUSA_SUPREMA,10.0,12.0,240.0,20.0,0.0,0.004561544963348272
20241201,17541,PASTUSA_SUPREMA,32.0,30.0,651.0,21.7,6.25,0.012373190713082186
20241201,17653,PASTUSA_SUPREMA,60.0,55.0,660.0,12.0,8.333333333333337,0.012544248649207746
20241201,17873,PASTUSA_SUPREMA,30.0,30.0,570.0,19.0,0.0,0.010833669287952144
20241201,19001,PASTUSA_SUPREMA,0.6,1.0,4.5,4.5,0.0,8.552896806278008e-05
20241201,19022,PASTUSA_SUPREMA,125.0,135.0,2025.0,15.0,0.0,0.03848803562825104
20241201,19050,PASTUSA_SUPREMA,3.0,1.5,31.5,21.0,50.0,0.0005987027764394606
20241201,19100,CRIOLLA,0.0,20.0,240.0,12.0,0.0,0.004561544963348272
20241201,19100,PASTUSA_SUPREMA,70.0,70.0,1400.0,20.0,0.0,0.02660901228619825
20241201,19355,PASTUSA_SUPREMA,0.0,30.0,300.0,10.0,0.0,0.005701931204185339
20241201,19364,CRIOLLA,20.0,20.0,62.0,3.1,0.0,0.0011783991155316367
20241201,19397,PASTUSA_SUPREMA,90.0,100.0,1200.0,12.0,0.0,0.022807724816741357
20241201,19517,PASTUSA_SUPREMA,90.0,0.0,0.0,0.0,100.0,0.0
20241201,19585,PASTUSA_SUPREMA,720.0,690.0,13800.0,20.0,4.1666666666666625,0.2622888353925256
20241201,19622,PASTUSA_SUPREMA,3.0,0.0,0.0,0.0,100.0,0.0
20241201,19693,PASTUSA_SUPREMA,564.0,510.0,10200.0,20.0,9.57446808510638,0.19386566094230154
20241201,19701,CRIOLLA,2.0,1.9,39.9,21.0,5.000000000000004,0.0007583568501566501
20241201,19701,PASTUSA_SUPREMA,2.5,0.0,0.0,0.0,100.0,0.0
20241201,19743,PASTUSA_SUPREMA,149.0,152.0,2736.0,18.0,0.0,0.052001612582170294
20241201,19760,PASTUSA_SUPREMA,90.0,120.0,1800.0,15.0,0.0,0.034211587225112035
20241201,19821,CRIOLLA,4.0,4.0,40.0,10.0,0.0,0.0007602574938913785
20241201,19821,PASTUSA_SUPREMA,4.0,4.0,60.0,15.0,0.0,0.001140386240837068
20241201,19824,CRIOLLA,100.0,155.0,3720.0,24.0,0.0,0.0707039469318982
20241201,19824,PASTUSA_SUPREMA,800.0,405.0,11340.0,28.0,49.375,0.21553299951820581
20241201,25019,PASTUSA_SUPREMA,10.0,8.0,160.0,20.0,19.999999999999996,0.003041029975565514
20241201,25053,PASTUSA_SUPREMA,24.0,33.0,495.0,15.0,0.0,0.00940818648690581
20241201,25099,CRIOLLA,140.0,140.0,2240.0,16.0,0.0,0.0425744196579172
20241201,25099,PASTUSA_SUPREMA,180.0,180.0,3960.0,22.0,0.0,0.07526549189524648
20241201,25120,PASTUSA_SUPREMA,50.0,50.0,650.0,13.0,0.0,0.012354184275734901
20241201,25126,PASTUSA_SUPREMA,22.6,29.7,445.5,15.0,0.0,0.008467367838215228
20241201,25151,CRIOLLA,65.0,60.0,960.0,16.0,7.692307692307687,0.018246179853393087
20241201,25151,PASTUSA_SUPREMA,70.0,50.0,1150.0,23.0,28.57142857142857,0.021857402949377134
20241201,25154,CRIOLLA,25.0,25.0,400.0,16.0,0.0,0.007602574938913785
20241201,25154,PASTUSA_SUPREMA,720.0,720.0,14400.0,20.0,0.0,0.2736926978008963
20241201,25175,PASTUSA_SUPREMA,55.0,70.0,1540.0,22.0,0.0,0.029269913514818075
20241201,25178,CRIOLLA,14.0,14.0,280.0,20.0,0.0,0.00532180245723965
20241201,25178,PASTUSA_SUPREMA,38.0,50.0,1500.0,30.0,0.0,0.028509656020926696
20241201,25181,CRIOLLA,80.0,80.0,1120.0,14.0,0.0,0.0212872098289586
20241201,25181,PASTUSA_SUPREMA,15.0,30.0,420.0,14.0,0.0,0.007982703685859474
20241201,25183,CRIOLLA,10.0,60.0,900.0,15.0,0.0,0.017105793612556017
20241201,25183,PASTUSA_SUPREMA,500.0,1000.0,25000.0,25.0,0.0,0.4751609336821116
20241201,25200,PASTUSA_SUPREMA,420.0,380.0,7600.0,20.0,9.523809523809524,0.14444892383936192
20241201,25214,PASTUSA_SUPREMA,35.65,35.65,926.9,26.0,0.0,0.01761706677719797
20241201,25224,CRIOLLA,10.0,10.0,180.0,18.0,0.0,0.0034211587225112033
20241201,25224,PASTUSA_SUPREMA,150.0,100.0,2200.0,22.0,33.333333333333336,0.04181416216402582
20241201,25260,CRIOLLA,20.0,10.0,170.0,17.0,50.0,0.003231094349038359
20241201,25260,PASTUSA_SUPREMA,200.0,180.0,4320.0,24.0,9.999999999999998,0.08210780934026889
20241201,25269,CRIOLLA,98.0,92.0,1564.0,17.0,6.122448979591832,0.029726068011152903
20241201,25269,PASTUSA_SUPREMA,350.0,330.0,7590.0,23.0,5.714285714285716,0.14425885946588907
20241201,25281,CRIOLLA,240.0,0.0,0.0,0.0,100.0,0.0
20241201,25281,PASTUSA_SUPREMA,270.0,125.0,2625.0,21.0,53.703703703703695,0.04989189803662172
20241201,25286,PASTUSA_SUPREMA,250.0,210.0,5880.0,28.0,16.000000000000004,0.11175785160203265
20241201,25288,CRIOLLA,2.0,1.0,18.0,18.0,50.0,0.00034211587225112033
20241201,25288,PASTUSA_SUPREMA,160.0,120.0,2640.0,22.0,25.0,0.05017699459683098
20241201,25293,PASTUSA_SUPREMA,2.0,2.0,28.0,14.0,0.0,0.000532180245723965
20241201,25295,PASTUSA_SUPREMA,11.0,0.0,0.0,0.0,100.0,0.0
20241201,25297,PASTUSA_SUPREMA,15.0,6.0,108.0,18.0,60.0,0.002052695233506722
20241201,25299,PASTUSA_SUPREMA,5.0,3.0,69.0,23.0,40.0,0.001311444176962628
20241201,25312,CRIOLLA,20.0,20.0,300.0,15.0,0.0,0.005701931204185339
20241201,25312,PASTUSA_SUPREMA,70.0,70.0,1540.0,22.0,0.0,0.029269913514818075
20241201,25317,CRIOLLA,20.0,20.0,320.0,16.0,0.0,0.006082059951131028
20241201,25317,PASTUSA_SUPREMA,300.0,330.0,6600.0,20.0,0.0,0.12544248649207745
20241201,25322,CRIOLLA,20.0,20.0,280.0,14.0,0.0,0.00532180245723965
20241201,25322,PASTUSA_SUPREMA,135.0,145.0,3190.0,22.0,0.0,0.06063053513783744
20241201,25326,CRIOLLA,60.0,60.0,1020.0,17.0,0.0,0.019386566094230152
20241201,25326,PASTUSA_SUPREMA,1600.0,0.0,0.0,0.0,100.0,0.0
20241201,25339,CRIOLLA,10.0,10.0,150.0,15.0,0.0,0.0028509656020926696
20241201,25339,PASTUSA_SUPREMA,65.0,5.0,100.0,20.0,92.3076923076923,0.0019006437347284463
20241201,25372,PASTUSA_SUPREMA,0.0,53.0,742.0,14.0,0.0,0.014102776511685072
20241201,25377,CRIOLLA,102.0,120.0,2220.0,18.5,0.0,0.04219429091097151
20241201,25377,PASTUSA_SUPREMA,860.0,660.0,17820.0,27.0,23.25581395348837,0.33869471352860914
20241201,25407,CRIOLLA,30.0,30.0,510.0,17.0,0.0,0.009693283047115076
20241201,25407,PASTUSA_SUPREMA,450.0,450.0,13500.0,30.0,0.0,0.25658690418834024
20241201,25426,CRIOLLA,22.0,23.0,529.0,23.0,0.0,0.01005440535671348
20241201,25426,PASTUSA_SUPREMA,245.0,240.0,6000.0,25.0,2.0408163265306145,0.11403862408370678
20241201,25430,PASTUSA_SUPREMA,620.3,571.3,12282.95,21.5,7.899403514428505,0.2334551196148277
20241201,25436,PASTUSA_SUPREMA,29.0,30.0,540.0,18.0,0.0,0.01026347616753361
20241201,25473,PASTUSA_SUPREMA,225.0,225.0,6750.0,30.0,0.0,0.12829345209417012
20241201,25486,CRIOLLA,4.0,4.0,56.0,14.0,0.0,0.00106436049144793
20241201,25513,CRIOLLA,190.0,180.0,2160.0,12.0,5.263157894736848,0.04105390467013444
20241201,25513,PASTUSA_SUPREMA,90.0,75.0,1725.0,23.0,16.666666666666664,0.0327861044240657
20241201,25535,PASTUSA_SUPREMA,1160.0,1157.0,21983.0,19.0,0.2586206896551757,0.4178185122053544
20241201,25594,CRIOLLA,12.0,12.0,172.8,14.4,0.0,0.0032843123736107553
20241201,25594,PASTUSA_SUPREMA,16.0,25.0,475.0,19.0,0.0,0.00902805773996012
20241201,25649,PASTUSA_SUPREMA,13.0,12.0,264.0,22.0,7.692307692307687,0.0050176994596830985
20241201,25653,CRIOLLA,23.0,19.0,304.0,16.0,17.391304347826086,0.005777956953574477
20241201,25653,PASTUSA_SUPREMA,780.0,600.0,12000.0,20.0,23.076923076923073,0.22807724816741357
20241201,25736,CRIOLLA,31.0,86.0,2322.0,27.0,0.0,0.044132947520394525
20241201,25736,PASTUSA_SUPREMA,1300.0,1200.0,46800.0,39.0,7.692307692307687,0.889501267852913
20241201,25740,CRIOLLA,560.0,435.0,9570.0,22.0,22.32142857142857,0.18189160541351232
20241201,25740,PASTUSA_SUPREMA,775.0,778.0,17894.0,23.0,0.0,0.3401011898923082
20241201,25745,PASTUSA_SUPREMA,50.0,58.0,1450.0,25.0,0.0,0.027559334153562473
20241201,25754,CRIOLLA,32.7,28.0,168.0,6.0,14.3730886850153,0.00319308147434379
20241201,25754,PASTUSA_SUPREMA,480.2,451.1,2706.6,6.0,6.059975010412321,0.05144282332416013
20241201,25758,PASTUSA_SUPREMA,45.0,110.0,3685.0,33.5,0.0,0.07003872162474326
20241201,25769,CRIOLLA,110.0,110.0,1980.0,18.0,0.0,0.03763274594762324
20241201,25769,PASTUSA_SUPREMA,270.0,270.0,6750.0,25.0,0.0,0.12829345209417012
20241201,25772,CRIOLLA,8.0,8.0,120.0,15.0,0.0,0.002280772481674136
20241201,25772,PASTUSA_SUPREMA,1000.0,600.0,15000.0,25.0,40.0,0.28509656020926694
20241201,25779,CRIOLLA,30.0,30.0,540.0,18.0,0.0,0.01026347616753361
20241201,25779,PASTUSA_SUPREMA,160.0,150.0,3000.0,20.0,6.25,0.05701931204185339
20241201,25781,PASTUSA_SUPREMA,150.0,80.0,2800.0,35.0,46.666666666666664,0.0532180245723965
20241201,25785,CRIOLLA,9.6,10.2,173.4,17.0,0.0,0.003295716236019126
20241201,25785,PASTUSA_SUPREMA,80.0,96.0,2400.0,25.0,0.0,0.04561544963348271
20241201,25793,CRIOLLA,120.0,120.0,1680.0,14.0,0.0,0.031930814743437896
20241201,25793,PASTUSA_SUPREMA,7300.0,7200.0,158400.0,22.0,1.3698630136986356,3.010619675809859
20241201,25799,CRIOLLA,40.0,40.0,720.0,18.0,0.0,0.013684634890044813
20241201,25799,PASTUSA_SUPREMA,400.0,610.0,17690.0,29.0,0.0,0.33622387667346215
20241201,25807,PASTUSA_SUPREMA,450.0,0.0,0.0,0.0,100.0,0.0
20241201,25817,PASTUSA_SUPREMA,20.0,20.0,460.0,23.0,0.0,0.008742961179750854
20241201,25841,CRIOLLA,156.0,93.5,1870.0,20.0,40.06410256410257,0.03554203783942195
20241201,25841,PASTUSA_SUPREMA,520.0,475.0,9500.0,20.0,8.653846153846157,0.1805611547992024
20241201,25843,CRIOLLA,15.0,14.0,196.0,14.0,6.666666666666665,0.003725261720067755
20241201,25843,PASTUSA_SUPREMA,600.0,510.0,10200.0,20.0,15.000000000000002,0.19386566094230154
20241201,25845,CRIOLLA,350.0,322.0,5474.0,17.0,7.9999999999999964,0.10404123803903516
20241201,25845,PASTUSA_SUPREMA,1000.0,900.0,25200.0,28.0,9.999999999999998,0.4789622211515685
20241201,25873,CRIOLLA,40.0,40.0,720.0,18.0,0.0,0.013684634890044813
20241201,25873,PASTUSA_SUPREMA,6500.0,10000.0,290000.0,29.0,0.0,5.511866830712495
20241201,25898,CRIOLLA,90.0,45.0,900.0,20.0,50.0,0.017105793612556017
20241201,25898,PASTUSA_SUPREMA,120.0,120.0,2880.0,24.0,0.0,0.05473853956017925
20241201,25899,CRIOLLA,100.0,220.0,3960.0,18.0,0.0,0.07526549189524648
20241201,25899,PASTUSA_SUPREMA,1300.0,1700.0,37400.0,22.0,0.0,0.7108407567884389
20241201,41001,PASTUSA_SUPREMA,1.0,1.0,7.0,7.0,0.0,0.00013304506143099125
20241201,41206,PASTUSA_SUPREMA,10.0,10.0,50.0,5.0,0.0,0.0009503218673642232
20241201,41359,PASTUSA_SUPREMA,1.5,2.0,12.0,6.0,0.0,0.00022807724816741357
20241201,41396,PASTUSA_SUPREMA,4.0,4.0,32.0,8.0,0.0,0.0006082059951131028
20241201,41668,PASTUSA_SUPREMA,3.0,3.0,12.0,4.0,0.0,0.00022807724816741357
20241201,41676,PASTUSA_SUPREMA,2.0,0.0,0.0,0.0,100.0,0.0
20241201,52001,CRIOLLA,107.0,50.0,800.0,16.0,53.271028037383175,0.01520514987782757
20241201,52001,PASTUSA_SUPREMA,4400.0,3600.0,72000.0,20.0,18.181818181818176,1.3684634890044813
20241201,52022,PASTUSA_SUPREMA,200.0,150.0,2250.0,15.0,25.0,0.04276448403139004
20241201,52036,CRIOLLA,1.0,0.0,0.0,0.0,100.0,0.0
20241201,52036,PASTUSA_SUPREMA,12.0,17.0,204.0,12.0,0.0,0.0038773132188460306
20241201,52083,PASTUSA_SUPREMA,7.0,13.0,156.0,12.0,0.0,0.0029650042261763765
20241201,52110,PASTUSA_SUPREMA,20.0,30.0,450.0,15.0,0.0,0.008552896806278009
20241201,52210,PASTUSA_SUPREMA,520.0,470.0,9400.0,20.0,9.615384615384615,0.17866051106447395
20241201,52215,CRIOLLA,90.0,40.0,440.0,11.0,55.55555555555556,0.008362832432805164
20241201,52215,PASTUSA_SUPREMA,450.0,200.0,4000.0,20.0,55.55555555555556,0.07602574938913785
20241201,52224,CRIOLLA,40.0,0.0,0.0,0.0,100.0,0.0
20241201,52224,PASTUSA_SUPREMA,450.0,430.0,7740.0,18.0,4.444444444444439,0.14710982506798176
20241201,52227,CRIOLLA,110.0,30.0,240.0,8.0,72.72727272727273,0.004561544963348272
20241201,52227,PASTUSA_SUPREMA,554.0,250.0,3750.0,15.0,54.87364620938629,0.07127414005231673
20241201,52240,PASTUSA_SUPREMA,8.0,2.5,25.0,10.0,68.75,0.0004751609336821116
20241201,52258,PASTUSA_SUPREMA,8.0,0.0,0.0,0.0,100.0,0.0
20241201,52260,PASTUSA_SUPREMA,5.0,0.0,0.0,0.0,100.0,0.0
20241201,52287,PASTUSA_SUPREMA,10.0,7.0,77.0,11.0,30.000000000000004,0.0014634956757409038
20241201,52317,CRIOLLA,15.0,10.0,100.0,10.0,33.333333333333336,0.0019006437347284463
20241201,52317,PASTUSA_SUPREMA,280.0,300.0,5400.0,18.0,0.0,0.10263476167533611
20241201,52320,CRIOLLA,25.0,60.0,900.0,15.0,0.0,0.017105793612556017
20241201,52320,PASTUSA_SUPREMA,180.0,90.0,2520.0,28.0,50.0,0.04789622211515685
20241201,52323,CRIOLLA,15.0,0.0,0.0,0.0,100.0,0.0
20241201,52323,PASTUSA_SUPREMA,300.0,450.0,8100.0,18.0,0.0,0.15395214251300415
20241201,52352,CRIOLLA,75.0,120.0,1200.0,10.0,0.0,0.022807724816741357
20241201,52352,PASTUSA_SUPREMA,126.0,75.0,1350.0,18.0,40.476190476190474,0.025658690418834028
20241201,52354,CRIOLLA,18.0,35.0,420.0,12.0,0.0,0.007982703685859474
20241201,52354,PASTUSA_SUPREMA,300.0,400.0,6400.0,16.0,0.0,0.12164119902262056
20241201,52356,CRIOLLA,30.0,30.0,270.0,9.0,0.0,0.005131738083766805
20241201,52356,PASTUSA_SUPREMA,1000.0,850.0,15300.0,18.0,15.000000000000002,0.2907984914134523
20241201,52378,PASTUSA_SUPREMA,80.0,73.0,1460.0,20.0,8.750000000000002,0.027749398527035316
20241201,52381,CRIOLLA,2.0,2.0,20.0,10.0,0.0,0.00038012874694568925
20241201,52381,PASTUSA_SUPREMA,5.0,5.0,70.0,14.0,0.0,0.0013304506143099126
20241201,52385,PASTUSA_SUPREMA,2.0,2.0,9.0,4.5,0.0,0.00017105793612556017
20241201,52418,PASTUSA_SUPREMA,0.0,2.0,18.0,9.0,0.0,0.00034211587225112033
20241201,52435,PASTUSA_SUPREMA,85.0,75.0,750.0,10.0,11.764705882352944,0.014254828010463348
20241201,52480,CRIOLLA,3.0,3.0,30.0,10.0,0.0,0.000570193120418534
20241201,52480,PASTUSA_SUPREMA,6.0,0.0,0.0,0.0,100.0,0.0
20241201,52506,PASTUSA_SUPREMA,1000.0,800.0,17600.0,22.0,19.999999999999996,0.3345132973122066
20241201,52560,CRIOLLA,280.0,530.0,9540.0,18.0,0.0,0.1813214122930938
20241201,52560,PASTUSA_SUPREMA,2400.0,2840.0,62480.0,22.0,0.0,1.1875222054583332
20241201,52565,CRIOLLA,0.0,23.0,414.0,18.0,0.0,0.007868665061775767
20241201,52565,PASTUSA_SUPREMA,40.0,100.0,2000.0,20.0,0.0,0.038012874694568925
20241201,52573,CRIOLLA,70.0,65.0,780.0,12.0,7.14285714285714,0.014825021130881882
20241201,52573,PASTUSA_SUPREMA,170.0,194.0,3492.0,18.0,0.0,0.06637047921671735
20241201,52585,CRIOLLA,75.0,50.0,750.0,15.0,33.333333333333336,0.014254828010463348
20241201,52585,PASTUSA_SUPREMA,1850.0,1780.0,44500.0,25.0,3.7837837837837784,0.8457864619541586
20241201,52678,PASTUSA_SUPREMA,20.0,25.0,350.0,14.0,0.0,0.006652253071549563
20241201,52683,PASTUSA_SUPREMA,1.0,3.0,45.0,15.0,0.0,0.0008552896806278008
20241201,52685,PASTUSA_SUPREMA,6.0,5.0,60.0,12.0,16.666666666666664,0.001140386240837068
20241201,52693,PASTUSA_SUPREMA,4.0,4.0,64.0,16.0,0.0,0.0012164119902262056
20241201,52699,PASTUSA_SUPREMA,12.0,15.0,225.0,15.0,0.0,0.004276448403139004
20241201,52720,CRIOLLA,8.0,5.0,50.0,10.0,37.5,0.0009503218673642232
20241201,52720,PASTUSA_SUPREMA,400.0,600.0,12000.0,20.0,0.0,0.22807724816741357
20241201,52788,PASTUSA_SUPREMA,340.0,350.0,7175.0,20.5,0.0,0.13637118796676603
20241201,52838,CRIOLLA,360.0,360.0,4680.0,13.0,0.0,0.0889501267852913
20241201,52838,PASTUSA_SUPREMA,2650.0,2750.0,49500.0,18.0,0.0,0.940818648690581
20241201,52885,CRIOLLA,8.0,0.0,0.0,0.0,100.0,0.0
20241201,52885,PASTUSA_SUPREMA,300.0,110.0,1980.0,18.0,63.33333333333333,0.03763274594762324
20241201,54125,CRIOLLA,40.0,45.0,900.0,20.0,0.0,0.017105793612556017
20241201,54125,PASTUSA_SUPREMA,60.0,47.0,1034.0,22.0,21.666666666666668,0.019652656217092137
20241201,54172,PASTUSA_SUPREMA,0.0,1.0,15.0,15.0,0.0,0.000285096560209267
20241201,54174,CRIOLLA,85.0,69.5,903.5,13.0,18.23529411764706,0.017172316143271513
20241201,54174,PASTUSA_SUPREMA,560.0,497.0,7206.5,14.5,11.250000000000004,0.13696989074320548
20241201,54347,CRIOLLA,5.0,5.0,72.5,14.5,0.0,0.0013779667076781236
20241201,54347,PASTUSA_SUPREMA,5.0,5.0,80.0,16.0,0.0,0.001520514987782757
20241201,54377,CRIOLLA,3.0,3.0,45.0,15.0,0.0,0.0008552896806278008
20241201,54377,PASTUSA_SUPREMA,6.0,6.0,90.0,15.0,0.0,0.0017105793612556017
20241201,54480,CRIOLLA,90.0,95.0,2090.0,22.0,0.0,0.03972345405582453
20241201,54480,PASTUSA_SUPREMA,60.0,60.0,1440.0,24.0,0.0,0.027369269780089626
20241201,54518,CRIOLLA,95.0,95.0,1235.0,13.0,0.0,0.023472950123896313
20241201,54518,PASTUSA_SUPREMA,155.0,175.0,2625.0,15.0,0.0,0.04989189803662172
20241201,54743,CRIOLLA,256.0,213.0,4260.0,20.0,16.796875,0.08096742309943182
20241201,54743,PASTUSA_SUPREMA,614.0,1408.0,28160.0,20.0,0.0,0.5352212756995305
20241201,68020,PASTUSA_SUPREMA,60.5,60.5,1089.0,18.0,0.0,0.02069801027119278
20241201,68101,PASTUSA_SUPREMA,25.0,36.0,792.0,22.0,0.0,0.015053098379049295
20241201,68132,CRIOLLA,2.0,2.0,16.0,8.0,0.0,0.0003041029975565514
20241201,68132,PASTUSA_SUPREMA,4.0,4.0,48.0,12.0,0.0,0.0009123089926696543
20241201,68152,PASTUSA_SUPREMA,400.0,250.0,4000.0,16.0,37.5,0.07602574938913785
20241201,68162,PASTUSA_SUPREMA,500.0,300.0,6600.0,22.0,40.0,0.12544248649207745
20241201,68207,CRIOLLA,8.0,7.0,89.6,12.8,12.5,0.001702976786316688
20241201,68207,PASTUSA_SUPREMA,40.0,148.0,3404.0,23.0,0.0,0.06469791273015632
20241201,68245,CRIOLLA,0.5,0.5,5.0,10.0,0.0,9.503218673642231e-05
20241201,68264,PASTUSA_SUPREMA,24.0,28.0,168.0,6.0,0.0,0.00319308147434379
20241201,68298,PASTUSA_SUPREMA,8.0,10.0,77.8,7.78,0.0,0.0014787008256187313
20241201,68318,CRIOLLA,20.0,13.0,234.0,18.0,35.0,0.004447506339264565
20241201,68318,PASTUSA_SUPREMA,250.0,420.0,8820.0,21.0,0.0,0.16763677740304897
20241201,68368,CRIOLLA,2.0,2.0,30.0,15.0,0.0,0.000570193120418534
20241201,68377,PASTUSA_SUPREMA,5.0,4.5,121.5,27.0,9.999999999999998,0.0023092821376950626
20241201,68468,PASTUSA_SUPREMA,8.0,11.0,198.0,18.0,0.0,0.0037632745947623236
20241201,68502,PASTUSA_SUPREMA,45.0,10.0,160.0,16.0,77.77777777777779,0.003041029975565514
20241201,68572,PASTUSA_SUPREMA,20.0,20.0,300.0,15.0,0.0,0.005701931204185339
20241201,68669,PASTUSA_SUPREMA,25.0,40.0,800.0,20.0,0.0,0.01520514987782757
20241201,68682,CRIOLLA,2.0,3.0,18.0,6.0,0.0,0.00034211587225112033
20241201,68682,PASTUSA_SUPREMA,0.0,3.0,24.0,8.0,0.0,0.00045615449633482714
20241201,68773,PASTUSA_SUPREMA,2.5,1.5,22.5,15.0,40.0,0.0004276448403139004
20241201,68820,PASTUSA_SUPREMA,0.0,580.0,16240.0,28.0,0.0,0.30866454251989967
20241201,68861,PASTUSA_SUPREMA,85.0,84.0,2940.0,35.0,1.17647058823529,0.055878925801016326
20241201,68867,CRIOLLA,0.5,0.5,6.25,12.5,0.0,0.0001187902334205279
20241201,68867,PASTUSA_SUPREMA,7.0,7.0,140.0,20.0,0.0,0.002660901228619825
20241201,73043,PASTUSA_SUPREMA,99.0,98.0,1568.0,16.0,1.0101010101010055,0.02980209376054204
20241201,73124,CRIOLLA,14.0,13.0,169.0,13.0,7.14285714285714,0.0032120879116910744
20241201,73124,PASTUSA_SUPREMA,18.0,16.0,208.0,13.0,11.111111111111116,0.003953338968235168
20241201,73152,PASTUSA_SUPREMA,150.0,200.0,3400.0,17.0,0.0,0.06462188698076718
20241201,73347,PASTUSA_SUPREMA,200.0,200.0,3640.0,18.2,0.0,0.06918343194411544
20241201,73461,CRIOLLA,20.0,20.0,280.0,14.0,0.0,0.00532180245723965
20241201,73461,PASTUSA_SUPREMA,121.0,121.0,2904.0,24.0,0.0,0.05519469405651408
20241201,73622,CRIOLLA,55.0,52.0,780.0,15.0,5.454545454545457,0.014825021130881882
20241201,73622,PASTUSA_SUPREMA,60.0,57.0,1140.0,20.0,5.000000000000004,0.021667338575904287
20241201,73686,PASTUSA_SUPREMA,120.0,120.0,1440.0,12.0,0.0,0.027369269780089626
20241201,73870,PASTUSA_SUPREMA,20.0,20.0,120.0,6.0,0.0,0.002280772481674136
20241201,76111,PASTUSA_SUPREMA,15.0,11.0,176.0,16.0,26.66666666666667,0.003345132973122066
20241201,76736,PASTUSA_SUPREMA,30.0,25.0,300.0,12.0,16.666666666666664,0.005701931204185339
20241201,76834,PASTUSA_SUPREMA,250.0,240.0,4320.0,18.0,4.0000000000000036,0.08210780934026889
20241201,86749,PASTUSA_SUPREMA,0.0,6.0,78.0,13.0,0.0,0.0014825021130881882
20241201,86755,PASTUSA_SUPREMA,1.0,2.0,20.0,10.0,0.0,0.00038012874694568925
20250601,05001,PASTUSA_SUPREMA,32.0,45.0,720.0,16.0,0.0,0.013570256952061484
20250601,05002,PASTUSA_SUPREMA,85.0,85.0,850.0,10.0,0.0,0.016020442235072586
20250601,05004,CRIOLLA,1.0,1.0,2.0,2.0,0.0,3.769515820017079e-05
20250601,05004,PASTUSA_SUPREMA,1.0,1.0,2.5,2.5,0.0,4.7118947750213486e-05
20250601,05079,PASTUSA_SUPREMA,19.0,11.0,93.5,8.5,42.10526315789473,0.0017622486458579844
20250601,05086,CRIOLLA,0.0,50.0,450.0,9.0,0.0,0.008481410595038428
20250601,05086,PASTUSA_SUPREMA,400.0,350.0,4900.0,14.0,12.5,0.09235313759041844
20250601,05088,PASTUSA_SUPREMA,43.5,52.0,936.0,18.0,0.0,0.01764133403767993
20250601,05093,CRIOLLA,4.0,0.0,0.0,0.0,100.0,0.0
20250601,05148,CRIOLLA,242.0,242.0,4356.0,18.0,0.0,0.08210005455997198
20250601,05148,PASTUSA_SUPREMA,206.0,190.0,3610.0,19.0,7.7669902912621325,0.06803976055130827
20250601,05206,PASTUSA_SUPREMA,35.0,43.0,645.0,15.0,0.0,0.01215668851955508
20250601,05237,CRIOLLA,4.0,1.32,13.2,10.0,67.0,0.0002487880441211272
20250601,05237,PASTUSA_SUPREMA,52.0,49.0,980.0,20.0,5.769230769230771,0.018470627518083687
20250601,05264,PASTUSA_SUPREMA,400.0,480.0,14400.0,30.0,0.0,0.2714051390412297
20250601,05266,CRIOLLA,14.7,6.02,76.45,12.7,59.04761904761905,0.0014408974222015285
20250601,05266,PASTUSA_SUPREMA,10.78,2.38,14.76,6.2,77.92207792207793,0.00027819026751726045
20250601,05308,CRIOLLA,5.0,2.5,12.5,5.0,50.0,0.00023559473875106742
20250601,05308,PASTUSA_SUPREMA,5.0,0.0,0.0,0.0,100.0,0.0
20250601,05313,CRIOLLA,1.5,1.5,19.5,13.0,0.0,0.0003675277924516652
20250601,05313,PASTUSA_SUPREMA,7.5,7.5,120.0,16.0,0.0,0.0022617094920102474
20250601,05318,PASTUSA_SUPREMA,25.0,25.0,225.0,9.0,0.0,0.004240705297519214
20250601,05376,PASTUSA_SUPREMA,30.0,21.0,336.0,16.0,30.000000000000004,0.006332786577628692
20250601,05400,CRIOLLA,104.0,120.34,1522.3,12.65,0.0,0.028691669664059997
20250601,05400,PASTUSA_SUPREMA,789.0,480.66,8411.55,17.5,39.07984790874524,0.1585373539793233
20250601,05440,PASTUSA_SUPREMA,210.0,205.0,1640.0,8.0,2.3809523809523836,0.03091002972414005
20250601,05541,PASTUSA_SUPREMA,13.0,11.0,154.0,14.0,15.384615384615385,0.002902527181413151
20250601,05607,PASTUSA_SUPREMA,10.0,10.0,100.0,10.0,0.0,0.0018847579100085394
20250601,05615,PASTUSA_SUPREMA,8.0,7.0,87.5,12.5,12.5,0.0016491631712574721
20250601,05658,PASTUSA_SUPREMA,34.0,24.0,600.0,25.0,29.411764705882348,0.011308547460051237
20250601,05664,CRIOLLA,45.0,44.0,440.0,10.0,2.2222222222222254,0.008292934804037574
20250601,05664,PASTUSA_SUPREMA,422.0,427.0,17080.0,40.0,0.0,0.32191665102945854
20250601,05674,PASTUSA_SUPREMA,550.0,595.0,14875.0,25.0,0.0,0.28035773911377027
20250601,05686,CRIOLLA,6.5,0.0,0.0,0.0,100.0,0.0
20250601,05686,PASTUSA_SUPREMA,1200.0,1300.0,65000.0,50.0,0.0,1.2250926415055508
20250601,05697,CRIOLLA,66.0,64.0,768.0,12.0,3.0303030303030276,0.014474940748865583
20250601,05697,PASTUSA_SUPREMA,64.0,62.0,1116.0,18.0,3.125,0.0210338982756953
20250601,05756,CRIOLLA,145.0,143.0,1859.0,13.0,1.379310344827589,0.03503764954705875
20250601,05756,PASTUSA_SUPREMA,80.0,79.0,1264.0,16.0,1.2499999999999956,0.02382333998250794
20250601,05847,CRIOLLA,6.0,6.0,48.0,8.0,0.0,0.0009046837968040989
20250601,05847,PASTUSA_SUPREMA,6.0,5.0,90.0,18.0,16.666666666666664,0.0016962821190076856
20250601,05887,PASTUSA_SUPREMA,187.9,90.0,4050.0,45.0,52.10218201170835,0.07633269535534584
20250601,15001,CRIOLLA,400.0,180.0,1800.0,10.0,55.00000000000001,0.03392564238015371
20250601,15001,PASTUSA_SUPREMA,2730.0,1180.0,25960.0,22.0,56.776556776556774,0.4892831534382168
20250601,15022,CRIOLLA,2.0,2.0,10.8,5.4,0.0,0.00020355385428092227
20250601,15022,PASTUSA_SUPREMA,5.0,9.0,81.0,9.0,0.0,0.001526653907106917
20250601,15047,CRIOLLA,3.0,6.0,48.0,8.0,0.0,0.0009046837968040989
20250601,15047,PASTUSA_SUPREMA,40.0,52.0,1300.0,25.0,0.0,0.024501852830111012
20250601,15051,PASTUSA_SUPREMA,1000.0,2250.0,54000.0,24.0,0.0,1.0177692714046114
20250601,15087,CRIOLLA,90.0,80.0,960.0,12.0,11.111111111111116,0.01809367593608198
20250601,15087,PASTUSA_SUPREMA,290.0,285.0,5130.0,18.0,1.7241379310344862,0.09668808078343807
20250601,15092,CRIOLLA,5.0,8.0,80.0,10.0,0.0,0.0015078063280068315
20250601,15092,PASTUSA_SUPREMA,22.0,8.0,128.0,16.0,63.63636363636363,0.0024124901248109305
20250601,15104,CRIOLLA,80.0,75.0,1275.0,17.0,6.25,0.024030663352608877
20250601,15104,PASTUSA_SUPREMA,300.0,200.0,4000.0,20.0,33.333333333333336,0.07539031640034158
20250601,15109,CRIOLLA,5.0,10.0,105.0,10.5,0.0,0.0019789958055089663
20250601,15109,PASTUSA_SUPREMA,22.0,15.0,277.5,18.5,31.818181818181824,0.005230203200273697
20250601,15114,PASTUSA_SUPREMA,10.0,10.0,200.0,20.0,0.0,0.0037695158200170787
20250601,15131,CRIOLLA,130.0,70.0,910.0,13.0,46.15384615384615,0.01715129698107771
20250601,15131,PASTUSA_SUPREMA,140.0,100.0,1800.0,18.0,28.57142857142857,0.03392564238015371
20250601,15162,CRIOLLA,5.0,0.0,0.0,0.0,100.0,0.0
20250601,15162,PASTUSA_SUPREMA,25.0,0.0,0.0,0.0,100.0,0.0
20250601,15172,PASTUSA_SUPREMA,6.0,5.0,65.0,13.0,16.666666666666664,0.0012250926415055506
20250601,15176,CRIOLLA,40.6,45.0,720.0,16.0,0.0,0.013570256952061484
20250601,15176,PASTUSA_SUPREMA,415.0,300.0,7500.0,25.0,27.710843373493976,0.14135684325064046
20250601,15180,PASTUSA_SUPREMA,100.0,85.0,1530.0,18.0,15.000000000000002,0.028836796023130655
20250601,15183,PASTUSA_SUPREMA,330.0,340.0,5100.0,15.0,0.0,0.09612265341043551
20250601,15187,PASTUSA_SUPREMA,250.0,110.0,3300.0,30.0,56.00000000000001,0.0621970110302818
20250601,15189,CRIOLLA,3.0,2.5,30.0,12.0,16.666666666666664,0.0005654273730025619
20250601,15189,PASTUSA_SUPREMA,250.0,245.0,4655.0,19.0,2.0000000000000018,0.08773548071089751
20250601,15204,PASTUSA_SUPREMA,550.0,490.0,10780.0,22.0,10.909090909090914,0.20317690269892055
20250601,15215,CRIOLLA,0.5,0.0,0.0,0.0,100.0,0.0
20250601,15215,PASTUSA_SUPREMA,1.0,1.0,20.0,20.0,0.0,0.0003769515820017079
20250601,15224,PASTUSA_SUPREMA,100.0,72.0,1800.0,25.0,28.000000000000004,0.03392564238015371
20250601,15226,CRIOLLA,2.0,5.6,89.6,16.0,0.0,0.0016887430873676515
20250601,15226,PASTUSA_SUPREMA,30.0,24.0,672.0,28.0,19.999999999999996,0.012665573155257384
20250601,15232,CRIOLLA,8.0,0.0,0.0,0.0,100.0,0.0
20250601,15232,PASTUSA_SUPREMA,660.0,700.0,14000.0,20.0,0.0,0.26386610740119554
20250601,15236,PASTUSA_SUPREMA,1.0,1.3,20.8,16.0,0.0,0.0003920296452817762
20250601,15238,CRIOLLA,4.0,4.0,72.0,18.0,0.0,0.0013570256952061485
20250601,15238,PASTUSA_SUPREMA,20.0,10.0,200.0,20.0,50.0,0.0037695158200170787
20250601,15244,PASTUSA_SUPREMA,200.0,120.0,1560.0,13.0,40.0,0.029402223396133215
20250601,15248,PASTUSA_SUPREMA,11.0,4.5,40.5,9.0,59.09090909090908,0.0007633269535534585
20250601,15272,PASTUSA_SUPREMA,110.0,98.0,1764.0,18.0,10.909090909090914,0.033247129532550636
20250601,15276,PASTUSA_SUPREMA,50.0,48.0,624.0,13.0,4.0000000000000036,0.011760889358453286
20250601,15293,PASTUSA_SUPREMA,30.0,30.0,600.0,20.0,0.0,0.011308547460051237
20250601,15296,PASTUSA_SUPREMA,430.0,180.0,2700.0,15.0,58.13953488372092,0.050888463570230566
20250601,15299,PASTUSA_SUPREMA,3.0,1.8,14.4,8.0,40.0,0.0002714051390412297
20250601,15317,PASTUSA_SUPREMA,10.0,24.0,216.0,9.0,0.0,0.004071077085618445
20250601,15332,CRIOLLA,5.0,4.5,54.0,12.0,9.999999999999998,0.0010177692714046112
20250601,15332,PASTUSA_SUPREMA,40.0,20.0,360.0,18.0,50.0,0.006785128476030742
20250601,15362,PASTUSA_SUPREMA,25.0,8.8,176.0,20.0,64.8,0.0033171739216150296
20250601,15367,PASTUSA_SUPREMA,450.0,450.0,9900.0,22.0,0.0,0.1865910330908454
20250601,15368,PASTUSA_SUPREMA,350.0,250.0,5000.0,20.0,28.57142857142857,0.09423789550042698
20250601,15377,PASTUSA_SUPREMA,5.0,8.0,80.0,10.0,0.0,0.0015078063280068315
20250601,15403,CRIOLLA,5.5,5.0,75.0,15.0,9.090909090909093,0.0014135684325064046
20250601,15403,PASTUSA_SUPREMA,20.0,14.0,350.0,25.0,30.000000000000004,0.0065966526850298884
20250601,15407,PASTUSA_SUPREMA,145.0,114.0,2280.0,20.0,21.379310344827584,0.0429724803481947
20250601,15425,PASTUSA_SUPREMA,8.0,3.0,36.0,12.0,62.5,0.0006785128476030742
20250601,15442,CRIOLLA,2.0,2.0,34.0,17.0,0.0,0.0006408176894029034
20250601,15442,PASTUSA_SUPREMA,10.0,8.0,152.0,19.0,19.999999999999996,0.00286483202321298
20250601,15464,PASTUSA_SUPREMA,292.0,352.0,8448.0,24.0,0.0,0.1592243482375214
20250601,15466,CRIOLLA,13.0,12.0,132.0,11.0,7.692307692307687,0.002487880441211272
20250601,15466,PASTUSA_SUPREMA,50.0,99.0,1782.0,18.0,0.0,0.033586385956352174
20250601,15476,PASTUSA_SUPREMA,1000.0,500.0,17500.0,35.0,50.0,0.3298326342514944
20250601,15491,PASTUSA_SUPREMA,12.0,10.0,250.0,25.0,16.666666666666664,0.004711894775021349
20250601,15494,PASTUSA_SUPREMA,170.0,95.0,2090.0,22.0,44.11764705882353,0.039391440319178475
20250601,15500,PASTUSA_SUPREMA,7.0,8.0,156.0,19.5,0.0,0.0029402223396133216
20250601,15511,PASTUSA_SUPREMA,10.0,0.0,0.0,0.0,100.0,0.0
20250601,15516,PASTUSA_SUPREMA,114.3,104.3,2086.0,20.0,8.74890638670166,0.03931605000277813
20250601,15522,PASTUSA_SUPREMA,13.0,10.0,200.0,20.0,23.076923076923073,0.0037695158200170787
20250601,15531,CRIOLLA,8.0,8.0,56.0,7.0,0.0,0.0010554644296047822
20250601,15531,PASTUSA_SUPREMA,25.0,20.0,280.0,14.0,19.999999999999996,0.00527732214802391
20250601,15537,PASTUSA_SUPREMA,22.0,13.8,179.4,13.0,37.272727272727266,0.0033812556905553196
20250601,15542,PASTUSA_SUPREMA,148.0,180.0,3960.0,22.0,0.0,0.07463641323633816
20250601,15599,CRIOLLA,25.0,25.0,450.0,18.0,0.0,0.008481410595038428
20250601,15599,PASTUSA_SUPREMA,200.0,150.0,5100.0,34.0,25.0,0.09612265341043551
20250601,15600,PASTUSA_SUPREMA,200.0,208.0,3120.0,15.0,0.0,0.05880444679226643
20250601,15621,PASTUSA_SUPREMA,6.0,4.0,56.0,14.0,33.333333333333336,0.0010554644296047822
20250601,15632,CRIOLLA,385.0,410.0,3690.0,9.0,0.0,0.06954756687931511
20250601,15632,PASTUSA_SUPREMA,2100.0,2500.0,50000.0,20.0,0.0,0.9423789550042697
20250601,15646,PASTUSA_SUPREMA,700.0,900.0,19800.0,22.0,0.0,0.3731820661816908
20250601,15676,CRIOLLA,2.0,2.0,30.0,15.0,0.0,0.0005654273730025619
20250601,15676,PASTUSA_SUPREMA,2.0,2.0,40.0,20.0,0.0,0.0007539031640034158
20250601,15693,CRIOLLA,35.0,35.0,504.0,14.4,0.0,0.009499179866443039
20250601,15693,PASTUSA_SUPREMA,35.0,35.0,595.0,17.0,0.0,0.01121430956455081
20250601,15696,PASTUSA_SUPREMA,25.0,55.0,880.0,16.0,0.0,0.01658586960807515
20250601,15720,PASTUSA_SUPREMA,60.0,50.0,1000.0,20.0,16.666666666666664,0.018847579100085395
20250601,15723,PASTUSA_SUPREMA,10.0,10.0,170.0,17.0,0.0,0.003204088447014517
20250601,15740,CRIOLLA,30.0,30.0,360.0,12.0,0.0,0.006785128476030742
20250601,15740,PASTUSA_SUPREMA,3500.0,1750.0,45500.0,26.0,50.0,0.8575648490538854
20250601,15753,PASTUSA_SUPREMA,18.0,2.5,45.0,18.0,86.11111111111111,0.0008481410595038428
20250601,15755,CRIOLLA,3.0,3.0,42.0,14.0,0.0,0.0007915983222035865
20250601,15755,PASTUSA_SUPREMA,360.0,200.0,4600.0,23.0,44.44444444444444,0.08669886386039281
20250601,15757,PASTUSA_SUPREMA,18.0,12.0,252.0,21.0,33.333333333333336,0.004749589933221519
20250601,15759,CRIOLLA,2.0,1.0,9.0,9.0,50.0,0.00016962821190076856
20250601,15759,PASTUSA_SUPREMA,190.0,180.0,3600.0,20.0,5.263157894736848,0.06785128476030743
20250601,15761,CRIOLLA,15.0,15.0,270.0,18.0,0.0,0.005088846357023056
20250601,15761,PASTUSA_SUPREMA,35.0,35.0,980.0,28.0,0.0,0.018470627518083687
20250601,15762,PASTUSA_SUPREMA,100.0,100.0,3000.0,30.0,0.0,0.056542737300256184
20250601,15763,PASTUSA_SUPREMA,480.0,460.0,10120.0,22.0,4.1666666666666625,0.1907375004928642
20250601,15764,CRIOLLA,320.0,320.0,4800.0,15.0,0.0,0.0904683796804099
20250601,15764,PASTUSA_SUPREMA,700.0,540.0,16200.0,30.0,22.857142857142854,0.30533078142138337
20250601,15774,PASTUSA_SUPREMA,250.0,0.0,0.0,0.0,100.0,0.0
20250601,15776,PASTUSA_SUPREMA,80.0,90.0,1530.0,17.0,0.0,0.028836796023130655
20250601,15778,PASTUSA_SUPREMA,5.1,0.0,0.0,0.0,100.0,0.0
20250601,15790,CRIOLLA,5.0,5.0,55.0,11.0,0.0,0.0010366168505046968
20250601,15790,PASTUSA_SUPREMA,25.0,30.0,480.0,16.0,0.0,0.00904683796804099
20250601,15804,PASTUSA_SUPREMA,180.0,70.0,1295.0,18.5,61.111111111111114,0.024407614934610584
20250601,15806,PASTUSA_SUPREMA,35.0,0.0,0.0,0.0,100.0,0.0
20250601,15808,CRIOLLA,2.0,2.0,16.0,8.0,0.0,0.0003015612656013663
20250601,15808,PASTUSA_SUPREMA,10.0,10.0,240.0,24.0,0.0,0.004523418984020495
20250601,15810,CRIOLLA,1.5,1.5,9.75,6.5,0.0,0.0001837638962258326
20250601,15810,PASTUSA_SUPREMA,0.5,0.0,0.0,0.0,100.0,0.0
20250601,15814,PASTUSA_SUPREMA,1400.0,1890.0,37800.0,20.0,0.0,0.7124384899832279
20250601,15816,CRIOLLA,6.0,5.5,52.25,9.5,8.333333333333337,0.0009847860079794618
20250601,15816,PASTUSA_SUPREMA,5.0,3.0,42.0,14.0,40.0,0.0007915983222035865
20250601,15820,PASTUSA_SUPREMA,20.0,19.0,304.0,16.0,5.000000000000004,0.00572966404642596
20250601,15822,PASTUSA_SUPREMA,400.0,350.0,6300.0,18.0,12.5,0.11873974833053799
20250601,15835,PASTUSA_SUPREMA,250.0,240.0,6000.0,25.0,4.0000000000000036,0.11308547460051237
20250601,15837,PASTUSA_SUPREMA,330.0,120.0,3840.0,32.0,63.63636363636363,0.07237470374432792
20250601,15839,CRIOLLA,25.0,25.0,450.0,18.0,0.0,0.008481410595038428
20250601,15839,PASTUSA_SUPREMA,500.0,450.0,8550.0,19.0,9.999999999999998,0.16114680130573011
20250601,15842,CRIOLLA,12.0,12.0,180.0,15.0,0.0,0.003392564238015371
20250601,15842,PASTUSA_SUPREMA,1150.0,300.0,6000.0,20.0,73.91304347826086,0.11308547460051237
20250601,15861,CRIOLLA,60.0,62.0,1054.0,17.0,0.0,0.019865348371490007
20250601,15861,PASTUSA_SUPREMA,1600.0,2150.0,43000.0,20.0,0.0,0.810445901303672
20250601,15879,CRIOLLA,42.0,42.0,625.8,14.9,0.0,0.01179481500083344
20250601,15879,PASTUSA_SUPREMA,400.0,397.0,6352.0,16.0,0.7499999999999951,0.11971982244374242
20250601,17001,PASTUSA_SUPREMA,40.0,50.0,750.0,15.0,0.0,0.014135684325064046
20250601,17013,PASTUSA_SUPREMA,10.0,10.0,70.0,7.0,0.0,0.0013193305370059775
20250601,17446,CRIOLLA,6.0,6.0,60.0,10.0,0.0,0.0011308547460051237
20250601,17446,PASTUSA_SUPREMA,12.0,10.0,210.0,21.0,16.666666666666664,0.0039579916110179325
20250601,17541,PASTUSA_SUPREMA,32.0,30.0,633.0,21.1,6.25,0.011930517570354056
20250601,17653,PASTUSA_SUPREMA,70.0,60.0,960.0,16.0,14.28571428571429,0.01809367593608198
20250601,17873,PASTUSA_SUPREMA,30.0,0.0,0.0,0.0,100.0,0.0
20250601,19001,PASTUSA_SUPREMA,1.3,0.6,3.42,5.7,53.846153846153854,6.445872052229204e-05
20250601,19022,PASTUSA_SUPREMA,140.0,25.0,375.0,15.0,82.14285714285714,0.007067842162532023
20250601,19050,PASTUSA_SUPREMA,3.0,3.0,63.0,21.0,0.0,0.0011873974833053798
20250601,19100,CRIOLLA,21.0,0.0,0.0,0.0,100.0,0.0
20250601,19100,PASTUSA_SUPREMA,70.0,0.0,0.0,0.0,100.0,0.0
20250601,19212,CRIOLLA,1.0,1.0,5.0,5.0,0.0,9.423789550042697e-05
20250601,19355,PASTUSA_SUPREMA,75.0,0.0,0.0,0.0,100.0,0.0
20250601,19364,CRIOLLA,25.0,25.0,77.5,3.1,0.0,0.001460687380256618
20250601,19397,PASTUSA_SUPREMA,50.0,90.0,1350.0,15.0,0.0,0.025444231785115283
20250601,19517,PASTUSA_SUPREMA,85.0,80.0,960.0,12.0,5.882352941176472,0.01809367593608198
20250601,19585,PASTUSA_SUPREMA,510.0,700.0,11900.0,17.0,0.0,0.2242861912910162
20250601,19622,PASTUSA_SUPREMA,0.0,3.0,30.0,10.0,0.0,0.0005654273730025619
20250601,19693,PASTUSA_SUPREMA,890.0,564.0,12408.0,22.0,36.629213483146074,0.23386076147385956
20250601,19701,PASTUSA_SUPREMA,1.0,2.5,51.25,20.5,0.0,0.0009659384288793765
20250601,19743,PASTUSA_SUPREMA,190.0,100.0,1500.0,15.0,47.36842105263158,0.028271368650128092
20250601,19760,PASTUSA_SUPREMA,80.0,90.0,2070.0,23.0,0.0,0.039014488737176764
20250601,19824,CRIOLLA,190.0,100.0,2400.0,24.0,47.36842105263158,0.04523418984020495
20250601,19824,PASTUSA_SUPREMA,700.0,800.0,24000.0,30.0,0.0,0.45234189840204947
20250601,25019,PASTUSA_SUPREMA,8.0,10.0,180.0,18.0,0.0,0.003392564238015371
20250601,25053,PASTUSA_SUPREMA,27.0,24.0,360.0,15.0,11.111111111111116,0.006785128476030742
20250601,25099,CRIOLLA,160.0,50.0,750.0,15.0,68.75,0.014135684325064046
20250601,25099,PASTUSA_SUPREMA,220.0,0.0,0.0,0.0,100.0,0.0
20250601,25120,PASTUSA_SUPREMA,75.0,50.0,650.0,13.0,33.333333333333336,0.012250926415055506
20250601,25126,PASTUSA_SUPREMA,32.8,22.6,452.0,20.0,31.09756097560975,0.008519105753238599
20250601,25151,CRIOLLA,40.0,40.0,600.0,15.0,0.0,0.011308547460051237
20250601,25151,PASTUSA_SUPREMA,45.0,70.0,1540.0,22.0,0.0,0.029025271814131507
20250601,25154,CRIOLLA,35.0,35.0,560.0,16.0,0.0,0.01055464429604782
20250601,25154,PASTUSA_SUPREMA,800.0,0.0,0.0,0.0,100.0,0.0
20250601,25175,PASTUSA_SUPREMA,70.0,100.0,2200.0,22.0,0.0,0.041464674020187865
20250601,25178,CRIOLLA,15.0,15.0,270.0,18.0,0.0,0.005088846357023056
20250601,25178,PASTUSA_SUPREMA,60.0,38.0,1064.0,28.0,36.66666666666667,0.02005382416249086
20250601,25181,CRIOLLA,20.0,20.0,280.0,14.0,0.0,0.00527732214802391
20250601,25181,PASTUSA_SUPREMA,15.0,15.0,240.0,16.0,0.0,0.004523418984020495
20250601,25183,CRIOLLA,60.0,0.0,0.0,0.0,100.0,0.0
20250601,25183,PASTUSA_SUPREMA,1800.0,500.0,17500.0,35.0,72.22222222222221,0.3298326342514944
20250601,25200,PASTUSA_SUPREMA,300.0,420.0,8400.0,20.0,0.0,0.15831966444071732
20250601,25214,PASTUSA_SUPREMA,71.65,35.65,926.9,26.0,50.24424284717377,0.01746982106786915
20250601,25224,CRIOLLA,16.0,16.0,240.0,15.0,0.0,0.004523418984020495
20250601,25224,PASTUSA_SUPREMA,120.0,150.0,3150.0,21.0,0.0,0.059369874165268996
20250601,25260,CRIOLLA,10.0,20.0,500.0,25.0,0.0,0.009423789550042697
20250601,25260,PASTUSA_SUPREMA,200.0,300.0,9000.0,30.0,0.0,0.16962821190076854
20250601,25269,CRIOLLA,95.0,98.0,1666.0,17.0,0.0,0.03140006678074227
20250601,25269,PASTUSA_SUPREMA,385.0,350.0,6300.0,18.0,9.090909090909093,0.11873974833053799
20250601,25281,CRIOLLA,70.0,270.0,3780.0,14.0,0.0,0.0712438489983228
20250601,25281,PASTUSA_SUPREMA,100.0,270.0,5670.0,21.0,0.0,0.10686577349748419
20250601,25286,PASTUSA_SUPREMA,280.0,250.0,7000.0,28.0,10.71428571428571,0.13193305370059777
20250601,25288,CRIOLLA,8.0,5.0,90.0,18.0,37.5,0.0016962821190076856
20250601,25288,PASTUSA_SUPREMA,200.0,80.0,2000.0,25.0,60.0,0.03769515820017079
20250601,25293,PASTUSA_SUPREMA,2.0,2.0,28.0,14.0,0.0,0.0005277322148023911
20250601,25295,PASTUSA_SUPREMA,5.0,11.0,203.5,18.5,0.0,0.003835482346867378
20250601,25297,PASTUSA_SUPREMA,2.0,15.0,270.0,18.0,0.0,0.005088846357023056
20250601,25299,PASTUSA_SUPREMA,3.0,5.0,115.0,23.0,0.0,0.0021674715965098205
20250601,25312,CRIOLLA,28.0,28.0,420.0,15.0,0.0,0.007915983222035865
20250601,25312,PASTUSA_SUPREMA,80.0,80.0,1760.0,22.0,0.0,0.0331717392161503
20250601,25317,CRIOLLA,20.0,20.0,320.0,16.0,0.0,0.006031225312027326
20250601,25317,PASTUSA_SUPREMA,300.0,300.0,6000.0,20.0,0.0,0.11308547460051237
20250601,25322,CRIOLLA,23.0,23.0,322.0,14.0,0.0,0.006068920470227497
20250601,25322,PASTUSA_SUPREMA,145.0,135.0,2970.0,22.0,6.896551724137934,0.055977309927253624
20250601,25326,CRIOLLA,65.0,65.0,1105.0,17.0,0.0,0.02082657490559436
20250601,25326,PASTUSA_SUPREMA,1500.0,1600.0,52800.0,33.0,0.0,0.9951521764845088
20250601,25339,CRIOLLA,7.0,7.0,126.0,18.0,0.0,0.0023747949666107597
20250601,25339,PASTUSA_SUPREMA,10.0,59.0,1357.0,23.0,0.0,0.02557616483881588
20250601,25372,CRIOLLA,8.0,0.0,0.0,0.0,100.0,0.0
20250601,25372,PASTUSA_SUPREMA,80.0,0.0,0.0,0.0,100.0,0.0
20250601,25377,CRIOLLA,325.0,325.0,5850.0,18.0,0.0,0.11025833773549956
20250601,25377,PASTUSA_SUPREMA,1100.0,860.0,23220.0,27.0,21.818181818181813,0.4376407867039829
20250601,25407,CRIOLLA,30.0,30.0,510.0,17.0,0.0,0.009612265341043551
20250601,25407,PASTUSA_SUPREMA,500.0,500.0,12500.0,25.0,0.0,0.23559473875106743
20250601,25426,CRIOLLA,18.0,22.0,308.0,14.0,0.0,0.005805054362826302
20250601,25426,PASTUSA_SUPREMA,200.0,245.0,4410.0,18.0,0.0,0.08311782383137659
20250601,25430,PASTUSA_SUPREMA,644.0,638.6,14687.8,23.0,0.8385093167701863,0.2768294723062343
20250601,25436,PASTUSA_SUPREMA,31.0,29.0,522.0,18.0,6.451612903225811,0.009838436290244576
20250601,25473,PASTUSA_SUPREMA,230.0,230.0,6900.0,30.0,0.0,0.1300482957905892
20250601,25486,CRIOLLA,7.0,7.0,98.0,14.0,0.0,0.0018470627518083686
20250601,25486,PASTUSA_SUPREMA,30.0,0.0,0.0,0.0,100.0,0.0
20250601,25513,CRIOLLA,300.0,290.0,6090.0,21.0,3.3333333333333326,0.11478175671952005
20250601,25513,PASTUSA_SUPREMA,300.0,290.0,6670.0,23.0,3.3333333333333326,0.12571335259756958
20250601,25535,PASTUSA_SUPREMA,1200.0,1160.0,23200.0,20.0,3.3333333333333326,0.43726383512198114
20250601,25594,PASTUSA_SUPREMA,16.0,32.0,640.0,20.0,0.0,0.012062450624054652
20250601,25649,PASTUSA_SUPREMA,12.0,13.0,273.0,21.0,0.0,0.005145389094323312
20250601,25653,CRIOLLA,20.0,22.0,352.0,16.0,0.0,0.006634347843230059
20250601,25653,PASTUSA_SUPREMA,660.0,775.0,15500.0,20.0,0.0,0.2921374760513236
20250601,25736,CRIOLLA,55.0,30.0,810.0,27.0,45.45454545454546,0.01526653907106917
20250601,25736,PASTUSA_SUPREMA,1200.0,1300.0,50700.0,39.0,0.0,0.9555722603743295
20250601,25740,CRIOLLA,490.0,613.0,13486.0,22.0,0.0,0.25417845174375164
20250601,25740,PASTUSA_SUPREMA,968.0,775.0,17825.0,23.0,19.938016528925615,0.33595809745902216
20250601,25745,PASTUSA_SUPREMA,50.0,50.0,1300.0,26.0,0.0,0.024501852830111012
20250601,25754,CRIOLLA,65.3,65.3,391.8,6.0,0.0,0.007384481491413458
20250601,25754,PASTUSA_SUPREMA,500.2,480.2,2881.2,6.0,3.998400639744104,0.05430364490316604
20250601,25758,PASTUSA_SUPREMA,140.0,45.0,1507.5,33.5,67.85714285714286,0.028412725493378733
20250601,25769,CRIOLLA,115.0,115.0,2070.0,18.0,0.0,0.039014488737176764
20250601,25769,PASTUSA_SUPREMA,350.0,270.0,6750.0,25.0,22.857142857142854,0.12722115892557642
20250601,25772,CRIOLLA,30.0,28.0,504.0,18.0,6.666666666666665,0.009499179866443039
20250601,25772,PASTUSA_SUPREMA,800.0,1000.0,30000.0,30.0,0.0,0.5654273730025619
20250601,25779,CRIOLLA,28.0,28.0,448.0,16.0,0.0,0.008443715436838257
20250601,25779,PASTUSA_SUPREMA,120.0,160.0,3360.0,21.0,0.0,0.06332786577628692
20250601,25781,PASTUSA_SUPREMA,70.0,150.0,3000.0,20.0,0.0,0.056542737300256184
20250601,25785,CRIOLLA,11.0,10.0,170.0,17.0,9.090909090909093,0.003204088447014517
20250601,25785,PASTUSA_SUPREMA,107.0,80.0,2000.0,25.0,25.233644859813086,0.03769515820017079
20250601,25793,CRIOLLA,150.0,75.0,1350.0,18.0,50.0,0.025444231785115283
20250601,25793,PASTUSA_SUPREMA,7560.0,7300.0,182500.0,25.0,3.4391534391534417,3.4396831857655843
20250601,25799,PASTUSA_SUPREMA,610.0,400.0,10000.0,25.0,34.42622950819673,0.18847579100085396
20250601,25807,PASTUSA_SUPREMA,0.0,450.0,10800.0,24.0,0.0,0.20355385428092226
20250601,25817,PASTUSA_SUPREMA,30.0,30.0,1200.0,40.0,0.0,0.022617094920102474
20250601,25839,CRIOLLA,4.0,4.0,72.0,18.0,0.0,0.0013570256952061485
20250601,25839,PASTUSA_SUPREMA,4.0,4.0,88.0,22.0,0.0,0.0016585869608075148
20250601,25841,CRIOLLA,185.0,141.0,2679.0,19.0,23.783783783783786,0.05049266440912877
20250601,25841,PASTUSA_SUPREMA,325.0,250.0,4500.0,18.0,23.076923076923073,0.08481410595038427
20250601,25843,CRIOLLA,20.0,15.0,255.0,17.0,25.0,0.0048061326705217755
20250601,25843,PASTUSA_SUPREMA,560.0,600.0,15000.0,25.0,0.0,0.2827136865012809
20250601,25845,CRIOLLA,400.0,300.0,4500.0,15.0,25.0,0.08481410595038427
20250601,25845,PASTUSA_SUPREMA,850.0,1000.0,26000.0,26.0,0.0,0.49003705660222024
20250601,25873,CRIOLLA,30.0,30.0,570.0,19.0,0.0,0.010743120087048676
20250601,25873,PASTUSA_SUPREMA,12000.0,6500.0,208000.0,32.0,45.833333333333336,3.920296452817762
20250601,25898,CRIOLLA,95.0,95.0,1900.0,20.0,0.0,0.03581040029016225
20250601,25898,PASTUSA_SUPREMA,125.0,125.0,3875.0,31.0,0.0,0.0730343690128309
20250601,25899,CRIOLLA,130.0,60.0,1080.0,18.0,53.84615384615385,0.020355385428092225
20250601,25899,PASTUSA_SUPREMA,900.0,600.0,12000.0,20.0,33.333333333333336,0.22617094920102473
20250601,27099,PASTUSA_SUPREMA,5.0,2.5,2.5,1.0,50.0,4.7118947750213486e-05
20250601,41206,PASTUSA_SUPREMA,12.0,10.0,50.0,5.0,16.666666666666664,0.0009423789550042697
20250601,41359,PASTUSA_SUPREMA,3.5,1.5,10.5,7.0,57.14285714285714,0.00019789958055089663
20250601,41396,PASTUSA_SUPREMA,3.0,3.0,24.0,8.0,0.0,0.00045234189840204946
20250601,41668,PASTUSA_SUPREMA,3.0,3.0,12.0,4.0,0.0,0.00022617094920102473
20250601,52001,CRIOLLA,75.0,112.0,1792.0,16.0,0.0,0.03377486174735303
20250601,52001,PASTUSA_SUPREMA,4500.0,4400.0,88000.0,20.0,2.2222222222222254,1.6585869608075148
20250601,52022,PASTUSA_SUPREMA,80.0,200.0,4000.0,20.0,0.0,0.07539031640034158
20250601,52036,CRIOLLA,1.0,2.0,20.0,10.0,0.0,0.0003769515820017079
20250601,52036,PASTUSA_SUPREMA,14.0,12.0,180.0,15.0,14.28571428571429,0.003392564238015371
20250601,52083,PASTUSA_SUPREMA,13.0,7.0,105.0,15.0,46.15384615384615,0.0019789958055089663
20250601,52110,PASTUSA_SUPREMA,25.0,20.0,300.0,15.0,19.999999999999996,0.0056542737300256185
20250601,52210,PASTUSA_SUPREMA,450.0,520.0,14560.0,28.0,0.0,0.27442075169724334
20250601,52215,CRIOLLA,90.0,50.0,650.0,13.0,44.44444444444444,0.012250926415055506
20250601,52215,PASTUSA_SUPREMA,430.0,450.0,10350.0,23.0,0.0,0.19507244368588383
20250601,52224,CRIOLLA,35.0,45.0,675.0,15.0,0.0,0.012722115892557641
20250601,52224,PASTUSA_SUPREMA,500.0,450.0,9000.0,20.0,9.999999999999998,0.16962821190076854
20250601,52227,CRIOLLA,80.0,110.0,1100.0,10.0,0.0,0.020732337010093933
20250601,52227,PASTUSA_SUPREMA,500.0,554.0,11080.0,20.0,0.0,0.20883117642894616
20250601,52240,PASTUSA_SUPREMA,0.5,8.0,48.0,6.0,0.0,0.0009046837968040989
20250601,52258,PASTUSA_SUPREMA,7.5,8.0,96.0,12.0,0.0,0.0018093675936081978
20250601,52260,PASTUSA_SUPREMA,0.0,5.0,100.0,20.0,0.0,0.0018847579100085394
20250601,52287,PASTUSA_SUPREMA,12.0,10.0,120.0,12.0,16.666666666666664,0.0022617094920102474
20250601,52317,CRIOLLA,16.0,23.0,276.0,12.0,0.0,0.0052019318316235685
20250601,52317,PASTUSA_SUPREMA,250.0,280.0,5880.0,21.0,0.0,0.11082376510850211
20250601,52320,CRIOLLA,35.0,0.0,0.0,0.0,100.0,0.0
20250601,52320,PASTUSA_SUPREMA,70.0,180.0,5400.0,30.0,0.0,0.10177692714046113
20250601,52323,CRIOLLA,15.0,23.0,230.0,10.0,0.0,0.004334943193019641
20250601,52323,PASTUSA_SUPREMA,470.0,300.0,7500.0,25.0,36.170212765957444,0.14135684325064046
20250601,52352,CRIOLLA,40.0,20.0,240.0,12.0,50.0,0.004523418984020495
20250601,52352,PASTUSA_SUPREMA,90.0,126.0,2772.0,22.0,0.0,0.05224548926543671
20250601,52354,CRIOLLA,35.0,18.0,225.0,12.5,48.57142857142858,0.004240705297519214
20250601,52354,PASTUSA_SUPREMA,300.0,300.0,6600.0,22.0,0.0,0.1243940220605636
20250601,52356,CRIOLLA,20.0,20.0,180.0,9.0,0.0,0.003392564238015371
20250601,52356,PASTUSA_SUPREMA,1000.0,900.0,16200.0,18.0,9.999999999999998,0.30533078142138337
20250601,52378,PASTUSA_SUPREMA,62.0,72.0,1440.0,20.0,0.0,0.02714051390412297
20250601,52381,CRIOLLA,2.5,4.5,45.0,10.0,0.0,0.0008481410595038428
20250601,52381,PASTUSA_SUPREMA,5.0,5.0,70.0,14.0,0.0,0.0013193305370059775
20250601,52385,PASTUSA_SUPREMA,2.0,0.0,0.0,0.0,100.0,0.0
20250601,52418,PASTUSA_SUPREMA,2.0,0.0,0.0,0.0,100.0,0.0
20250601,52435,PASTUSA_SUPREMA,75.0,80.0,800.0,10.0,0.0,0.015078063280068315
20250601,52480,CRIOLLA,2.0,2.0,22.0,11.0,0.0,0.0004146467402018787
20250601,52480,PASTUSA_SUPREMA,1.5,6.0,72.0,12.0,0.0,0.0013570256952061485
20250601,52506,CRIOLLA,5.0,5.0,75.0,15.0,0.0,0.0014135684325064046
20250601,52506,PASTUSA_SUPREMA,300.0,1000.0,28000.0,28.0,0.0,0.5277322148023911
20250601,52560,CRIOLLA,300.0,250.0,3250.0,13.0,16.666666666666664,0.06125463207527753
20250601,52560,PASTUSA_SUPREMA,2300.0,2350.0,63450.0,27.0,0.0,1.1958788939004183
20250601,52565,CRIOLLA,23.0,0.0,0.0,0.0,100.0,0.0
20250601,52565,PASTUSA_SUPREMA,75.0,40.0,880.0,22.0,46.666666666666664,0.01658586960807515
20250601,52573,CRIOLLA,65.0,65.0,780.0,12.0,0.0,0.014701111698066607
20250601,52573,PASTUSA_SUPREMA,190.0,168.0,3192.0,19.0,11.578947368421055,0.06016147248747258
20250601,52585,CRIOLLA,80.0,25.0,400.0,16.0,68.75,0.0075390316400341575
20250601,52585,PASTUSA_SUPREMA,1880.0,1830.0,45750.0,25.0,2.659574468085102,0.8622767438289068
20250601,52678,PASTUSA_SUPREMA,10.0,20.0,300.0,15.0,0.0,0.0056542737300256185
20250601,52683,CRIOLLA,1.0,1.0,13.0,13.0,0.0,0.0002450185283011101
20250601,52683,PASTUSA_SUPREMA,2.0,1.0,18.0,18.0,50.0,0.0003392564238015371
20250601,52685,PASTUSA_SUPREMA,5.0,6.0,72.0,12.0,0.0,0.0013570256952061485
20250601,52693,PASTUSA_SUPREMA,17.0,3.0,36.0,12.0,82.35294117647058,0.0006785128476030742
20250601,52699,PASTUSA_SUPREMA,15.0,12.0,216.0,18.0,19.999999999999996,0.004071077085618445
20250601,52720,CRIOLLA,15.0,18.0,216.0,12.0,0.0,0.004071077085618445
20250601,52720,PASTUSA_SUPREMA,600.0,400.0,8000.0,20.0,33.333333333333336,0.15078063280068316
20250601,52788,PASTUSA_SUPREMA,300.0,340.0,7820.0,23.0,0.0,0.14738806856266778
20250601,52838,CRIOLLA,300.0,300.0,5400.0,18.0,0.0,0.10177692714046113
20250601,52838,PASTUSA_SUPREMA,3000.0,2650.0,66250.0,25.0,11.66666666666667,1.2486521153806573
20250601,52885,CRIOLLA,10.0,13.0,195.0,15.0,0.0,0.003675277924516652
20250601,52885,PASTUSA_SUPREMA,350.0,300.0,6000.0,20.0,14.28571428571429,0.11308547460051237
20250601,54125,CRIOLLA,45.0,45.0,990.0,22.0,0.0,0.01865910330908454
20250601,54125,PASTUSA_SUPREMA,80.0,60.0,1440.0,24.0,25.0,0.02714051390412297
20250601,54172,PASTUSA_SUPREMA,1.0,0.0,0.0,0.0,100.0,0.0
20250601,54174,CRIOLLA,90.0,85.0,1020.0,12.0,5.555555555555558,0.019224530682087102
20250601,54174,PASTUSA_SUPREMA,1300.0,955.0,14325.0,15.0,26.538461538461533,0.26999157060872325
20250601,54347,CRIOLLA,5.0,5.0,72.5,14.5,0.0,0.0013664494847561912
20250601,54347,PASTUSA_SUPREMA,6.0,6.0,96.0,16.0,0.0,0.0018093675936081978
20250601,54377,PASTUSA_SUPREMA,10.0,6.0,90.0,15.0,40.0,0.0016962821190076856
20250601,54480,CRIOLLA,90.6,150.6,3012.0,20.0,0.0,0.05676890824945721
20250601,54480,PASTUSA_SUPREMA,120.0,60.0,1440.0,24.0,50.0,0.02714051390412297
20250601,54518,CRIOLLA,107.0,107.0,1391.0,13.0,0.0,0.026216982528218784
20250601,54518,PASTUSA_SUPREMA,180.0,155.0,2325.0,15.0,13.888888888888884,0.043820621407698546
20250601,54743,CRIOLLA,295.0,338.0,6760.0,20.0,0.0,0.12740963471657726
20250601,54743,PASTUSA_SUPREMA,1751.0,614.0,12280.0,20.0,64.93432324386066,0.23144827134904863
20250601,68013,PASTUSA_SUPREMA,2.0,0.0,0.0,0.0,100.0,0.0
20250601,68020,PASTUSA_SUPREMA,35.0,60.5,1089.0,18.0,0.0,0.020525013639992994
20250601,68101,PASTUSA_SUPREMA,36.0,25.0,550.0,22.0,30.555555555555557,0.010366168505046966
20250601,68132,CRIOLLA,2.0,2.0,18.0,9.0,0.0,0.0003392564238015371
20250601,68132,PASTUSA_SUPREMA,4.0,4.0,48.0,12.0,0.0,0.0009046837968040989
20250601,68152,PASTUSA_SUPREMA,820.0,400.0,6400.0,16.0,51.21951219512195,0.12062450624054652
20250601,68162,PASTUSA_SUPREMA,1000.0,500.0,14000.0,28.0,50.0,0.26386610740119554
20250601,68207,CRIOLLA,20.0,18.0,234.0,13.0,9.999999999999998,0.0044103335094199825
20250601,68207,PASTUSA_SUPREMA,100.0,0.0,0.0,0.0,100.0,0.0
20250601,68264,PASTUSA_SUPREMA,22.0,24.0,144.0,6.0,0.0,0.002714051390412297
20250601,68271,PASTUSA_SUPREMA,3.0,0.0,0.0,0.0,100.0,0.0
20250601,68298,PASTUSA_SUPREMA,10.0,8.0,56.0,7.0,19.999999999999996,0.0010554644296047822
20250601,68318,CRIOLLA,40.0,47.0,940.0,20.0,0.0,0.01771672435408027
20250601,68318,PASTUSA_SUPREMA,500.0,250.0,5250.0,21.0,50.0,0.09894979027544833
20250601,68368,PASTUSA_SUPREMA,2.0,2.0,32.0,16.0,0.0,0.0006031225312027326
20250601,68377,PASTUSA_SUPREMA,4.0,5.0,132.5,26.5,0.0,0.0024973042307613147
20250601,68432,CRIOLLA,4.0,3.5,80.5,23.0,12.5,0.0015172301175568742
20250601,68432,PASTUSA_SUPREMA,8.0,7.7,215.6,28.0,3.749999999999998,0.004063538053978411
20250601,68468,PASTUSA_SUPREMA,10.0,8.0,160.0,20.0,19.999999999999996,0.003015612656013663
20250601,68502,PASTUSA_SUPREMA,15.0,45.0,675.0,15.0,0.0,0.012722115892557641
20250601,68572,PASTUSA_SUPREMA,24.0,20.0,300.0,15.0,16.666666666666664,0.0056542737300256185
20250601,68669,PASTUSA_SUPREMA,42.0,25.0,500.0,20.0,40.476190476190474,0.009423789550042697
20250601,68682,CRIOLLA,2.0,1.0,6.0,6.0,50.0,0.00011308547460051237
20250601,68682,PASTUSA_SUPREMA,3.0,0.0,0.0,0.0,100.0,0.0
20250601,68705,PASTUSA_SUPREMA,5.0,0.0,0.0,0.0,100.0,0.0
20250601,68773,PASTUSA_SUPREMA,5.0,2.5,37.5,15.0,50.0,0.0007067842162532023
20250601,68820,PASTUSA_SUPREMA,820.0,0.0,0.0,0.0,100.0,0.0
20250601,68861,PASTUSA_SUPREMA,90.0,84.0,2940.0,35.0,6.666666666666665,0.05541188255425106
20250601,68867,CRIOLLA,0.25,0.0,0.0,0.0,100.0,0.0
20250601,68867,PASTUSA_SUPREMA,2.0,7.0,140.0,20.0,0.0,0.002638661074011955
20250601,73043,PASTUSA_SUPREMA,95.0,99.0,1504.8,15.2,0.0,0.0283618370298085
20250601,73124,CRIOLLA,12.0,12.0,150.0,12.5,0.0,0.0028271368650128093
20250601,73124,PASTUSA_SUPREMA,18.0,18.0,243.0,13.5,0.0,0.004579961721320751
20250601,73152,PASTUSA_SUPREMA,250.0,225.0,3825.0,17.0,9.999999999999998,0.07209199005782664
20250601,73347,PASTUSA_SUPREMA,200.0,200.0,3640.0,18.2,0.0,0.06860518792431083
20250601,73461,CRIOLLA,6.0,20.0,120.0,6.0,0.0,0.0022617094920102474
20250601,73461,PASTUSA_SUPREMA,7.0,121.0,1210.0,10.0,0.0,0.022805570711103326
20250601,73622,CRIOLLA,52.0,50.0,750.0,15.0,3.8461538461538436,0.014135684325064046
20250601,73622,PASTUSA_SUPREMA,80.0,77.0,1694.0,22.0,3.749999999999998,0.03192779899554466
20250601,73686,CRIOLLA,1.5,1.5,18.0,12.0,0.0,0.0003392564238015371
20250601,73686,PASTUSA_SUPREMA,120.0,120.0,1440.0,12.0,0.0,0.02714051390412297
20250601,73870,PASTUSA_SUPREMA,25.0,25.0,175.0,7.0,0.0,0.0032983263425149442
20250601,76111,PASTUSA_SUPREMA,15.0,15.0,225.0,15.0,0.0,0.004240705297519214
20250601,76736,PASTUSA_SUPREMA,30.0,30.0,390.0,13.0,0.0,0.007350555849033304
20250601,76834,PASTUSA_SUPREMA,235.0,250.0,4250.0,17.0,0.0,0.08010221117536293
20250601,86749,PASTUSA_SUPREMA,1.0,0.0,0.0,0.0,100.0,0.0
20250601,86755,PASTUSA_SUPREMA,2.0,1.0,10.0,10.0,50.0,0.00018847579100085394
20250601,86760,PASTUSA_SUPREMA,6.5,6.2,86.8,14.0,4.61538461538461,0.0016359698658874123
20251201,05001,PASTUSA_SUPREMA,38.0,63.0,1008.0,16.0,0.0,0.018998359732886078
20251201,05002,PASTUSA_SUPREMA,85.0,84.0,840.0,10.0,1.17647058823529,0.01583196644407173
20251201,05004,CRIOLLA,0.8,0.8,1.6,2.0,0.0,3.0156126560136632e-05
20251201,05004,PASTUSA_SUPREMA,1.0,1.0,2.5,2.5,0.0,4.7118947750213486e-05
20251201,05079,PASTUSA_SUPREMA,9.0,19.0,161.5,8.5,0.0,0.003043884024663791
20251201,05086,CRIOLLA,20.0,0.0,0.0,0.0,100.0,0.0
20251201,05086,PASTUSA_SUPREMA,400.0,400.0,4000.0,10.0,0.0,0.07539031640034158
20251201,05088,PASTUSA_SUPREMA,52.0,43.5,783.0,18.0,16.346153846153843,0.014757654435366864
20251201,05093,CRIOLLA,0.0,4.0,12.0,3.0,0.0,0.00022617094920102473
20251201,05148,CRIOLLA,200.0,200.0,3600.0,18.0,0.0,0.06785128476030743
20251201,05148,PASTUSA_SUPREMA,190.0,190.0,3420.0,18.0,0.0,0.06445872052229205
20251201,05206,PASTUSA_SUPREMA,36.0,25.0,375.0,15.0,30.555555555555557,0.007067842162532023
20251201,05237,CRIOLLA,0.0,2.68,26.8,10.0,0.0,0.0005051151198822885
20251201,05237,PASTUSA_SUPREMA,52.0,48.0,960.0,20.0,7.692307692307687,0.01809367593608198
20251201,05264,PASTUSA_SUPREMA,350.0,400.0,12000.0,30.0,0.0,0.22617094920102473
20251201,05266,CRIOLLA,3.82,10.4,132.08,12.7,0.0,0.002489388247539279
20251201,05266,PASTUSA_SUPREMA,2.85,10.44,64.73,6.2,0.0,0.0012200037951485276
20251201,05308,CRIOLLA,5.0,7.5,37.5,5.0,0.0,0.0007067842162532023
20251201,05308,PASTUSA_SUPREMA,5.0,10.0,80.0,8.0,0.0,0.0015078063280068315
20251201,05313,CRIOLLA,1.0,1.0,13.0,13.0,0.0,0.0002450185283011101
20251201,05313,PASTUSA_SUPREMA,7.0,7.0,112.0,16.0,0.0,0.0021109288592095644
20251201,05318,PASTUSA_SUPREMA,22.0,10.0,120.0,12.0,54.54545454545454,0.0022617094920102474
20251201,05376,PASTUSA_SUPREMA,30.0,30.0,480.0,16.0,0.0,0.00904683796804099
20251201,05400,CRIOLLA,117.0,109.41,1345.74,12.3,6.487179487179495,0.02536394109814892
20251201,05400,PASTUSA_SUPREMA,691.0,958.5,16869.6,17.6,0.0,0.31795112038680057
20251201,05440,CRIOLLA,35.0,34.0,272.0,8.0,2.857142857142858,0.005126541515223227
20251201,05440,PASTUSA_SUPREMA,215.0,213.0,1704.0,8.0,0.9302325581395321,0.03211627478654551
20251201,05541,PASTUSA_SUPREMA,17.0,15.0,210.0,14.0,11.764705882352944,0.0039579916110179325
20251201,05607,PASTUSA_SUPREMA,0.0,10.0,100.0,10.0,0.0,0.0018847579100085394
20251201,05615,PASTUSA_SUPREMA,10.0,10.0,135.0,13.5,0.0,0.002544423178511528
20251201,05658,PASTUSA_SUPREMA,32.0,34.0,850.0,25.0,0.0,0.016020442235072586
20251201,05664,CRIOLLA,45.0,42.0,420.0,10.0,6.666666666666665,0.007915983222035865
20251201,05664,PASTUSA_SUPREMA,422.0,409.0,16360.0,40.0,3.080568720379151,0.30834639407739706
20251201,05674,PASTUSA_SUPREMA,600.0,545.0,11990.0,22.0,9.166666666666668,0.2259824734100239
20251201,05686,CRIOLLA,6.5,13.0,156.0,12.0,0.0,0.0029402223396133216
20251201,05686,PASTUSA_SUPREMA,500.0,800.0,40000.0,50.0,0.0,0.7539031640034158
20251201,05697,CRIOLLA,85.0,60.0,720.0,12.0,29.411764705882348,0.013570256952061484
20251201,05697,PASTUSA_SUPREMA,70.0,50.0,900.0,18.0,28.57142857142857,0.016962821190076856
20251201,05756,CRIOLLA,95.0,94.0,1222.0,13.0,1.0526315789473717,0.02303174166030435
20251201,05756,PASTUSA_SUPREMA,60.0,59.0,944.0,16.0,1.6666666666666718,0.017792114670480613
20251201,05847,CRIOLLA,6.0,6.0,48.0,8.0,0.0,0.0009046837968040989
20251201,05847,PASTUSA_SUPREMA,5.0,6.0,108.0,18.0,0.0,0.0020355385428092224
20251201,05887,PASTUSA_SUPREMA,96.4,184.0,8280.0,45.0,0.0,0.15605795494870706
20251201,15001,CRIOLLA,200.0,380.0,3800.0,10.0,0.0,0.0716208005803245
20251201,15001,PASTUSA_SUPREMA,1600.0,2730.0,70980.0,26.0,0.0,1.3378011645240613
20251201,15022,PASTUSA_SUPREMA,9.0,5.0,45.0,9.0,44.44444444444444,0.0008481410595038428
20251201,15047,CRIOLLA,5.0,3.0,24.0,8.0,40.0,0.00045234189840204946
20251201,15047,PASTUSA_SUPREMA,40.0,40.0,800.0,20.0,0.0,0.015078063280068315
20251201,15051,PASTUSA_SUPREMA,600.0,0.0,0.0,0.0,100.0,0.0
20251201,15087,CRIOLLA,100.0,110.0,1320.0,12.0,0.0,0.02487880441211272
20251201,15087,PASTUSA_SUPREMA,285.0,290.0,5220.0,18.0,0.0,0.09838436290244576
20251201,15092,CRIOLLA,4.0,0.0,0.0,0.0,100.0,0.0
20251201,15092,PASTUSA_SUPREMA,7.0,22.0,352.0,16.0,0.0,0.006634347843230059
20251201,15104,CRIOLLA,60.0,80.0,1360.0,17.0,0.0,0.025632707576116135
20251201,15104,PASTUSA_SUPREMA,150.0,300.0,6000.0,20.0,0.0,0.11308547460051237
20251201,15109,CRIOLLA,7.0,7.0,91.0,13.0,0.0,0.001715129698107771
20251201,15109,PASTUSA_SUPREMA,23.0,22.0,418.0,19.0,4.347826086956519,0.007878288063835694
20251201,15114,PASTUSA_SUPREMA,10.0,10.0,200.0,20.0,0.0,0.0037695158200170787
20251201,15131,CRIOLLA,70.0,130.0,1690.0,13.0,0.0,0.031852408679144316
20251201,15131,PASTUSA_SUPREMA,130.0,120.0,2160.0,18.0,7.692307692307687,0.04071077085618445
20251201,15162,CRIOLLA,0.0,5.0,50.0,10.0,0.0,0.0009423789550042697
20251201,15162,PASTUSA_SUPREMA,45.0,25.0,450.0,18.0,44.44444444444444,0.008481410595038428
20251201,15172,PASTUSA_SUPREMA,5.0,6.0,78.0,13.0,0.0,0.0014701111698066608
20251201,15176,CRIOLLA,50.0,40.0,640.0,16.0,19.999999999999996,0.012062450624054652
20251201,15176,PASTUSA_SUPREMA,350.0,400.0,10000.0,25.0,0.0,0.18847579100085396
20251201,15180,PASTUSA_SUPREMA,130.0,95.0,1710.0,18.0,26.923076923076927,0.03222936026114603
20251201,15183,PASTUSA_SUPREMA,340.0,330.0,4950.0,15.0,2.941176470588236,0.0932955165454227
20251201,15187,PASTUSA_SUPREMA,70.0,190.0,5510.0,29.0,0.0,0.10385016084147053
20251201,15189,CRIOLLA,3.0,2.8,33.6,12.0,6.666666666666677,0.0006332786577628693
20251201,15189,PASTUSA_SUPREMA,250.0,248.0,4712.0,19.0,0.8000000000000007,0.08880979271960238
20251201,15204,PASTUSA_SUPREMA,450.0,520.0,10920.0,21.0,0.0,0.2058155637729325
20251201,15215,PASTUSA_SUPREMA,1.0,1.0,20.0,20.0,0.0,0.0003769515820017079
20251201,15224,PASTUSA_SUPREMA,100.0,100.0,2500.0,25.0,0.0,0.04711894775021349
20251201,15226,CRIOLLA,3.0,3.0,48.0,16.0,0.0,0.0009046837968040989
20251201,15226,PASTUSA_SUPREMA,34.0,30.0,840.0,28.0,11.764705882352944,0.01583196644407173
20251201,15232,CRIOLLA,8.0,8.0,80.0,10.0,0.0,0.0015078063280068315
20251201,15232,PASTUSA_SUPREMA,700.0,660.0,13200.0,20.0,5.714285714285716,0.2487880441211272
20251201,15236,PASTUSA_SUPREMA,0.5,0.9,14.4,16.0,0.0,0.0002714051390412297
20251201,15238,CRIOLLA,2.0,2.0,37.6,18.8,0.0,0.0007086689741632108
20251201,15238,PASTUSA_SUPREMA,10.0,20.0,400.0,20.0,0.0,0.0075390316400341575
20251201,15244,PASTUSA_SUPREMA,120.0,190.0,2470.0,13.0,0.0,0.04655352037721092
20251201,15248,PASTUSA_SUPREMA,4.2,11.0,88.0,8.0,0.0,0.0016585869608075148
20251201,15272,PASTUSA_SUPREMA,30.0,106.0,1908.0,18.0,0.0,0.03596118092296293
20251201,15276,PASTUSA_SUPREMA,10.0,0.0,0.0,0.0,100.0,0.0
20251201,15293,PASTUSA_SUPREMA,30.0,30.0,600.0,20.0,0.0,0.011308547460051237
20251201,15296,PASTUSA_SUPREMA,180.0,430.0,6450.0,15.0,0.0,0.1215668851955508
20251201,15299,PASTUSA_SUPREMA,2.0,3.0,24.0,8.0,0.0,0.00045234189840204946
20251201,15317,PASTUSA_SUPREMA,30.0,9.0,81.0,9.0,70.0,0.001526653907106917
20251201,15332,CRIOLLA,3.0,3.0,36.0,12.0,0.0,0.0006785128476030742
20251201,15332,PASTUSA_SUPREMA,25.0,40.0,720.0,18.0,0.0,0.013570256952061484
20251201,15362,PASTUSA_SUPREMA,10.0,23.0,460.0,20.0,0.0,0.008669886386039282
20251201,15367,PASTUSA_SUPREMA,350.0,300.0,6600.0,22.0,14.28571428571429,0.1243940220605636
20251201,15368,PASTUSA_SUPREMA,250.0,350.0,7000.0,20.0,0.0,0.13193305370059777
20251201,15377,PASTUSA_SUPREMA,10.0,4.0,38.0,9.5,60.0,0.000716208005803245
20251201,15403,CRIOLLA,5.0,5.5,82.5,15.0,0.0,0.001554925275757045
20251201,15403,PASTUSA_SUPREMA,10.0,20.0,500.0,25.0,0.0,0.009423789550042697
20251201,15407,PASTUSA_SUPREMA,114.0,145.0,3190.0,22.0,0.0,0.06012377732927241
20251201,15425,PASTUSA_SUPREMA,1.0,8.0,96.0,12.0,0.0,0.0018093675936081978
20251201,15442,CRIOLLA,2.0,2.0,34.0,17.0,0.0,0.0006408176894029034
20251201,15442,PASTUSA_SUPREMA,10.0,9.0,171.0,19.0,9.999999999999998,0.0032229360261146023
20251201,15464,PASTUSA_SUPREMA,67.0,66.5,1562.75,23.5,0.7462686567164201,0.02945405423865845
20251201,15466,CRIOLLA,5.0,6.0,60.0,10.0,0.0,0.0011308547460051237
20251201,15466,PASTUSA_SUPREMA,50.0,40.0,800.0,20.0,19.999999999999996,0.015078063280068315
20251201,15476,CRIOLLA,5.0,5.0,50.0,10.0,0.0,0.0009423789550042697
20251201,15476,PASTUSA_SUPREMA,750.0,1000.0,40000.0,40.0,0.0,0.7539031640034158
20251201,15491,PASTUSA_SUPREMA,5.0,2.0,50.0,25.0,60.0,0.0009423789550042697
20251201,15494,PASTUSA_SUPREMA,120.0,160.0,3520.0,22.0,0.0,0.0663434784323006
20251201,15500,PASTUSA_SUPREMA,8.0,7.0,140.0,20.0,12.5,0.002638661074011955
20251201,15511,PASTUSA_SUPREMA,14.0,9.2,134.32,14.6,34.285714285714285,0.00253160682472347
20251201,15516,PASTUSA_SUPREMA,85.0,81.0,1620.0,20.0,4.705882352941182,0.03053307814213834
20251201,15518,CRIOLLA,1.0,0.8,7.6,9.5,19.999999999999996,0.000143241601160649
20251201,15522,PASTUSA_SUPREMA,10.0,13.0,260.0,20.0,0.0,0.0049003705660222024
20251201,15531,CRIOLLA,10.0,9.0,63.0,7.0,9.999999999999998,0.0011873974833053798
20251201,15531,PASTUSA_SUPREMA,20.0,18.0,252.0,14.0,9.999999999999998,0.004749589933221519
20251201,15537,PASTUSA_SUPREMA,29.0,29.0,638.0,22.0,0.0,0.012024755465854482
20251201,15542,PASTUSA_SUPREMA,160.0,148.0,3256.0,22.0,7.499999999999996,0.06136771754987805
20251201,15599,CRIOLLA,15.0,15.0,270.0,18.0,0.0,0.005088846357023056
20251201,15599,PASTUSA_SUPREMA,100.0,190.0,6460.0,34.0,0.0,0.12175536098655165
20251201,15600,PASTUSA_SUPREMA,210.0,190.0,2850.0,15.0,9.523809523809524,0.05371560043524337
20251201,15621,PASTUSA_SUPREMA,4.0,6.0,84.0,14.0,0.0,0.001583196644407173
20251201,15632,CRIOLLA,422.0,372.0,4464.0,12.0,11.848341232227488,0.0841355931027812
20251201,15632,PASTUSA_SUPREMA,1980.0,2082.0,41640.0,20.0,0.0,0.7848131937275559
20251201,15646,PASTUSA_SUPREMA,750.0,680.0,14960.0,22.0,9.333333333333337,0.2819597833372775
20251201,15676,PASTUSA_SUPREMA,3.0,3.0,60.0,20.0,0.0,0.0011308547460051237
20251201,15693,CRIOLLA,3.2,3.2,48.0,15.0,0.0,0.0009046837968040989
20251201,15693,PASTUSA_SUPREMA,40.0,40.0,700.0,17.5,0.0,0.013193305370059777
20251201,15696,PASTUSA_SUPREMA,20.0,0.0,0.0,0.0,100.0,0.0
20251201,15720,PASTUSA_SUPREMA,40.0,30.0,600.0,20.0,25.0,0.011308547460051237
20251201,15723,PASTUSA_SUPREMA,10.0,10.0,150.0,15.0,0.0,0.0028271368650128093
20251201,15740,CRIOLLA,40.0,40.0,480.0,12.0,0.0,0.00904683796804099
20251201,15740,PASTUSA_SUPREMA,3700.0,3500.0,112000.0,32.0,5.405405405405405,2.1109288592095643
20251201,15753,PASTUSA_SUPREMA,4.5,18.0,324.0,18.0,0.0,0.006106615628427668
20251201,15755,CRIOLLA,3.0,3.0,36.0,12.0,0.0,0.0006785128476030742
20251201,15755,PASTUSA_SUPREMA,200.0,360.0,6480.0,18.0,0.0,0.12213231256855336
20251201,15757,PASTUSA_SUPREMA,12.5,18.0,378.0,21.0,0.0,0.007124384899832279
20251201,15759,CRIOLLA,2.0,2.0,24.0,12.0,0.0,0.00045234189840204946
20251201,15759,PASTUSA_SUPREMA,180.0,190.0,4750.0,25.0,0.0,0.08952600072540562
20251201,15761,CRIOLLA,15.0,15.0,247.5,16.5,0.0,0.004664775827271135
20251201,15761,PASTUSA_SUPREMA,50.0,35.0,980.0,28.0,30.000000000000004,0.018470627518083687
20251201,15762,PASTUSA_SUPREMA,60.0,100.0,3000.0,30.0,0.0,0.056542737300256184
20251201,15763,PASTUSA_SUPREMA,460.0,480.0,10560.0,22.0,0.0,0.19903043529690176
20251201,15764,CRIOLLA,400.0,390.0,5850.0,15.0,2.500000000000002,0.11025833773549956
20251201,15764,PASTUSA_SUPREMA,500.0,690.0,20700.0,30.0,0.0,0.39014488737176767
20251201,15774,PASTUSA_SUPREMA,80.0,250.0,6250.0,25.0,0.0,0.11779736937553371
20251201,15776,PASTUSA_SUPREMA,80.0,76.0,1216.0,16.0,5.000000000000004,0.02291865618570384
20251201,15790,CRIOLLA,5.0,5.0,50.0,10.0,0.0,0.0009423789550042697
20251201,15790,PASTUSA_SUPREMA,25.0,50.0,950.0,19.0,0.0,0.017905200145081124
20251201,15804,PASTUSA_SUPREMA,76.0,180.0,3330.0,18.5,0.0,0.06276243840328437
20251201,15806,PASTUSA_SUPREMA,10.0,30.0,840.0,28.0,0.0,0.01583196644407173
20251201,15808,CRIOLLA,2.0,2.0,14.0,7.0,0.0,0.00026386610740119555
20251201,15808,PASTUSA_SUPREMA,8.0,10.0,250.0,25.0,0.0,0.004711894775021349
20251201,15810,CRIOLLA,1.0,1.0,15.0,15.0,0.0,0.0002827136865012809
20251201,15810,PASTUSA_SUPREMA,0.75,0.5,7.5,15.0,33.333333333333336,0.00014135684325064046
20251201,15814,PASTUSA_SUPREMA,1500.0,1450.0,29000.0,20.0,3.3333333333333326,0.5465797939024765
20251201,15816,CRIOLLA,5.0,5.0,50.0,10.0,0.0,0.0009423789550042697
20251201,15816,PASTUSA_SUPREMA,4.0,5.0,70.0,14.0,0.0,0.0013193305370059775
20251201,15820,PASTUSA_SUPREMA,19.0,20.0,320.0,16.0,0.0,0.006031225312027326
20251201,15822,PASTUSA_SUPREMA,100.0,300.0,5400.0,18.0,0.0,0.10177692714046113
20251201,15835,PASTUSA_SUPREMA,220.0,248.0,6200.0,25.0,0.0,0.11685499042052945
20251201,15837,PASTUSA_SUPREMA,160.0,300.0,9600.0,32.0,0.0,0.1809367593608198
20251201,15839,CRIOLLA,35.0,35.0,560.0,16.0,0.0,0.01055464429604782
20251201,15839,PASTUSA_SUPREMA,470.0,500.0,8500.0,17.0,0.0,0.16020442235072585
20251201,15842,CRIOLLA,5.0,5.0,40.0,8.0,0.0,0.0007539031640034158
20251201,15842,PASTUSA_SUPREMA,600.0,1150.0,23000.0,20.0,0.0,0.4334943193019641
20251201,15861,CRIOLLA,55.0,60.0,1020.0,17.0,0.0,0.019224530682087102
20251201,15861,PASTUSA_SUPREMA,2000.0,1590.0,34980.0,22.0,20.499999999999996,0.6592883169209871
20251201,15879,CRIOLLA,33.0,33.0,491.7,14.9,0.0,0.009267354643511989
20251201,15879,PASTUSA_SUPREMA,520.0,520.0,8840.0,17.0,0.0,0.16661259924475488
20251201,17001,PASTUSA_SUPREMA,40.0,40.0,600.0,15.0,0.0,0.011308547460051237
20251201,17013,PASTUSA_SUPREMA,10.0,10.0,70.0,7.0,0.0,0.0013193305370059775
20251201,17446,CRIOLLA,6.0,6.0,60.0,10.0,0.0,0.0011308547460051237
20251201,17446,PASTUSA_SUPREMA,11.0,12.0,252.0,21.0,0.0,0.004749589933221519
20251201,17541,PASTUSA_SUPREMA,35.0,34.0,737.8,21.7,2.857142857142858,0.013905743860043004
20251201,17653,PASTUSA_SUPREMA,50.0,70.0,1120.0,16.0,0.0,0.02110928859209564
20251201,17873,PASTUSA_SUPREMA,25.0,30.0,600.0,20.0,0.0,0.011308547460051237
20251201,19001,PASTUSA_SUPREMA,0.8,1.3,5.85,4.5,0.0,0.00011025833773549956
20251201,19022,PASTUSA_SUPREMA,125.0,140.0,2100.0,15.0,0.0,0.03957991611017933
20251201,19050,PASTUSA_SUPREMA,3.0,3.0,63.0,21.0,0.0,0.0011873974833053798
20251201,19100,CRIOLLA,0.0,21.0,252.0,12.0,0.0,0.004749589933221519
20251201,19100,PASTUSA_SUPREMA,0.0,70.0,1400.0,20.0,0.0,0.026386610740119554
20251201,19355,PASTUSA_SUPREMA,4.0,75.0,750.0,10.0,0.0,0.014135684325064046
20251201,19364,CRIOLLA,20.0,20.0,62.0,3.1,0.0,0.0011685499042052945
20251201,19397,PASTUSA_SUPREMA,40.0,50.0,750.0,15.0,0.0,0.014135684325064046
20251201,19517,PASTUSA_SUPREMA,70.0,85.0,1020.0,12.0,0.0,0.019224530682087102
20251201,19585,PASTUSA_SUPREMA,750.0,508.0,10160.0,20.0,32.266666666666666,0.19149140365686762
20251201,19622,PASTUSA_SUPREMA,1.0,0.0,0.0,0.0,100.0,0.0
20251201,19693,PASTUSA_SUPREMA,564.0,890.0,19580.0,22.0,0.0,0.369035598779672
20251201,19701,CRIOLLA,2.0,2.0,42.0,21.0,0.0,0.0007915983222035865
20251201,19701,PASTUSA_SUPREMA,2.5,1.0,20.5,20.5,60.0,0.0003863753715517506
20251201,19743,PASTUSA_SUPREMA,120.0,190.0,3420.0,18.0,0.0,0.06445872052229205
20251201,19760,PASTUSA_SUPREMA,60.0,80.0,1840.0,23.0,0.0,0.03467954554415713
20251201,19824,CRIOLLA,80.0,190.0,3800.0,20.0,0.0,0.0716208005803245
20251201,19824,PASTUSA_SUPREMA,600.0,700.0,21000.0,30.0,0.0,0.3957991611017933
20251201,25019,PASTUSA_SUPREMA,8.0,8.0,152.0,19.0,0.0,0.00286483202321298
20251201,25053,PASTUSA_SUPREMA,27.0,27.0,405.0,15.0,0.0,0.007633269535534585
20251201,25099,CRIOLLA,140.0,250.0,4000.0,16.0,0.0,0.07539031640034158
20251201,25099,PASTUSA_SUPREMA,150.0,220.0,4400.0,20.0,0.0,0.08292934804037573
20251201,25120,PASTUSA_SUPREMA,70.0,75.0,975.0,13.0,0.0,0.01837638962258326
20251201,25126,PASTUSA_SUPREMA,26.72,32.82,656.4,20.0,0.0,0.012371550921296054
20251201,25151,CRIOLLA,30.0,30.0,480.0,16.0,0.0,0.00904683796804099
20251201,25151,PASTUSA_SUPREMA,70.0,45.0,1035.0,23.0,35.71428571428571,0.019507244368588382
20251201,25154,CRIOLLA,20.0,20.0,320.0,16.0,0.0,0.006031225312027326
20251201,25154,PASTUSA_SUPREMA,600.0,800.0,16000.0,20.0,0.0,0.3015612656013663
20251201,25175,PASTUSA_SUPREMA,60.0,68.0,1496.0,22.0,0.0,0.02819597833372775
20251201,25178,CRIOLLA,14.0,14.0,252.0,18.0,0.0,0.004749589933221519
20251201,25178,PASTUSA_SUPREMA,20.0,60.0,1680.0,28.0,0.0,0.03166393288814346
20251201,25181,CRIOLLA,80.0,80.0,1120.0,14.0,0.0,0.02110928859209564
20251201,25181,PASTUSA_SUPREMA,15.0,15.0,240.0,16.0,0.0,0.004523418984020495
20251201,25183,CRIOLLA,8.0,65.0,975.0,15.0,0.0,0.01837638962258326
20251201,25183,PASTUSA_SUPREMA,400.0,1800.0,54000.0,30.0,0.0,1.0177692714046114
20251201,25200,PASTUSA_SUPREMA,400.0,300.0,6000.0,20.0,25.0,0.11308547460051237
20251201,25214,PASTUSA_SUPREMA,89.19,71.65,1862.9,26.0,19.665881825316735,0.03511115510554908
20251201,25224,CRIOLLA,15.0,15.0,225.0,15.0,0.0,0.004240705297519214
20251201,25224,PASTUSA_SUPREMA,200.0,120.0,2520.0,21.0,40.0,0.047495899332215194
20251201,25260,CRIOLLA,10.0,10.0,250.0,25.0,0.0,0.004711894775021349
20251201,25260,PASTUSA_SUPREMA,200.0,100.0,3000.0,30.0,50.0,0.056542737300256184
20251201,25269,CRIOLLA,112.0,95.0,1900.0,20.0,15.17857142857143,0.03581040029016225
20251201,25269,PASTUSA_SUPREMA,351.0,385.0,8855.0,23.0,0.0,0.16689531293125617
20251201,25281,CRIOLLA,240.0,90.0,1260.0,14.0,62.5,0.023747949666107597
20251201,25281,PASTUSA_SUPREMA,180.0,100.0,2100.0,21.0,44.44444444444444,0.03957991611017933
20251201,25286,PASTUSA_SUPREMA,245.0,280.0,7280.0,26.0,0.0,0.13721037584862167
20251201,25288,CRIOLLA,2.0,8.0,144.0,18.0,0.0,0.002714051390412297
20251201,25288,PASTUSA_SUPREMA,120.0,200.0,5000.0,25.0,0.0,0.09423789550042698
20251201,25293,PASTUSA_SUPREMA,2.0,2.0,28.0,14.0,0.0,0.0005277322148023911
20251201,25295,PASTUSA_SUPREMA,11.0,5.0,92.5,18.5,54.54545454545454,0.001743401066757899
20251201,25297,PASTUSA_SUPREMA,10.0,2.0,36.0,18.0,80.0,0.0006785128476030742
20251201,25299,PASTUSA_SUPREMA,7.0,3.0,69.0,23.0,57.14285714285714,0.0013004829579058921
20251201,25312,CRIOLLA,20.0,20.0,300.0,15.0,0.0,0.0056542737300256185
20251201,25312,PASTUSA_SUPREMA,70.0,70.0,1540.0,22.0,0.0,0.029025271814131507
20251201,25317,CRIOLLA,20.0,20.0,320.0,16.0,0.0,0.006031225312027326
20251201,25317,PASTUSA_SUPREMA,250.0,300.0,6000.0,20.0,0.0,0.11308547460051237
20251201,25322,CRIOLLA,20.0,20.0,280.0,14.0,0.0,0.00527732214802391
20251201,25322,PASTUSA_SUPREMA,135.0,145.0,3190.0,22.0,0.0,0.06012377732927241
20251201,25326,CRIOLLA,80.0,20.0,340.0,17.0,75.0,0.006408176894029034
20251201,25326,PASTUSA_SUPREMA,1300.0,1500.0,49500.0,33.0,0.0,0.9329551654542271
20251201,25339,CRIOLLA,11.0,11.0,198.0,18.0,0.0,0.003731820661816908
20251201,25339,PASTUSA_SUPREMA,50.0,10.0,200.0,20.0,80.0,0.0037695158200170787
20251201,25372,CRIOLLA,0.0,8.0,112.0,14.0,0.0,0.0021109288592095644
20251201,25372,PASTUSA_SUPREMA,0.0,80.0,1120.0,14.0,0.0,0.02110928859209564
20251201,25377,CRIOLLA,370.0,370.0,6845.0,18.5,0.0,0.12901167894008453
20251201,25377,PASTUSA_SUPREMA,550.0,1100.0,29700.0,27.0,0.0,0.5597730992725363
20251201,25407,CRIOLLA,30.0,30.0,510.0,17.0,0.0,0.009612265341043551
20251201,25407,PASTUSA_SUPREMA,500.0,500.0,12500.0,25.0,0.0,0.23559473875106743
20251201,25426,CRIOLLA,18.0,18.0,252.0,14.0,0.0,0.004749589933221519
20251201,25426,PASTUSA_SUPREMA,200.0,200.0,3600.0,18.0,0.0,0.06785128476030743
20251201,25430,PASTUSA_SUPREMA,512.0,507.7,12692.5,25.0,0.8398437500000022,0.23922289772783387
20251201,25436,PASTUSA_SUPREMA,30.0,29.0,522.0,18.0,3.3333333333333326,0.009838436290244576
20251201,25473,PASTUSA_SUPREMA,250.0,245.0,7350.0,30.0,2.0000000000000018,0.13852970638562764
20251201,25486,CRIOLLA,4.0,4.0,56.0,14.0,0.0,0.0010554644296047822
20251201,25486,PASTUSA_SUPREMA,20.0,30.0,660.0,22.0,0.0,0.01243940220605636
20251201,25513,CRIOLLA,190.0,180.0,3780.0,21.0,5.263157894736848,0.0712438489983228
20251201,25513,PASTUSA_SUPREMA,90.0,25.0,575.0,23.0,72.22222222222221,0.010837357982549102
20251201,25535,PASTUSA_SUPREMA,800.0,1200.0,20400.0,17.0,0.0,0.38449061364174203
20251201,25594,CRIOLLA,12.0,6.0,48.0,8.0,50.0,0.0009046837968040989
20251201,25594,PASTUSA_SUPREMA,16.0,8.0,64.0,8.0,50.0,0.0012062450624054652
20251201,25649,PASTUSA_SUPREMA,10.0,12.0,252.0,21.0,0.0,0.004749589933221519
20251201,25653,CRIOLLA,20.0,19.0,304.0,16.0,5.000000000000004,0.00572966404642596
20251201,25653,PASTUSA_SUPREMA,765.0,655.0,13100.0,20.0,14.379084967320265,0.24690328621111868
20251201,25736,CRIOLLA,25.0,40.0,1080.0,27.0,0.0,0.020355385428092225
20251201,25736,PASTUSA_SUPREMA,800.0,1200.0,46800.0,39.0,0.0,0.8820667018839965
20251201,25740,CRIOLLA,560.0,521.0,11462.0,22.0,6.964285714285712,0.2160309516451788
20251201,25740,PASTUSA_SUPREMA,710.0,968.0,22264.0,23.0,0.0,0.4196225010843012
20251201,25745,PASTUSA_SUPREMA,40.0,50.0,1300.0,26.0,0.0,0.024501852830111012
20251201,25754,CRIOLLA,120.0,79.0,474.0,6.0,34.166666666666664,0.008933752493440477
20251201,25754,PASTUSA_SUPREMA,200.0,490.2,2941.2,6.0,0.0,0.05543449964917116
20251201,25758,PASTUSA_SUPREMA,45.0,140.0,4690.0,33.5,0.0,0.0883951459794005
20251201,25769,CRIOLLA,80.0,80.0,1440.0,18.0,0.0,0.02714051390412297
20251201,25769,PASTUSA_SUPREMA,220.0,350.0,8750.0,25.0,0.0,0.1649163171257472
20251201,25772,CRIOLLA,6.0,6.0,90.0,15.0,0.0,0.0016962821190076856
20251201,25772,PASTUSA_SUPREMA,700.0,800.0,22400.0,28.0,0.0,0.42218577184191286
20251201,25779,CRIOLLA,30.0,30.0,480.0,16.0,0.0,0.00904683796804099
20251201,25779,PASTUSA_SUPREMA,140.0,120.0,2400.0,20.0,14.28571428571429,0.04523418984020495
20251201,25781,PASTUSA_SUPREMA,70.0,70.0,1260.0,18.0,0.0,0.023747949666107597
20251201,25785,CRIOLLA,11.0,10.0,170.0,17.0,9.090909090909093,0.003204088447014517
20251201,25785,PASTUSA_SUPREMA,80.0,107.0,2675.0,25.0,0.0,0.05041727409272843
20251201,25793,CRIOLLA,80.0,155.0,2790.0,18.0,0.0,0.05258474568923825
20251201,25793,PASTUSA_SUPREMA,7300.0,7560.0,189000.0,25.0,0.0,3.5621924499161395
20251201,25799,CRIOLLA,40.0,40.0,720.0,18.0,0.0,0.013570256952061484
20251201,25799,PASTUSA_SUPREMA,400.0,610.0,15250.0,25.0,0.0,0.28742558127630224
20251201,25807,PASTUSA_SUPREMA,450.0,0.0,0.0,0.0,100.0,0.0
20251201,25817,PASTUSA_SUPREMA,30.0,30.0,1200.0,40.0,0.0,0.022617094920102474
20251201,25841,CRIOLLA,135.0,185.0,3700.0,20.0,0.0,0.06973604267031595
20251201,25841,PASTUSA_SUPREMA,420.0,325.0,5850.0,18.0,22.619047619047617,0.11025833773549956
20251201,25843,CRIOLLA,15.0,20.0,340.0,17.0,0.0,0.006408176894029034
20251201,25843,PASTUSA_SUPREMA,400.0,560.0,14000.0,25.0,0.0,0.26386610740119554
20251201,25845,CRIOLLA,420.0,400.0,6800.0,17.0,4.761904761904767,0.12816353788058069
20251201,25845,PASTUSA_SUPREMA,1100.0,850.0,23800.0,28.0,22.72727272727273,0.4485723825820324
20251201,25873,CRIOLLA,45.0,45.0,855.0,19.0,0.0,0.016114680130573013
20251201,25873,PASTUSA_SUPREMA,5000.0,10000.0,320000.0,32.0,0.0,6.031225312027327
20251201,25898,CRIOLLA,90.0,90.0,1800.0,20.0,0.0,0.03392564238015371
20251201,25898,PASTUSA_SUPREMA,120.0,120.0,3720.0,31.0,0.0,0.07011299425231766
20251201,25899,CRIOLLA,110.0,130.0,2340.0,18.0,0.0,0.04410333509419982
20251201,25899,PASTUSA_SUPREMA,1300.0,1100.0,22000.0,20.0,15.384615384615385,0.4146467402018787
20251201,27099,PASTUSA_SUPREMA,3.0,2.5,2.5,1.0,16.666666666666664,4.7118947750213486e-05
20251201,41206,PASTUSA_SUPREMA,10.0,12.0,60.0,5.0,0.0,0.0011308547460051237
20251201,41359,PASTUSA_SUPREMA,3.5,3.5,24.5,7.0,0.0,0.00046176568795209215
20251201,41396,PASTUSA_SUPREMA,3.0,3.0,24.0,8.0,0.0,0.00045234189840204946
20251201,41668,PASTUSA_SUPREMA,3.0,3.0,12.0,4.0,0.0,0.00022617094920102473
20251201,41676,PASTUSA_SUPREMA,3.0,3.0,66.0,22.0,0.0,0.001243940220605636
20251201,52001,CRIOLLA,120.0,85.0,1530.0,18.0,29.166666666666664,0.028836796023130655
20251201,52001,PASTUSA_SUPREMA,4000.0,4500.0,90000.0,20.0,0.0,1.6962821190076856
20251201,52022,PASTUSA_SUPREMA,120.0,80.0,2000.0,25.0,33.333333333333336,0.03769515820017079
20251201,52036,CRIOLLA,1.0,1.0,10.0,10.0,0.0,0.00018847579100085394
20251201,52036,PASTUSA_SUPREMA,11.0,14.0,210.0,15.0,0.0,0.0039579916110179325
20251201,52083,PASTUSA_SUPREMA,9.0,13.0,195.0,15.0,0.0,0.003675277924516652
20251201,52110,PASTUSA_SUPREMA,22.0,25.0,400.0,16.0,0.0,0.0075390316400341575
20251201,52210,PASTUSA_SUPREMA,200.0,450.0,11700.0,26.0,0.0,0.22051667547099912
20251201,52215,CRIOLLA,95.0,90.0,990.0,11.0,5.263157894736848,0.01865910330908454
20251201,52215,PASTUSA_SUPREMA,450.0,430.0,8600.0,20.0,4.444444444444439,0.1620891802607344
20251201,52224,CRIOLLA,50.0,30.0,480.0,16.0,40.0,0.00904683796804099
20251201,52224,PASTUSA_SUPREMA,350.0,500.0,11500.0,23.0,0.0,0.21674715965098204
20251201,52227,CRIOLLA,120.0,80.0,960.0,12.0,33.333333333333336,0.01809367593608198
20251201,52227,PASTUSA_SUPREMA,450.0,500.0,11500.0,23.0,0.0,0.21674715965098204
20251201,52240,PASTUSA_SUPREMA,3.0,0.5,2.5,5.0,83.33333333333334,4.7118947750213486e-05
20251201,52258,PASTUSA_SUPREMA,8.0,7.5,112.5,15.0,6.25,0.002120352648759607
20251201,52260,PASTUSA_SUPREMA,20.0,0.0,0.0,0.0,100.0,0.0
20251201,52287,PASTUSA_SUPREMA,8.0,12.0,180.0,15.0,0.0,0.003392564238015371
20251201,52317,CRIOLLA,18.0,8.0,96.0,12.0,55.55555555555556,0.0018093675936081978
20251201,52317,PASTUSA_SUPREMA,280.0,250.0,5250.0,21.0,10.71428571428571,0.09894979027544833
20251201,52320,CRIOLLA,30.0,65.0,975.0,15.0,0.0,0.01837638962258326
20251201,52320,PASTUSA_SUPREMA,70.0,70.0,1960.0,28.0,0.0,0.036941255036167374
20251201,52323,CRIOLLA,17.0,7.0,105.0,15.0,58.82352941176471,0.0019789958055089663
20251201,52323,PASTUSA_SUPREMA,100.0,470.0,11750.0,25.0,0.0,0.2214590544260034
20251201,52352,CRIOLLA,45.0,20.0,240.0,12.0,55.55555555555556,0.004523418984020495
20251201,52352,PASTUSA_SUPREMA,126.0,90.0,2070.0,23.0,28.57142857142857,0.039014488737176764
20251201,52354,CRIOLLA,10.0,35.0,525.0,15.0,0.0,0.009894979027544833
20251201,52354,PASTUSA_SUPREMA,300.0,300.0,6900.0,23.0,0.0,0.1300482957905892
20251201,52356,CRIOLLA,25.0,25.0,225.0,9.0,0.0,0.004240705297519214
20251201,52356,PASTUSA_SUPREMA,700.0,900.0,16200.0,18.0,0.0,0.30533078142138337
20251201,52378,PASTUSA_SUPREMA,62.0,60.0,1200.0,20.0,3.2258064516129004,0.022617094920102474
20251201,52381,CRIOLLA,2.0,0.0,0.0,0.0,100.0,0.0
20251201,52381,PASTUSA_SUPREMA,5.0,5.0,75.0,15.0,0.0,0.0014135684325064046
20251201,52385,PASTUSA_SUPREMA,2.0,2.0,14.0,7.0,0.0,0.00026386610740119555
20251201,52418,PASTUSA_SUPREMA,2.0,2.0,18.0,9.0,0.0,0.0003392564238015371
20251201,52435,PASTUSA_SUPREMA,85.0,75.0,750.0,10.0,11.764705882352944,0.014135684325064046
20251201,52480,CRIOLLA,3.0,3.0,33.0,11.0,0.0,0.000621970110302818
20251201,52480,PASTUSA_SUPREMA,0.5,1.5,18.0,12.0,0.0,0.0003392564238015371
20251201,52506,PASTUSA_SUPREMA,400.0,300.0,7500.0,25.0,25.0,0.14135684325064046
20251201,52560,CRIOLLA,270.0,270.0,4590.0,17.0,0.0,0.08651038806939196
20251201,52560,PASTUSA_SUPREMA,3000.0,2250.0,60750.0,27.0,25.0,1.1449904303301877
20251201,52565,CRIOLLA,15.0,23.0,414.0,18.0,0.0,0.007802897747435354
20251201,52565,PASTUSA_SUPREMA,35.0,75.0,1650.0,22.0,0.0,0.0310985055151409
20251201,52573,CRIOLLA,65.0,65.0,780.0,12.0,0.0,0.014701111698066607
20251201,52573,PASTUSA_SUPREMA,150.0,180.0,3060.0,17.0,0.0,0.05767359204626131
20251201,52585,CRIOLLA,82.0,80.0,1280.0,16.0,2.4390243902439046,0.024124901248109305
20251201,52585,PASTUSA_SUPREMA,1800.0,1880.0,45120.0,24.0,0.0,0.850402768995853
20251201,52678,PASTUSA_SUPREMA,10.0,10.0,150.0,15.0,0.0,0.0028271368650128093
20251201,52683,PASTUSA_SUPREMA,1.0,1.8,27.0,15.0,0.0,0.0005088846357023056
20251201,52685,PASTUSA_SUPREMA,6.0,5.0,75.0,15.0,16.666666666666664,0.0014135684325064046
20251201,52693,PASTUSA_SUPREMA,3.0,16.0,192.0,12.0,0.0,0.0036187351872163957
20251201,52699,PASTUSA_SUPREMA,15.0,15.0,270.0,18.0,0.0,0.005088846357023056
20251201,52720,CRIOLLA,8.0,5.0,60.0,12.0,37.5,0.0011308547460051237
20251201,52720,PASTUSA_SUPREMA,650.0,600.0,12000.0,20.0,7.692307692307687,0.22617094920102473
20251201,52788,PASTUSA_SUPREMA,200.0,300.0,6000.0,20.0,0.0,0.11308547460051237
20251201,52838,CRIOLLA,370.0,170.0,2550.0,15.0,54.054054054054056,0.048061326705217754
20251201,52838,PASTUSA_SUPREMA,2300.0,2900.0,58000.0,20.0,0.0,1.093159587804953
20251201,52885,CRIOLLA,12.0,5.0,75.0,15.0,58.33333333333333,0.0014135684325064046
20251201,52885,PASTUSA_SUPREMA,300.0,350.0,8050.0,23.0,0.0,0.15172301175568742
20251201,54125,CRIOLLA,48.0,50.0,1100.0,22.0,0.0,0.020732337010093933
20251201,54125,PASTUSA_SUPREMA,40.0,60.0,1200.0,20.0,0.0,0.022617094920102474
20251201,54172,PASTUSA_SUPREMA,0.0,1.0,15.0,15.0,0.0,0.0002827136865012809
20251201,54174,CRIOLLA,90.0,88.0,1056.0,12.0,2.2222222222222254,0.019903043529690176
20251201,54174,PASTUSA_SUPREMA,900.0,1150.0,17250.0,15.0,0.0,0.3251207394764731
20251201,54347,CRIOLLA,5.0,5.0,72.5,14.5,0.0,0.0013664494847561912
20251201,54347,PASTUSA_SUPREMA,5.0,5.0,80.0,16.0,0.0,0.0015078063280068315
20251201,54377,CRIOLLA,10.0,10.0,160.0,16.0,0.0,0.003015612656013663
20251201,54377,PASTUSA_SUPREMA,10.0,10.0,160.0,16.0,0.0,0.003015612656013663
20251201,54480,CRIOLLA,88.0,118.0,2596.0,22.0,0.0,0.048928315343821686
20251201,54480,PASTUSA_SUPREMA,117.0,120.0,2880.0,24.0,0.0,0.05428102780824594
20251201,54518,CRIOLLA,95.0,94.0,1222.0,13.0,1.0526315789473717,0.02303174166030435
20251201,54518,PASTUSA_SUPREMA,160.0,175.0,2625.0,15.0,0.0,0.04947489513772416
20251201,54743,CRIOLLA,173.0,235.0,4700.0,20.0,0.0,0.08858362177040136
20251201,54743,PASTUSA_SUPREMA,442.0,850.0,17000.0,20.0,0.0,0.3204088447014517
20251201,68013,PASTUSA_SUPREMA,0.0,2.0,38.0,19.0,0.0,0.000716208005803245
20251201,68020,PASTUSA_SUPREMA,35.0,35.0,630.0,18.0,0.0,0.011873974833053798
20251201,68101,PASTUSA_SUPREMA,26.0,36.0,792.0,22.0,0.0,0.014927282647267632
20251201,68132,CRIOLLA,2.0,2.0,16.0,8.0,0.0,0.0003015612656013663
20251201,68132,PASTUSA_SUPREMA,3.0,3.0,30.0,10.0,0.0,0.0005654273730025619
20251201,68152,PASTUSA_SUPREMA,380.0,820.0,10660.0,13.0,0.0,0.20091519320691031
20251201,68162,PASTUSA_SUPREMA,500.0,1000.0,23000.0,23.0,0.0,0.4334943193019641
20251201,68207,CRIOLLA,8.0,7.0,89.6,12.8,12.5,0.0016887430873676515
20251201,68207,PASTUSA_SUPREMA,40.0,99.0,2277.0,23.0,0.0,0.04291593761089444
20251201,68245,CRIOLLA,0.5,0.5,5.0,10.0,0.0,9.423789550042697e-05
20251201,68264,PASTUSA_SUPREMA,16.0,22.0,132.0,6.0,0.0,0.002487880441211272
20251201,68271,PASTUSA_SUPREMA,0.0,3.0,18.0,6.0,0.0,0.0003392564238015371
20251201,68298,PASTUSA_SUPREMA,8.0,10.0,77.8,7.78,0.0,0.0014663416539866436
20251201,68318,CRIOLLA,20.0,20.0,360.0,18.0,0.0,0.006785128476030742
20251201,68318,PASTUSA_SUPREMA,300.0,500.0,10500.0,21.0,0.0,0.19789958055089665
20251201,68368,CRIOLLA,2.0,2.0,30.0,15.0,0.0,0.0005654273730025619
20251201,68377,PASTUSA_SUPREMA,5.0,4.0,108.0,27.0,19.999999999999996,0.0020355385428092224
20251201,68432,CRIOLLA,4.0,4.0,92.0,23.0,0.0,0.0017339772772078563
20251201,68468,PASTUSA_SUPREMA,10.0,9.0,171.0,19.0,9.999999999999998,0.0032229360261146023
20251201,68502,PASTUSA_SUPREMA,60.0,15.0,225.0,15.0,75.0,0.004240705297519214
20251201,68572,PASTUSA_SUPREMA,22.0,24.0,360.0,15.0,0.0,0.006785128476030742
20251201,68669,PASTUSA_SUPREMA,22.0,42.0,840.0,20.0,0.0,0.01583196644407173
20251201,68682,CRIOLLA,2.0,3.0,18.0,6.0,0.0,0.0003392564238015371
20251201,68682,PASTUSA_SUPREMA,0.0,3.0,24.0,8.0,0.0,0.00045234189840204946
20251201,68705,PASTUSA_SUPREMA,5.0,5.0,100.0,20.0,0.0,0.0018847579100085394
20251201,68773,PASTUSA_SUPREMA,4.0,5.0,75.0,15.0,0.0,0.0014135684325064046
20251201,68820,PASTUSA_SUPREMA,0.0,820.0,22960.0,28.0,0.0,0.43274041613796066
20251201,68861,PASTUSA_SUPREMA,70.0,89.0,3115.0,35.0,0.0,0.058710208896766
20251201,68867,CRIOLLA,0.25,0.5,6.25,12.5,0.0,0.00011779736937553371
20251201,68867,PASTUSA_SUPREMA,1.0,2.0,40.0,20.0,0.0,0.0007539031640034158
20251201,73043,PASTUSA_SUPREMA,99.0,95.0,1520.0,16.0,4.040404040404044,0.0286483202321298
20251201,73124,CRIOLLA,11.0,11.0,132.0,12.0,0.0,0.002487880441211272
20251201,73124,PASTUSA_SUPREMA,19.0,17.0,229.5,13.5,10.526315789473683,0.004325519403469598
20251201,73152,PASTUSA_SUPREMA,180.0,180.0,3060.0,17.0,0.0,0.05767359204626131
20251201,73347,PASTUSA_SUPREMA,150.0,200.0,3640.0,18.2,0.0,0.06860518792431083
20251201,73461,CRIOLLA,6.0,6.0,72.0,12.0,0.0,0.0013570256952061485
20251201,73461,PASTUSA_SUPREMA,7.0,7.0,168.0,24.0,0.0,0.003166393288814346
20251201,73622,CRIOLLA,55.0,52.0,780.0,15.0,5.454545454545457,0.014701111698066607
20251201,73622,PASTUSA_SUPREMA,60.0,57.0,1254.0,22.0,5.000000000000004,0.023634864191507086
20251201,73686,PASTUSA_SUPREMA,120.0,120.0,1440.0,12.0,0.0,0.02714051390412297
20251201,73870,PASTUSA_SUPREMA,25.0,25.0,175.0,7.0,0.0,0.0032983263425149442
20251201,76111,PASTUSA_SUPREMA,16.0,15.0,240.0,16.0,6.25,0.004523418984020495
20251201,76736,PASTUSA_SUPREMA,20.0,30.0,360.0,12.0,0.0,0.006785128476030742
20251201,76834,PASTUSA_SUPREMA,253.0,235.0,4230.0,18.0,7.114624505928857,0.07972525959336121
20251201,85136,PASTUSA_SUPREMA,11.0,0.0,0.0,0.0,100.0,0.0
20251201,86749,PASTUSA_SUPREMA,0.0,1.0,13.0,13.0,0.0,0.0002450185283011101
20251201,86755,PASTUSA_SUPREMA,1.5,2.0,20.0,10.0,0.0,0.0003769515820017079
