id_tiempo,cod_mpio,cod_variedad,area_sembrada_ha,area_cosechada_ha,produccion_ton,rendimiento_ton_ha,tasa_perdida_cosecha_pct,produccion_per_capita_nacional_kg
20190601,05001,PASTUSA_SUPREMA,27.44,27.95,437.57,15.66,0.0,0.008881689770453878
20190601,05002,PASTUSA_SUPREMA,65.18,62.9,615.34,9.78,3.498005523166625,0.012490022129833144
20190601,05004,PASTUSA_SUPREMA,0.34,0.35,1.71,4.89,0.0,3.470916540776592e-05
20190601,05079,PASTUSA_SUPREMA,20.58,18.87,147.68,7.83,8.309037900874628,0.002997572834747877
20190601,05086,CRIOLLA,102.92,83.86,697.38,8.32,18.519238243295767,0.014155250159103972
20190601,05086,PASTUSA_SUPREMA,274.44,244.59,3350.18,13.7,10.876694359422823,0.06800114138350247
20190601,05088,PASTUSA_SUPREMA,161.24,163.53,2559.81,15.65,0.0,0.05195840274997267
20190601,05113,PASTUSA_SUPREMA,4.46,4.54,4.44,0.98,0.0,9.012204351490097e-05
20190601,05148,CRIOLLA,171.53,174.71,2051.13,11.74,0.0,0.041633339440251986
20190601,05148,PASTUSA_SUPREMA,116.64,118.8,2324.62,19.57,0.0,0.04718457315216421
20190601,05206,PASTUSA_SUPREMA,30.87,31.45,461.5,14.67,0.0,0.009367415108587117
20190601,05237,CRIOLLA,0.69,0.7,5.67,8.1,0.0,0.00011508828529943435
20190601,05237,PASTUSA_SUPREMA,34.31,34.94,683.71,19.57,0.0,0.01387777981341733
20190601,05264,PASTUSA_SUPREMA,171.53,139.77,4102.26,29.35,18.515711537340408,0.08326667888050397
20190601,05266,PASTUSA_SUPREMA,4.8,4.89,105.29,21.53,0.0,0.0021371508922711537
20190601,05306,PASTUSA_SUPREMA,0.69,0.7,12.99,18.56,0.0,0.00026366787055373054
20190601,05308,CRIOLLA,4.12,4.19,20.51,4.89,0.0,0.00041630700731770697
20190601,05308,PASTUSA_SUPREMA,4.12,4.19,32.82,7.83,0.0,0.0006661724027385247
20190601,05313,CRIOLLA,0.69,0.7,5.74,8.2,0.0,0.00011650912832782243
20190601,05313,PASTUSA_SUPREMA,9.61,9.78,143.58,14.68,0.0,0.0029143520287994327
20190601,05318,PASTUSA_SUPREMA,6.86,6.99,164.09,23.47,0.0,0.00333065903611714
20190601,05376,PASTUSA_SUPREMA,5.15,5.24,61.53,11.74,0.0,0.0012489210219531208
20190601,05400,CRIOLLA,41.17,37.74,443.04,11.74,8.331309205732328,0.008992718504243631
20190601,05400,PASTUSA_SUPREMA,477.53,405.33,6146.56,15.16,15.11946893388897,0.12476138463670039
20190601,05440,CRIOLLA,20.58,20.27,138.79,6.85,1.5063168124392567,0.0028171257701425914
20190601,05440,PASTUSA_SUPREMA,82.33,80.37,746.95,9.29,2.380663184744314,0.015161410000778216
20190601,05541,PASTUSA_SUPREMA,24.01,23.06,451.25,19.57,3.956684714702219,0.009159363093716006
20190601,05607,PASTUSA_SUPREMA,34.31,24.46,239.3,9.78,28.708831244535126,0.004857253381332388
20190601,05615,PASTUSA_SUPREMA,12.35,12.58,147.68,11.74,0.0,0.002997572834747877
20190601,05647,PASTUSA_SUPREMA,20.58,20.97,410.23,19.56,0.0,0.00832674907908059
20190601,05658,PASTUSA_SUPREMA,6.17,6.29,153.83,24.46,0.0,0.0031224040436705442
20190601,05664,CRIOLLA,32.93,32.15,267.33,8.32,2.3686607956270866,0.005426199525414071
20190601,05664,PASTUSA_SUPREMA,397.94,403.93,12250.73,30.33,0.0,0.24866234733092404
20190601,05674,PASTUSA_SUPREMA,411.67,419.3,9024.98,21.52,0.0,0.18318685591916914
20190601,05686,CRIOLLA,34.31,34.24,278.07,8.12,0.20402215097639065,0.005644197441483899
20190601,05686,PASTUSA_SUPREMA,428.82,433.28,9325.81,21.52,0.0,0.18929303032245465
20190601,05697,CRIOLLA,49.4,50.32,590.73,11.74,0.0,0.011990494316566994
20190601,05697,PASTUSA_SUPREMA,68.61,69.88,1025.57,14.68,0.0,0.020816771208913735
20190601,05756,CRIOLLA,96.06,96.44,1132.22,11.74,0.0,0.022981527051450717
20190601,05756,PASTUSA_SUPREMA,41.17,39.13,612.6,15.66,4.955064367257711,0.012434406274150525
20190601,05847,CRIOLLA,4.12,3.84,30.08,7.83,6.796116504854377,0.0006105565470559056
20190601,05847,PASTUSA_SUPREMA,4.8,4.89,143.58,29.36,0.0,0.0029143520287994327
20190601,05887,PASTUSA_SUPREMA,48.03,47.52,1115.82,23.48,1.0618363522798213,0.022648643827656936
20190601,15001,CRIOLLA,54.89,55.91,546.97,9.78,0.0,0.01110226444624896
20190601,15001,PASTUSA_SUPREMA,1783.89,1816.98,35552.95,19.57,0.0,0.7216451592304276
20190601,15022,CRIOLLA,1.37,1.4,5.47,3.91,0.0,0.00011102873378975412
20190601,15022,PASTUSA_SUPREMA,3.43,3.49,23.93,6.86,0.0,0.0004857253381332388
20190601,15047,CRIOLLA,24.01,20.97,164.09,7.82,12.661391087047068,0.00333065903611714
20190601,15047,PASTUSA_SUPREMA,205.83,174.71,4444.12,25.44,15.119273186610316,0.09020567027600038
20190601,15051,PASTUSA_SUPREMA,857.64,873.55,21365.96,24.46,0.0,0.43368107586883636
20190601,15087,CRIOLLA,20.58,18.87,258.44,13.7,8.309037900874628,0.0052457524608087855
20190601,15087,PASTUSA_SUPREMA,240.14,167.72,2625.45,15.65,30.157408178562505,0.05329074755544972
20190601,15092,CRIOLLA,4.8,4.89,71.79,14.68,0.0,0.0014571760143997164
20190601,15092,PASTUSA_SUPREMA,24.7,25.16,492.27,19.57,0.0,0.009991977108351419
20190601,15104,PASTUSA_SUPREMA,164.67,167.72,3281.81,19.57,0.0,0.06661338369991827
20190601,15109,PASTUSA_SUPREMA,8.23,8.39,172.3,20.54,0.0,0.0034973036255895127
20190601,15114,PASTUSA_SUPREMA,4.12,4.19,41.02,9.79,0.0,0.0008326140146354139
20190601,15131,CRIOLLA,89.19,90.85,1063.85,11.71,0.0,0.02159376936786653
20190601,15131,PASTUSA_SUPREMA,54.89,55.91,655.68,11.73,0.0,0.013308833669335645
20190601,15162,PASTUSA_SUPREMA,8.23,8.39,98.45,11.73,0.0,0.00199831423064009
20190601,15172,PASTUSA_SUPREMA,2.4,2.1,61.53,29.3,12.49999999999999,0.0012489210219531208
20190601,15176,CRIOLLA,34.31,34.94,27.35,0.78,0.0,0.0005551436689487706
20190601,15176,PASTUSA_SUPREMA,137.22,139.77,1640.91,11.74,0.0,0.03330679333874688
20190601,15180,PASTUSA_SUPREMA,68.61,69.88,1230.68,17.61,0.0,0.02498004425966629
20190601,15183,PASTUSA_SUPREMA,144.08,146.76,1722.95,11.74,0.0,0.034972021368017706
20190601,15187,PASTUSA_SUPREMA,41.17,41.93,1025.57,24.46,0.0,0.020816771208913735
20190601,15189,PASTUSA_SUPREMA,181.13,184.49,2205.65,11.96,0.0,0.04476974893663093
20190601,15204,PASTUSA_SUPREMA,445.97,454.25,9777.06,21.52,0.0,0.19845239341617066
20190601,15215,PASTUSA_SUPREMA,2.74,2.8,60.17,21.49,0.0,0.0012213160716872953
20190601,15224,PASTUSA_SUPREMA,137.22,139.77,2737.58,19.59,0.0,0.055566735109351936
20190601,15226,CRIOLLA,2.06,2.1,12.31,5.86,0.0,0.0002498653954208178
20190601,15226,PASTUSA_SUPREMA,13.72,13.98,451.25,32.28,0.0,0.009159363093716006
20190601,15232,CRIOLLA,27.44,24.46,191.44,7.83,10.860058309037901,0.0038858027050659104
20190601,15232,PASTUSA_SUPREMA,445.97,433.28,8478.01,19.57,2.8454828800143606,0.17208459147292018
20190601,15236,PASTUSA_SUPREMA,3.43,3.49,68.37,19.59,0.0,0.0013877576835841846
20190601,15238,CRIOLLA,2.06,2.03,31.83,15.68,1.456310679611661,0.0006460776227656076
20190601,15238,PASTUSA_SUPREMA,10.29,10.17,179.06,17.61,1.1661807580174877,0.0036345164666167044
20190601,15244,PASTUSA_SUPREMA,205.83,209.65,1846.02,8.81,0.0,0.037470066389499436
20190601,15248,PASTUSA_SUPREMA,15.09,15.37,109.39,7.12,0.0,0.0022203716982195985
20190601,15272,PASTUSA_SUPREMA,82.33,83.86,1640.91,19.57,0.0,0.03330679333874688
20190601,15276,PASTUSA_SUPREMA,34.31,34.94,341.86,9.78,0.0,0.006938991395496407
20190601,15293,PASTUSA_SUPREMA,44.6,45.42,888.82,19.57,0.0,0.018041052864169883
20190601,15296,PASTUSA_SUPREMA,277.87,279.54,3281.81,11.74,0.0,0.06661338369991827
20190601,15299,PASTUSA_SUPREMA,2.74,2.45,14.36,5.86,10.58394160583942,0.00029147579839504005
20190601,15317,PASTUSA_SUPREMA,4.12,4.19,24.61,5.87,0.0,0.0004995278132661515
20190601,15332,CRIOLLA,1.37,1.4,12.31,8.79,0.0,0.0002498653954208178
20190601,15332,PASTUSA_SUPREMA,25.39,24.46,287.16,11.74,3.6628593934619924,0.0058287040575988654
20190601,15362,PASTUSA_SUPREMA,10.29,9.08,133.32,14.68,11.758989310009715,0.002706097036352837
20190601,15367,PASTUSA_SUPREMA,240.14,244.59,3709.13,15.16,0.0,0.07528702145550105
20190601,15368,PASTUSA_SUPREMA,205.83,208.95,3270.87,15.65,0.0,0.06639132623233877
20190601,15377,PASTUSA_SUPREMA,4.12,4.19,38.29,9.14,0.0,0.0007772011365282789
20190601,15403,CRIOLLA,2.74,2.1,4.1,1.95,23.357664233576646,8.322080594844459e-05
20190601,15403,PASTUSA_SUPREMA,15.78,14.68,172.3,11.74,6.970849176172367,0.0034973036255895127
20190601,15407,PASTUSA_SUPREMA,123.5,104.83,2666.47,25.44,15.11740890688259,0.054123361570085134
20190601,15425,PASTUSA_SUPREMA,4.12,4.19,49.23,11.75,0.0,0.000999258604107787
20190601,15442,PASTUSA_SUPREMA,6.86,6.78,132.64,19.56,1.1661807580174988,0.0026922945612199243
20190601,15464,PASTUSA_SUPREMA,137.22,139.77,1640.91,11.74,0.0,0.03330679333874688
20190601,15466,CRIOLLA,6.86,6.99,68.37,9.78,0.0,0.0013877576835841846
20190601,15466,PASTUSA_SUPREMA,27.44,27.95,546.97,19.57,0.0,0.01110226444624896
20190601,15476,PASTUSA_SUPREMA,624.36,635.94,14310.06,22.5,0.0,0.2904621283830729
20190601,15491,PASTUSA_SUPREMA,44.6,45.42,1422.12,31.31,0.0,0.0288658469647322
20190601,15494,PASTUSA_SUPREMA,107.03,109.02,1493.22,13.7,0.0,0.03030901752642352
20190601,15500,PASTUSA_SUPREMA,56.95,58.0,1447.42,24.96,0.0,0.02937938023070675
20190601,15511,PASTUSA_SUPREMA,9.61,9.08,53.33,5.87,5.515088449531735,0.0010824794100562317
20190601,15516,PASTUSA_SUPREMA,89.19,87.42,838.22,9.59,1.9845274133871493,0.017013986332220787
20190601,15522,PASTUSA_SUPREMA,11.66,11.88,244.08,20.55,0.0,0.004954276662413745
20190601,15531,CRIOLLA,6.86,6.99,68.37,9.78,0.0,0.0013877576835841846
20190601,15531,PASTUSA_SUPREMA,6.86,6.99,170.93,24.45,0.0,0.0034694956977482034
20190601,15537,PASTUSA_SUPREMA,15.78,16.07,188.7,11.74,0.0,0.0038301868493832913
20190601,15542,PASTUSA_SUPREMA,82.33,78.97,3862.96,48.92,4.081136888133119,0.07840942549917158
20190601,15599,CRIOLLA,12.35,8.39,65.64,7.82,32.06477732793521,0.0013323448054770495
20190601,15599,PASTUSA_SUPREMA,164.67,146.76,2584.43,17.61,10.87629805064675,0.05245813354081431
20190601,15600,PASTUSA_SUPREMA,190.74,194.28,2410.08,12.41,0.0,0.04891921951225057
20190601,15621,CRIOLLA,0.69,0.7,8.2,11.71,0.0,0.00016644161189688917
20190601,15621,PASTUSA_SUPREMA,6.86,6.99,102.56,14.67,0.0,0.002081738014164019
20190601,15632,CRIOLLA,480.28,440.27,8614.75,19.57,8.330557174981257,0.17486010684008854
20190601,15632,PASTUSA_SUPREMA,1646.67,1642.27,32134.4,19.57,0.26720593683009497,0.6522562601633409
20190601,15646,PASTUSA_SUPREMA,480.28,489.19,18186.7,37.18,0.0,0.36914922720550664
20190601,15664,PASTUSA_SUPREMA,1.37,1.4,13.67,9.76,0.0,0.0002774703456866433
20190601,15676,CRIOLLA,6.86,3.49,85.46,24.49,49.12536443148689,0.0017346463600863597
20190601,15676,PASTUSA_SUPREMA,13.72,5.59,170.93,30.58,59.25655976676385,0.0034694956977482034
20190601,15693,CRIOLLA,20.58,20.97,287.16,13.69,0.0,0.0058287040575988654
20190601,15693,PASTUSA_SUPREMA,18.52,18.87,276.9,14.67,0.0,0.00562044906515227
20190601,15696,PASTUSA_SUPREMA,30.87,31.45,461.5,14.67,0.0,0.009367415108587117
20190601,15720,PASTUSA_SUPREMA,56.95,58.0,1021.46,17.61,0.0,0.020733347425389806
20190601,15723,PASTUSA_SUPREMA,8.23,7.69,75.21,9.78,6.561360874848122,0.0015265943452152481
20190601,15740,CRIOLLA,34.31,34.94,410.23,11.74,0.0,0.00832674907908059
20190601,15740,PASTUSA_SUPREMA,2401.39,2445.94,43073.77,17.61,0.0,0.8743009401555937
20190601,15753,PASTUSA_SUPREMA,8.23,6.99,68.37,9.78,15.06682867557716,0.0013877576835841846
20190601,15755,CRIOLLA,6.17,5.59,66.4,11.88,9.400324149108597,0.0013477711012138344
20190601,15755,PASTUSA_SUPREMA,192.11,188.69,3692.04,19.57,1.780230076518674,0.07494013277899887
20190601,15757,PASTUSA_SUPREMA,27.44,27.95,290.58,10.4,0.0,0.0058981223884143974
20190601,15759,CRIOLLA,5.49,4.89,47.86,9.79,10.928961748633892,0.0009714506762664776
20190601,15759,PASTUSA_SUPREMA,164.67,167.72,3281.81,19.57,0.0,0.06661338369991827
20190601,15761,PASTUSA_SUPREMA,6.86,6.99,82.05,11.74,0.0,0.001665431006846312
20190601,15762,PASTUSA_SUPREMA,82.33,83.86,1312.72,15.65,0.0,0.02664527228893712
20190601,15763,PASTUSA_SUPREMA,322.47,328.45,12853.76,39.13,0.0,0.2609025040653364
20190601,15764,CRIOLLA,411.67,419.3,6153.4,14.68,0.0,0.12490022129833145
20190601,15764,PASTUSA_SUPREMA,562.61,573.05,16819.28,29.35,0.0,0.34139366757867196
20190601,15774,PASTUSA_SUPREMA,78.9,75.47,1651.16,21.88,4.347275031685682,0.03351484535361799
20190601,15776,PASTUSA_SUPREMA,13.72,11.18,188.02,16.82,18.5131195335277,0.0038163843742503784
20190601,15790,CRIOLLA,3.43,3.49,23.93,6.86,0.0,0.0004857253381332388
20190601,15790,PASTUSA_SUPREMA,20.58,20.97,174.35,8.31,0.0,0.0035389140285637354
20190601,15804,PASTUSA_SUPREMA,116.64,118.8,2557.08,21.52,0.0,0.051902989871865535
20190601,15806,PASTUSA_SUPREMA,48.03,48.92,1435.79,29.35,0.0,0.029143317310418842
20190601,15808,CRIOLLA,2.06,2.1,20.51,9.77,0.0,0.00041630700731770697
20190601,15808,PASTUSA_SUPREMA,11.66,11.18,175.03,15.66,4.116638078902235,0.003552716503696648
20190601,15810,CRIOLLA,0.69,0.7,10.26,14.66,0.0,0.00020825499244659547
20190601,15810,PASTUSA_SUPREMA,1.37,1.05,7.18,6.84,23.357664233576646,0.00014573789919752002
20190601,15814,PASTUSA_SUPREMA,823.33,698.84,12306.79,17.61,15.120304130785955,0.2498002396190874
20190601,15820,PASTUSA_SUPREMA,54.2,55.21,648.16,11.74,0.0,0.01315619453257167
20190601,15822,PASTUSA_SUPREMA,267.58,251.58,4922.72,19.57,5.979520143508477,0.09992017703866515
20190601,15835,PASTUSA_SUPREMA,137.22,132.78,2857.91,21.52,3.235679930039348,0.05800916427515104
20190601,15837,PASTUSA_SUPREMA,82.33,83.16,1162.31,13.98,0.0,0.023592286576082106
20190601,15839,CRIOLLA,26.07,25.16,443.04,17.61,3.4906022247794377,0.008992718504243631
20190601,15839,PASTUSA_SUPREMA,354.72,350.12,10961.25,31.31,1.2967974740640598,0.22248879492741178
20190601,15842,CRIOLLA,6.86,6.99,54.7,7.83,0.0,0.0011102873378975413
20190601,15842,PASTUSA_SUPREMA,281.31,286.52,5606.43,19.57,0.0,0.1137979568520825
20190601,15861,CRIOLLA,89.19,90.85,1955.41,21.52,0.0,0.039690438087719035
20190601,15861,PASTUSA_SUPREMA,1097.78,1048.26,30766.98,29.35,4.51092204266793,0.6245007005365063
20190601,15879,CRIOLLA,24.01,16.49,209.76,12.72,31.32028321532696,0.004257657623352618
20190601,15879,PASTUSA_SUPREMA,286.11,215.1,2946.25,13.7,24.81912551116704,0.0598022681769768
20190601,17001,PASTUSA_SUPREMA,144.08,146.06,1857.64,12.72,0.0,0.037705926332211856
20190601,17013,PASTUSA_SUPREMA,5.49,5.59,16.41,2.94,0.0,0.00033308620136926237
20190601,17446,PASTUSA_SUPREMA,17.84,18.17,321.34,17.69,0.0,0.006522481410603216
20190601,17653,PASTUSA_SUPREMA,54.89,55.91,875.15,15.65,0.0,0.01776358251848324
20190601,17873,PASTUSA_SUPREMA,17.15,16.07,157.25,9.79,6.297376093294449,0.003191822374486076
20190601,19001,CRIOLLA,3.43,2.8,16.41,5.86,18.36734693877552,0.00033308620136926237
20190601,19001,PASTUSA_SUPREMA,3.43,2.8,21.88,7.81,18.36734693877552,0.0004441149351590165
20190601,19022,PASTUSA_SUPREMA,13.72,12.58,196.91,15.65,8.309037900874639,0.003996831438855665
20190601,19100,CRIOLLA,10.29,10.48,82.05,7.83,0.0,0.001665431006846312
20190601,19100,PASTUSA_SUPREMA,52.14,53.11,415.7,7.83,0.0,0.008437777812870344
20190601,19364,CRIOLLA,20.58,20.97,82.05,3.91,0.0,0.001665431006846312
20190601,19397,PASTUSA_SUPREMA,65.18,64.29,440.31,6.85,1.3654495243939913,0.008937305626136496
20190601,19517,PASTUSA_SUPREMA,53.52,46.12,631.75,13.7,13.826606875934244,0.012823108331202407
20190601,19585,PASTUSA_SUPREMA,686.11,684.86,16750.91,24.46,0.18218652985673156,0.3400059098950878
20190601,19622,PASTUSA_SUPREMA,2.06,2.1,16.41,7.81,0.0,0.00033308620136926237
20190601,19693,PASTUSA_SUPREMA,205.83,202.66,3568.97,17.61,1.5401059126463612,0.07244208775751715
20190601,19701,PASTUSA_SUPREMA,2.4,1.36,53.33,39.21,43.33333333333332,0.0010824794100562317
20190601,19743,PASTUSA_SUPREMA,150.94,139.77,4785.97,34.24,7.400291506558887,0.0971444586939213
20190601,19760,PASTUSA_SUPREMA,102.92,104.83,1846.02,17.61,0.0,0.037470066389499436
20190601,19821,CRIOLLA,5.49,5.59,82.05,14.68,0.0,0.001665431006846312
20190601,19821,PASTUSA_SUPREMA,8.92,9.08,135.37,14.91,0.0,0.0027477074393270594
20190601,19824,CRIOLLA,144.08,139.77,3281.81,23.48,2.991393670183229,0.06661338369991827
20190601,19824,PASTUSA_SUPREMA,466.56,405.33,11103.46,27.39,13.123713991769549,0.2253753390283699
20190601,25019,PASTUSA_SUPREMA,2.74,2.8,47.86,17.09,0.0,0.0009714506762664776
20190601,25053,PASTUSA_SUPREMA,15.78,15.37,330.92,21.53,2.5982256020278816,0.006716933927916898
20190601,25099,CRIOLLA,171.53,171.22,3015.16,17.61,0.18072640354457326,0.06120098664963712
20190601,25099,PASTUSA_SUPREMA,150.94,150.25,2939.96,19.57,0.45713528554391925,0.05967459528199735
20190601,25120,PASTUSA_SUPREMA,13.72,12.58,221.52,17.61,8.309037900874639,0.004496359252121816
20190601,25126,PASTUSA_SUPREMA,2.54,2.38,13.67,5.74,6.299212598425208,0.0002774703456866433
20190601,25151,CRIOLLA,44.6,45.42,711.06,15.66,0.0,0.0144329234823661
20190601,25151,PASTUSA_SUPREMA,44.6,41.93,779.43,18.59,5.986547085201799,0.015820681165950284
20190601,25154,CRIOLLA,20.58,20.97,410.23,19.56,0.0,0.00832674907908059
20190601,25154,PASTUSA_SUPREMA,411.67,419.3,8204.53,19.57,0.0,0.16653356073858344
20190601,25175,PASTUSA_SUPREMA,48.03,48.92,717.9,14.67,0.0,0.014571760143997163
20190601,25178,CRIOLLA,24.01,24.46,263.23,10.76,0.0,0.005342978719465627
20190601,25181,CRIOLLA,10.29,10.48,82.05,7.83,0.0,0.001665431006846312
20190601,25181,PASTUSA_SUPREMA,12.35,12.58,246.14,19.57,0.0,0.004996090042963451
20190601,25183,CRIOLLA,102.92,99.93,1271.02,12.72,2.905169063350166,0.02579885579916879
20190601,25183,PASTUSA_SUPREMA,1474.45,1410.96,41412.35,29.35,4.306012411407645,0.840577839809529
20190601,25200,PASTUSA_SUPREMA,301.89,285.13,5021.17,17.61,5.551691013282978,0.10191849126930524
20190601,25214,PASTUSA_SUPREMA,48.03,48.92,1244.35,25.44,0.0,0.025257514605352933
20190601,25224,CRIOLLA,6.86,6.99,102.56,14.67,0.0,0.002081738014164019
20190601,25224,PASTUSA_SUPREMA,82.33,83.86,1640.91,19.57,0.0,0.03330679333874688
20190601,25260,CRIOLLA,198.97,202.66,3568.97,17.61,0.0,0.07244208775751715
20190601,25260,PASTUSA_SUPREMA,281.31,286.52,6727.71,23.48,0.0,0.1365574264359537
20190601,25269,CRIOLLA,73.41,74.78,1170.51,15.65,0.0,0.023758728187978993
20190601,25269,PASTUSA_SUPREMA,185.25,188.69,3987.4,21.13,0.0,0.08093527844849463
20190601,25281,CRIOLLA,82.33,83.86,1230.68,14.68,0.0,0.02498004425966629
20190601,25281,PASTUSA_SUPREMA,157.81,160.73,3774.08,23.48,0.0,0.0766053608082697
20190601,25286,PASTUSA_SUPREMA,168.78,166.32,2766.29,16.63,1.4575186633487447,0.056149483728566534
20190601,25288,CRIOLLA,8.23,8.39,114.86,13.69,0.0,0.0023314004320093527
20190601,25288,PASTUSA_SUPREMA,56.95,58.0,1021.46,17.61,0.0,0.020733347425389806
20190601,25295,PASTUSA_SUPREMA,54.89,54.51,1119.92,20.55,0.6922936782656319,0.02273186463360538
20190601,25297,PASTUSA_SUPREMA,6.86,6.29,73.84,11.74,8.309037900874639,0.0014987864173739386
20190601,25299,PASTUSA_SUPREMA,3.09,2.8,68.37,24.42,9.385113268608414,0.0013877576835841846
20190601,25312,CRIOLLA,24.01,24.46,287.16,11.74,0.0,0.0058287040575988654
20190601,25312,PASTUSA_SUPREMA,54.89,55.91,984.54,17.61,0.0,0.019983954216702838
20190601,25317,CRIOLLA,3.43,3.49,68.37,19.59,0.0,0.0013877576835841846
20190601,25317,PASTUSA_SUPREMA,212.69,216.64,4662.91,21.52,0.0,0.09464661665001506
20190601,25322,CRIOLLA,12.35,12.58,233.83,18.59,0.0,0.0047462246475426335
20190601,25322,PASTUSA_SUPREMA,118.7,120.9,2806.63,23.21,0.0,0.056968295268069034
20190601,25326,CRIOLLA,41.17,41.93,1025.57,24.46,0.0,0.020816771208913735
20190601,25326,PASTUSA_SUPREMA,380.79,384.36,12033.31,31.31,0.0,0.24424920888475068
20190601,25372,PASTUSA_SUPREMA,27.44,27.95,492.27,17.61,0.0,0.009991977108351419
20190601,25377,CRIOLLA,102.92,102.03,2096.26,20.55,0.8647493198600809,0.04254937723841133
20190601,25377,PASTUSA_SUPREMA,624.36,632.45,18562.74,29.35,0.0,0.3767819959540074
20190601,25407,CRIOLLA,20.58,20.97,307.67,14.67,0.0,0.006245011064916572
20190601,25407,PASTUSA_SUPREMA,308.75,314.48,5230.39,16.63,0.0,0.10616518810358173
20190601,25426,CRIOLLA,24.01,24.46,210.58,8.61,0.0,0.004274301784542307
20190601,25426,PASTUSA_SUPREMA,178.39,181.7,2630.92,14.48,0.0,0.05340177628923947
20190601,25430,PASTUSA_SUPREMA,233.28,230.62,4489.93,19.47,1.1402606310013663,0.09113551054929264
20190601,25436,PASTUSA_SUPREMA,20.58,19.57,382.88,19.56,4.9076773566569365,0.007771605410131821
20190601,25473,PASTUSA_SUPREMA,137.22,136.27,3866.38,28.37,0.6923189039498512,0.07847884382998711
20190601,25486,PASTUSA_SUPREMA,8.92,9.08,151.1,16.64,0.0,0.003066991165563409
20190601,25513,CRIOLLA,192.11,192.18,2632.29,13.7,0.0,0.05342958421708078
20190601,25513,PASTUSA_SUPREMA,82.33,82.46,1694.23,20.55,0.0,0.03438906977122763
20190601,25535,PASTUSA_SUPREMA,480.28,489.19,11486.34,23.48,0.0,0.2331469444385017
20190601,25594,CRIOLLA,6.86,6.99,102.56,14.67,0.0,0.002081738014164019
20190601,25594,PASTUSA_SUPREMA,13.72,13.98,287.16,20.54,0.0,0.0058287040575988654
20190601,25649,PASTUSA_SUPREMA,10.98,10.48,246.14,23.49,4.553734061930781,0.004996090042963451
20190601,25653,CRIOLLA,30.87,29.35,344.59,11.74,4.923874311629417,0.006994404273603542
20190601,25653,PASTUSA_SUPREMA,672.39,679.27,13291.33,19.57,0.0,0.2697841938357903
20190601,25736,CRIOLLA,68.61,69.88,683.71,9.78,0.0,0.01387777981341733
20190601,25736,PASTUSA_SUPREMA,871.36,887.53,37337.43,42.07,0.0,0.7578661016203984
20190601,25740,CRIOLLA,339.62,345.93,8460.92,24.46,0.0,0.171737702796418
20190601,25740,PASTUSA_SUPREMA,491.26,500.37,12727.96,25.44,0.0,0.2583490461657475
20190601,25745,PASTUSA_SUPREMA,116.64,118.8,4068.08,34.24,0.0,0.08257290152749963
20190601,25754,CRIOLLA,20.58,18.87,332.28,17.61,8.309037900874628,0.006744538878182724
20190601,25754,PASTUSA_SUPREMA,273.07,278.14,5442.34,19.57,0.0,0.11046729781596534
20190601,25758,CRIOLLA,3.43,3.49,51.28,14.69,0.0,0.0010408690070820095
20190601,25758,PASTUSA_SUPREMA,54.89,55.91,1093.94,19.57,0.0,0.02220452889249792
20190601,25769,CRIOLLA,67.24,68.49,1206.07,17.61,0.0,0.024480516446400136
20190601,25769,PASTUSA_SUPREMA,329.33,335.44,6891.8,20.55,0.0,0.13988808547207082
20190601,25772,CRIOLLA,24.01,24.46,765.76,31.31,0.0,0.015543210820263642
20190601,25772,PASTUSA_SUPREMA,566.04,576.54,18049.96,31.31,0.0,0.3663737118383383
20190601,25779,CRIOLLA,34.31,34.94,683.71,19.57,0.0,0.01387777981341733
20190601,25779,PASTUSA_SUPREMA,123.5,125.79,2461.36,19.57,0.0,0.04996008851933258
20190601,25781,PASTUSA_SUPREMA,84.39,84.56,1944.13,22.99,0.0,0.03946147938257307
20190601,25785,PASTUSA_SUPREMA,57.63,57.3,1289.48,22.5,0.5726184279021385,0.026173552403512275
20190601,25793,CRIOLLA,72.04,73.38,1292.21,17.61,0.0,0.026228965281619412
20190601,25793,PASTUSA_SUPREMA,5077.22,5171.41,111308.08,21.52,0.0,2.2593044210180357
20190601,25799,CRIOLLA,13.72,13.98,341.86,24.45,0.0,0.006938991395496407
20190601,25799,PASTUSA_SUPREMA,150.94,153.74,3008.33,19.57,0.0,0.06106235296558154
20190601,25817,PASTUSA_SUPREMA,6.17,6.29,104.61,16.63,0.0,0.002123348417138241
20190601,25839,CRIOLLA,2.4,2.45,35.89,14.65,0.0,0.0007284865184121162
20190601,25839,PASTUSA_SUPREMA,4.12,4.19,123.07,29.37,0.0,0.0024980450214817256
20190601,25841,CRIOLLA,75.47,76.87,451.25,5.87,0.0,0.009159363093716006
20190601,25841,PASTUSA_SUPREMA,102.92,104.83,820.45,7.83,0.0,0.016653295180585698
20190601,25843,CRIOLLA,21.96,20.97,369.2,17.61,4.508196721311486,0.007493932086869693
20190601,25843,PASTUSA_SUPREMA,315.61,321.47,6290.14,19.57,0.0,0.1276757366654998
20190601,25845,CRIOLLA,155.75,153.74,3309.16,21.52,1.2905296950240674,0.06716852736886705
20190601,25845,PASTUSA_SUPREMA,622.99,628.95,20921.54,33.26,0.0,0.42466034645917594
20190601,25873,CRIOLLA,7.55,7.69,127.85,16.63,0.0,0.002595068302563083
20190601,25873,PASTUSA_SUPREMA,3636.39,3585.04,98208.19,27.39,1.4121147621679708,1.9934060298873113
20190601,25898,CRIOLLA,150.94,139.77,1640.91,11.74,7.400291506558887,0.03330679333874688
20190601,25898,PASTUSA_SUPREMA,168.1,157.94,5871.71,37.18,6.044021415823908,0.11918254597452234
20190601,25899,CRIOLLA,34.31,34.94,615.34,17.61,0.0,0.012490022129833144
20190601,25899,PASTUSA_SUPREMA,967.42,985.36,24100.8,24.46,0.0,0.48919219512250567
20190601,41001,PASTUSA_SUPREMA,1.37,1.4,8.2,5.86,0.0,0.00016644161189688917
20190601,41020,PASTUSA_SUPREMA,2.06,2.1,10.26,4.89,0.0,0.00020825499244659547
20190601,41206,PASTUSA_SUPREMA,2.74,2.8,10.94,3.91,0.0,0.00022205746757950824
20190601,41359,PASTUSA_SUPREMA,4.12,4.19,20.51,4.89,0.0,0.00041630700731770697
20190601,41396,PASTUSA_SUPREMA,3.43,2.8,13.67,4.88,18.36734693877552,0.0002774703456866433
20190601,41668,PASTUSA_SUPREMA,1.37,1.4,6.84,4.89,0.0,0.00013883666163106367
20190601,52001,CRIOLLA,219.56,223.63,3938.17,17.61,0.0,0.07993601984438684
20190601,52001,PASTUSA_SUPREMA,2744.44,2795.35,65636.22,23.48,0.0,1.3322680799535165
20190601,52022,PASTUSA_SUPREMA,219.56,195.67,3076.7,15.72,10.880852614319558,0.062450110649165724
20190601,52083,PASTUSA_SUPREMA,5.49,4.19,20.51,4.89,23.67941712204007,0.00041630700731770697
20190601,52110,PASTUSA_SUPREMA,68.61,66.39,519.62,7.83,3.235679930039348,0.01054712077730019
20190601,52210,PASTUSA_SUPREMA,356.78,363.4,7821.65,21.52,0.0,0.1587619553284516
20190601,52215,CRIOLLA,41.17,41.93,1230.68,29.35,0.0,0.02498004425966629
20190601,52215,PASTUSA_SUPREMA,205.83,209.65,3692.04,17.61,0.0,0.07494013277899887
20190601,52224,CRIOLLA,27.44,27.25,213.32,7.83,0.6924198250728875,0.004329917640224927
20190601,52224,PASTUSA_SUPREMA,343.06,342.43,6030.33,17.61,0.1836413455372221,0.12240217627684973
20190601,52227,CRIOLLA,20.58,13.98,164.09,11.74,32.069970845481045,0.00333065903611714
20190601,52227,PASTUSA_SUPREMA,157.81,146.76,2871.58,19.57,7.00209112223561,0.058286634620837684
20190601,52258,PASTUSA_SUPREMA,8.92,7.69,69.05,8.98,13.789237668161425,0.0014015601587170972
20190601,52287,PASTUSA_SUPREMA,89.19,90.85,977.71,10.76,0.0,0.01984532053264726
20190601,52317,CRIOLLA,19.21,18.17,213.32,11.74,5.413846954711088,0.004329917640224927
20190601,52317,PASTUSA_SUPREMA,267.58,258.57,4806.49,18.59,3.367217280813206,0.0975609686788145
20190601,52320,CRIOLLA,12.35,12.58,123.07,9.78,0.0,0.0024980450214817256
20190601,52320,PASTUSA_SUPREMA,188.68,192.18,3008.33,15.65,0.0,0.06106235296558154
20190601,52323,CRIOLLA,6.86,6.99,136.74,19.56,0.0,0.002775515367168369
20190601,52323,PASTUSA_SUPREMA,411.67,419.3,9435.21,22.5,0.0,0.19151360499824974
20190601,52352,CRIOLLA,61.75,62.9,492.27,7.83,0.0,0.009991977108351419
20190601,52352,PASTUSA_SUPREMA,631.22,642.93,12580.27,19.57,0.0,0.25535127035342414
20190601,52354,CRIOLLA,11.32,11.18,126.83,11.34,1.2367491166077826,0.002574364589863714
20190601,52354,PASTUSA_SUPREMA,117.32,117.68,2057.97,17.49,0.0,0.041772176101883045
20190601,52356,CRIOLLA,48.03,47.52,418.43,8.81,1.0618363522798213,0.00849319069097748
20190601,52356,PASTUSA_SUPREMA,891.94,876.34,15432.72,17.61,1.7489965692759624,0.3132496088723609
20190601,52378,PASTUSA_SUPREMA,17.15,13.28,155.89,11.74,22.56559766763848,0.0031642174242202505
20190601,52381,CRIOLLA,1.37,1.4,6.84,4.89,0.0,0.00013883666163106367
20190601,52381,PASTUSA_SUPREMA,6.17,6.29,36.92,5.87,0.0,0.0007493932086869693
20190601,52385,PASTUSA_SUPREMA,1.37,1.4,6.84,4.89,0.0,0.00013883666163106367
20190601,52418,PASTUSA_SUPREMA,3.43,3.49,51.28,14.69,0.0,0.0010408690070820095
20190601,52435,PASTUSA_SUPREMA,28.82,17.47,177.76,10.18,39.38237335183901,0.003608129381803783
20190601,52480,CRIOLLA,2.74,2.8,21.88,7.81,0.0,0.0004441149351590165
20190601,52480,PASTUSA_SUPREMA,6.86,6.99,8.2,1.17,0.0,0.00016644161189688917
20190601,52506,CRIOLLA,6.86,6.29,184.6,29.35,8.309037900874639,0.0037469660434348464
20190601,52506,PASTUSA_SUPREMA,679.25,628.95,20306.2,32.29,7.405226352594763,0.4121703243293428
20190601,52560,CRIOLLA,123.5,125.79,2769.03,22.01,0.0,0.05620509958424915
20190601,52560,PASTUSA_SUPREMA,377.36,384.36,15229.65,39.62,0.0,0.3091277432470071
20190601,52565,CRIOLLA,22.64,23.06,225.62,9.78,0.0,0.00457958005807026
20190601,52565,PASTUSA_SUPREMA,46.66,47.52,511.42,10.76,0.0,0.0103806791654033
20190601,52573,CRIOLLA,58.32,58.0,567.48,9.78,0.5486968449931462,0.011518571453566667
20190601,52573,PASTUSA_SUPREMA,123.5,124.39,2312.31,18.59,0.0,0.04693470775674339
20190601,52585,CRIOLLA,50.77,51.71,1366.05,26.42,0.0,0.027727751698993348
20190601,52585,PASTUSA_SUPREMA,1674.11,1705.17,39997.07,23.46,0.0,0.811850829506428
20190601,52612,PASTUSA_SUPREMA,2.74,2.8,54.7,19.54,0.0,0.0011102873378975413
20190601,52678,PASTUSA_SUPREMA,47.34,43.33,805.41,18.59,8.470637938318559,0.016348016907057745
20190601,52683,PASTUSA_SUPREMA,6.17,6.29,123.07,19.57,0.0,0.0024980450214817256
20190601,52685,PASTUSA_SUPREMA,3.43,3.49,23.93,6.86,0.0,0.0004857253381332388
20190601,52699,PASTUSA_SUPREMA,27.44,27.25,373.31,13.7,0.6924198250728875,0.007577355870393622
20190601,52720,CRIOLLA,13.72,13.28,129.91,9.78,3.2069970845481133,0.002636881683112789
20190601,52720,PASTUSA_SUPREMA,686.11,698.84,11623.08,16.63,0.0,0.2359224598056701
20190601,52788,PASTUSA_SUPREMA,274.44,279.54,4922.72,17.61,0.0,0.09992017703866515
20190601,52838,CRIOLLA,284.05,279.54,3281.81,11.74,1.5877486358035542,0.06661338369991827
20190601,52838,PASTUSA_SUPREMA,1922.48,1921.81,48885.31,25.44,0.034850817693821146,0.9922621700584288
20190601,52885,PASTUSA_SUPREMA,178.39,181.7,4088.59,22.5,0.0,0.08298920853481734
20190601,54125,CRIOLLA,34.31,33.54,656.36,19.57,2.2442436607403193,0.01332263614446856
20190601,54125,PASTUSA_SUPREMA,54.89,54.51,1173.25,21.52,0.6922936782656319,0.023814344043661614
20190601,54174,CRIOLLA,20.58,17.47,256.39,14.68,15.111758989310008,0.005204142057834563
20190601,54174,PASTUSA_SUPREMA,315.61,257.17,3522.48,13.7,18.51652355755521,0.07149844500909197
20190601,54347,CRIOLLA,2.06,2.1,32.82,15.63,0.0,0.0006661724027385247
20190601,54347,PASTUSA_SUPREMA,6.17,6.29,110.76,17.61,0.0,0.002248179626060908
20190601,54377,PASTUSA_SUPREMA,4.12,3.49,51.28,14.69,15.291262135922324,0.0010408690070820095
20190601,54480,CRIOLLA,90.57,92.25,2256.24,24.46,0.0,0.04579661249100454
20190601,54480,PASTUSA_SUPREMA,55.57,56.61,1384.51,24.46,0.0,0.028102448303336833
20190601,54518,CRIOLLA,67.92,68.49,871.05,12.72,0.0,0.017680361712534794
20190601,54518,PASTUSA_SUPREMA,108.41,109.72,1610.14,14.67,0.0,0.03268223133898258
20190601,54743,CRIOLLA,131.05,132.08,2584.43,19.57,0.0,0.05245813354081431
20190601,54743,PASTUSA_SUPREMA,714.24,717.01,18419.16,25.69,0.0,0.37386764392520794
20190601,68020,PASTUSA_SUPREMA,20.58,20.97,410.23,19.56,0.0,0.00832674907908059
20190601,68101,PASTUSA_SUPREMA,33.62,34.24,683.71,19.97,0.0,0.01387777981341733
20190601,68132,CRIOLLA,1.72,1.75,17.09,9.77,0.0,0.00034688867650217514
20190601,68132,PASTUSA_SUPREMA,2.74,2.8,32.82,11.72,0.0,0.0006661724027385247
20190601,68152,PASTUSA_SUPREMA,548.89,559.07,8751.5,15.65,0.0,0.1776358251848324
20190601,68162,PASTUSA_SUPREMA,205.83,174.71,8067.78,46.18,15.119273186610316,0.1637578423938396
20190601,68207,CRIOLLA,8.23,8.39,106.66,12.71,0.0,0.0021649588201124634
20190601,68207,PASTUSA_SUPREMA,27.44,27.95,1093.94,39.14,0.0,0.02220452889249792
20190601,68264,PASTUSA_SUPREMA,65.18,66.39,389.72,5.87,0.0,0.007910442071762884
20190601,68298,PASTUSA_SUPREMA,10.29,10.48,82.05,7.83,0.0,0.001665431006846312
20190601,68318,CRIOLLA,20.58,20.62,423.56,20.54,0.0,0.008597318187200779
20190601,68318,PASTUSA_SUPREMA,188.68,189.39,4817.42,25.44,0.0,0.09778282316881852
20190601,68368,PASTUSA_SUPREMA,1.37,1.4,15.04,10.74,0.0,0.0003052782735279528
20190601,68377,CRIOLLA,1.37,1.26,19.44,15.43,8.029197080291972,0.00039458840674091777
20190601,68377,PASTUSA_SUPREMA,1.37,1.33,23.64,17.77,2.919708029197088,0.0004798389884442025
20190601,68432,CRIOLLA,0.17,0.14,4.79,34.21,17.647058823529406,9.722625865684135e-05
20190601,68432,PASTUSA_SUPREMA,0.69,0.63,12.31,19.54,8.695652173913038,0.0002498653954208178
20190601,68468,PASTUSA_SUPREMA,12.35,11.88,232.46,19.57,3.805668016194319,0.004718416719701324
20190601,68502,PASTUSA_SUPREMA,120.76,123.0,2647.33,21.52,0.0,0.053734862490608735
20190601,68572,PASTUSA_SUPREMA,20.58,19.57,287.16,14.67,4.9076773566569365,0.0058287040575988654
20190601,68669,PASTUSA_SUPREMA,11.66,11.88,109.39,9.21,0.0,0.0022203716982195985
20190601,68682,PASTUSA_SUPREMA,1.37,1.4,13.67,9.76,0.0,0.0002774703456866433
20190601,68773,PASTUSA_SUPREMA,1.37,0.7,26.57,37.96,48.9051094890511,0.0005393114180610178
20190601,68820,PASTUSA_SUPREMA,240.14,244.59,5982.47,24.46,0.0,0.12143072560058324
20190601,68861,PASTUSA_SUPREMA,3.43,3.49,6.84,1.96,0.0,0.00013883666163106367
20190601,68867,CRIOLLA,0.69,0.7,10.26,14.66,0.0,0.00020825499244659547
20190601,68867,PASTUSA_SUPREMA,28.82,29.35,574.32,19.57,0.0,0.011657408115197731
20190601,73043,PASTUSA_SUPREMA,61.75,58.0,907.97,15.65,6.072874493927127,0.018429754921221765
20190601,73124,PASTUSA_SUPREMA,20.58,20.27,317.24,15.65,1.5063168124392567,0.006439260604654771
20190601,73152,PASTUSA_SUPREMA,137.22,139.77,1367.42,9.78,0.0,0.02775555962683466
20190601,73347,PASTUSA_SUPREMA,116.64,118.8,2092.15,17.61,0.0,0.0424659534548874
20190601,73461,CRIOLLA,10.98,11.18,191.44,17.12,0.0,0.0038858027050659104
20190601,73461,PASTUSA_SUPREMA,377.36,384.36,8204.53,21.35,0.0,0.16653356073858344
20190601,73622,CRIOLLA,41.17,38.44,526.46,13.7,6.63104202088901,0.010685957438931254
20190601,73622,PASTUSA_SUPREMA,34.31,31.45,615.34,19.57,8.335762168464012,0.012490022129833144
20190601,73686,PASTUSA_SUPREMA,137.22,139.77,2187.87,15.65,0.0,0.04440885480742036
20190601,73870,PASTUSA_SUPREMA,13.72,13.98,179.13,12.81,0.0,0.0036359373096450927
20190601,76111,PASTUSA_SUPREMA,3.43,3.49,68.37,19.59,0.0,0.0013877576835841846
20190601,76275,PASTUSA_SUPREMA,2.74,2.45,47.86,19.53,10.58394160583942,0.0009714506762664776
20190601,76834,PASTUSA_SUPREMA,102.92,104.83,2051.13,19.57,0.0,0.041633339440251986
20190601,86749,PASTUSA_SUPREMA,1.72,1.75,34.19,19.54,0.0,0.0006939803305798343
20190601,86755,PASTUSA_SUPREMA,6.86,6.99,12.99,1.86,0.0,0.00026366787055373054
20190601,86760,PASTUSA_SUPREMA,2.06,2.1,20.51,9.77,0.0,0.00041630700731770697
20190601,05001,PASTUSA_SUPREMA,27.44,27.95,437.57,15.66,0.0,0.008881689770453878
20190601,05002,PASTUSA_SUPREMA,54.89,52.41,512.78,9.78,4.518127163417751,0.010408284115669126
20190601,05079,PASTUSA_SUPREMA,20.58,18.87,147.68,7.83,8.309037900874628,0.002997572834747877
20190601,05086,CRIOLLA,68.61,55.91,464.92,8.32,18.5104212213963,0.009436833439402648
20190601,05086,PASTUSA_SUPREMA,137.22,125.79,1846.02,14.68,8.329689549628327,0.037470066389499436
20190601,05088,PASTUSA_SUPREMA,181.82,184.49,2887.99,15.65,0.0,0.05861972082220695
20190601,05113,PASTUSA_SUPREMA,3.43,3.49,2.73,0.78,0.0,5.541287810713506e-05
20190601,05148,CRIOLLA,192.11,195.67,2297.27,11.74,0.0,0.04662942948321544
20190601,05148,PASTUSA_SUPREMA,123.5,125.79,2461.36,19.57,0.0,0.04996008851933258
20190601,05206,PASTUSA_SUPREMA,30.87,31.45,461.5,14.67,0.0,0.009367415108587117
20190601,05237,PASTUSA_SUPREMA,34.31,34.94,1025.57,29.35,0.0,0.020816771208913735
20190601,05264,PASTUSA_SUPREMA,171.53,174.71,5127.83,29.35,0.0,0.10408345008941772
20190601,05266,PASTUSA_SUPREMA,4.12,4.19,90.25,21.54,0.0,0.001831872618743201
20190601,05306,PASTUSA_SUPREMA,2.74,2.8,51.96,18.56,0.0,0.0010546714822149222
20190601,05308,CRIOLLA,4.12,4.19,20.51,4.89,0.0,0.00041630700731770697
20190601,05308,PASTUSA_SUPREMA,4.12,4.19,32.82,7.83,0.0,0.0006661724027385247
20190601,05313,CRIOLLA,4.8,4.19,53.33,12.73,12.708333333333321,0.0010824794100562317
20190601,05313,PASTUSA_SUPREMA,13.72,13.98,205.11,14.67,0.0,0.0041632730507525535
20190601,05318,PASTUSA_SUPREMA,6.86,6.99,164.09,23.47,0.0,0.00333065903611714
20190601,05376,PASTUSA_SUPREMA,5.49,5.59,65.64,11.74,0.0,0.0013323448054770495
20190601,05400,CRIOLLA,68.61,68.49,804.04,11.74,0.17490161783997316,0.016320208979216436
20190601,05400,PASTUSA_SUPREMA,686.11,684.86,10385.56,15.16,0.18218652985673156,0.21080357888437273
20190601,05440,CRIOLLA,20.58,20.27,138.79,6.85,1.5063168124392567,0.0028171257701425914
20190601,05440,PASTUSA_SUPREMA,82.33,80.37,746.95,9.29,2.380663184744314,0.015161410000778216
20190601,05541,PASTUSA_SUPREMA,13.72,12.58,246.14,19.57,8.309037900874639,0.004996090042963451
20190601,05607,PASTUSA_SUPREMA,34.31,26.56,311.77,11.74,22.588166715243375,0.0063282318708650165
20190601,05615,PASTUSA_SUPREMA,12.35,12.58,147.68,11.74,0.0,0.002997572834747877
20190601,05647,PASTUSA_SUPREMA,13.72,13.98,205.11,14.67,0.0,0.0041632730507525535
20190601,05658,PASTUSA_SUPREMA,6.17,6.29,153.83,24.46,0.0,0.0031224040436705442
20190601,05664,CRIOLLA,27.44,24.46,203.4,8.32,10.860058309037901,0.004128563885344788
20190601,05664,PASTUSA_SUPREMA,445.97,452.15,13713.18,30.33,0.0,0.2783468028575833
20190601,05674,PASTUSA_SUPREMA,411.67,419.3,9024.98,21.52,0.0,0.18318685591916914
20190601,05686,CRIOLLA,34.31,34.24,278.07,8.12,0.20402215097639065,0.005644197441483899
20190601,05686,PASTUSA_SUPREMA,432.25,436.77,9401.02,21.52,0.0,0.19081962466766988
20190601,05697,PASTUSA_SUPREMA,116.64,118.8,1627.23,13.7,0.0,0.033029120015484754
20190601,05756,CRIOLLA,65.18,65.69,835.49,12.72,0.0,0.01695857345411365
20190601,05756,PASTUSA_SUPREMA,30.87,31.45,492.27,15.65,0.0,0.009991977108351419
20190601,05847,CRIOLLA,4.12,3.84,30.08,7.83,6.796116504854377,0.0006105565470559056
20190601,05847,PASTUSA_SUPREMA,4.8,4.89,191.44,39.15,0.0,0.0038858027050659104
20190601,05887,PASTUSA_SUPREMA,34.31,34.94,717.9,20.55,0.0,0.014571760143997163
20190601,15001,CRIOLLA,34.31,34.94,341.86,9.78,0.0,0.006938991395496407
20190601,15001,PASTUSA_SUPREMA,1372.22,1397.68,27348.42,19.57,0.0,0.5551115984918441
20190601,15047,CRIOLLA,20.58,17.47,136.74,7.83,15.111758989310008,0.002775515367168369
20190601,15047,PASTUSA_SUPREMA,54.89,41.93,1025.57,24.46,23.61085807979596,0.020816771208913735
20190601,15051,PASTUSA_SUPREMA,857.64,873.55,17092.76,19.57,0.0,0.3469446983130087
20190601,15087,CRIOLLA,24.01,24.46,196.22,8.02,0.0,0.003982825986147268
20190601,15087,PASTUSA_SUPREMA,219.56,223.63,2844.24,12.72,0.0,0.0577316939294644
20190601,15092,CRIOLLA,3.43,3.49,51.28,14.69,0.0,0.0010408690070820095
20190601,15092,PASTUSA_SUPREMA,15.09,15.37,300.83,19.57,0.0,0.006106174403285509
20190601,15104,PASTUSA_SUPREMA,96.06,97.84,2488.71,25.44,0.0,0.05051523218828135
20190601,15109,PASTUSA_SUPREMA,8.23,8.39,172.3,20.54,0.0,0.0034973036255895127
20190601,15131,CRIOLLA,96.74,98.54,1160.94,11.78,0.0,0.023564478648240794
20190601,15131,PASTUSA_SUPREMA,57.63,58.7,687.81,11.72,0.0,0.013961000619365773
20190601,15162,PASTUSA_SUPREMA,19.21,19.57,191.44,9.78,0.0,0.0038858027050659104
20190601,15172,PASTUSA_SUPREMA,1.03,1.05,30.77,29.3,0.0,0.0006245619997643024
20190601,15176,CRIOLLA,34.31,34.94,307.67,8.81,0.0,0.006245011064916572
20190601,15176,PASTUSA_SUPREMA,212.69,216.64,2755.35,12.72,0.0,0.055927426260987026
20190601,15180,PASTUSA_SUPREMA,75.47,76.87,1353.75,17.61,0.0,0.027478089281148015
20190601,15183,PASTUSA_SUPREMA,158.49,161.43,1895.25,11.74,0.0,0.03846932499360722
20190601,15187,PASTUSA_SUPREMA,34.31,34.94,615.34,17.61,0.0,0.012490022129833144
20190601,15189,PASTUSA_SUPREMA,168.1,171.22,2093.86,12.23,0.0,0.04250066262029517
20190601,15204,PASTUSA_SUPREMA,377.36,384.36,9401.02,24.46,0.0,0.19081962466766988
20190601,15215,PASTUSA_SUPREMA,0.69,0.56,12.03,21.48,18.84057971014491,0.0002441820233072655
20190601,15224,PASTUSA_SUPREMA,240.14,244.59,4785.97,19.57,0.0,0.0971444586939213
20190601,15226,CRIOLLA,2.06,2.1,10.26,4.89,0.0,0.00020825499244659547
20190601,15226,PASTUSA_SUPREMA,13.72,13.98,464.92,33.26,0.0,0.009436833439402648
20190601,15232,CRIOLLA,27.44,24.46,191.44,7.83,10.860058309037901,0.0038858027050659104
20190601,15232,PASTUSA_SUPREMA,514.58,503.16,9845.43,19.57,2.2192856310000453,0.19984015109975484
20190601,15236,PASTUSA_SUPREMA,4.12,4.19,69.74,16.64,0.0,0.0014155656114254941
20190601,15238,CRIOLLA,2.06,2.03,31.83,15.68,1.456310679611661,0.0006460776227656076
20190601,15238,PASTUSA_SUPREMA,10.29,10.17,179.06,17.61,1.1661807580174877,0.0036345164666167044
20190601,15244,PASTUSA_SUPREMA,68.61,69.88,649.53,9.29,0.0,0.013184002460412979
20190601,15248,PASTUSA_SUPREMA,4.8,4.89,34.19,6.99,0.0,0.0006939803305798343
20190601,15272,PASTUSA_SUPREMA,109.78,83.86,1640.91,19.57,23.61085807979596,0.03330679333874688
20190601,15293,PASTUSA_SUPREMA,34.31,34.94,820.45,23.48,0.0,0.016653295180585698
20190601,15296,PASTUSA_SUPREMA,96.06,96.44,1132.22,11.74,0.0,0.022981527051450717
20190601,15299,PASTUSA_SUPREMA,2.74,2.1,12.31,5.86,23.357664233576646,0.0002498653954208178
20190601,15317,PASTUSA_SUPREMA,20.58,20.27,198.28,9.78,1.5063168124392567,0.004024639366696974
20190601,15332,CRIOLLA,2.06,1.96,17.23,8.79,4.8543689320388435,0.00034973036255895126
20190601,15332,PASTUSA_SUPREMA,29.5,28.65,336.39,11.74,2.8813559322034,0.006827962661706653
20190601,15367,PASTUSA_SUPREMA,192.11,195.67,2871.58,14.68,0.0,0.058286634620837684
20190601,15368,PASTUSA_SUPREMA,137.22,139.07,2721.17,19.57,0.0,0.05523364890798267
20190601,15403,CRIOLLA,2.06,2.1,22.56,10.74,0.0,0.00045791741029192924
20190601,15403,PASTUSA_SUPREMA,6.86,6.99,102.56,14.67,0.0,0.002081738014164019
20190601,15407,PASTUSA_SUPREMA,150.94,153.05,3294.12,21.52,0.0,0.0668632490953391
20190601,15425,CRIOLLA,2.06,1.4,10.94,7.81,32.038834951456316,0.00022205746757950824
20190601,15425,PASTUSA_SUPREMA,2.06,2.1,26.66,12.7,0.0,0.0005411382162403738
20190601,15442,PASTUSA_SUPREMA,6.17,5.59,120.33,21.53,9.400324149108597,0.0024424291657991065
20190601,15464,PASTUSA_SUPREMA,28.82,29.35,344.59,11.74,0.0,0.006994404273603542
20190601,15466,CRIOLLA,13.72,13.98,136.74,9.78,0.0,0.002775515367168369
20190601,15466,PASTUSA_SUPREMA,27.44,27.95,546.97,19.57,0.0,0.01110226444624896
20190601,15476,CRIOLLA,10.29,10.48,71.79,6.85,0.0,0.0014571760143997164
20190601,15476,PASTUSA_SUPREMA,240.14,244.59,5503.87,22.5,0.0,0.11171621883791846
20190601,15491,PASTUSA_SUPREMA,42.54,43.33,890.19,20.54,0.0,0.018068860792011192
20190601,15494,PASTUSA_SUPREMA,123.5,125.79,1722.95,13.7,0.0,0.034972021368017706
20190601,15500,PASTUSA_SUPREMA,55.57,56.61,1423.49,25.15,0.0,0.02889365489257351
20190601,15511,PASTUSA_SUPREMA,6.86,6.29,36.92,5.87,8.309037900874639,0.0007493932086869693
20190601,15522,PASTUSA_SUPREMA,14.41,14.68,315.87,21.52,0.0,0.006411452676813462
20190601,15531,CRIOLLA,6.86,6.99,68.37,9.78,0.0,0.0013877576835841846
20190601,15531,PASTUSA_SUPREMA,10.29,10.48,256.39,24.46,0.0,0.005204142057834563
20190601,15537,PASTUSA_SUPREMA,6.86,6.99,75.21,10.76,0.0,0.0015265943452152481
20190601,15542,PASTUSA_SUPREMA,223.67,222.23,15001.98,67.51,0.643805606473824,0.3045065527859626
20190601,15599,CRIOLLA,10.29,10.48,112.81,10.76,0.0,0.00228979002903513
20190601,15599,PASTUSA_SUPREMA,137.22,139.77,2324.62,16.63,0.0,0.04718457315216421
20190601,15600,PASTUSA_SUPREMA,186.62,190.08,2402.56,12.64,0.0,0.04876658037548659
20190601,15621,PASTUSA_SUPREMA,3.43,3.49,51.28,14.69,0.0,0.0010408690070820095
20190601,15632,CRIOLLA,514.58,510.15,8983.96,17.61,0.8608962649150897,0.18235424190453373
20190601,15632,PASTUSA_SUPREMA,1715.28,1712.15,33501.82,19.57,0.18247749638542476,0.6800118197901756
20190601,15646,PASTUSA_SUPREMA,720.42,733.78,20818.99,28.37,0.0,0.4225788114225874
20190601,15676,PASTUSA_SUPREMA,32.93,27.95,581.15,20.79,15.122988156696026,0.011796041799253311
20190601,15693,CRIOLLA,14.41,14.68,201.01,13.69,0.0,0.004080052244804109
20190601,15693,PASTUSA_SUPREMA,17.84,18.17,266.65,14.68,0.0,0.005412397050281159
20190601,15723,PASTUSA_SUPREMA,2.74,2.8,27.35,9.77,0.0,0.0005551436689487706
20190601,15740,CRIOLLA,34.31,34.94,410.23,11.74,0.0,0.00832674907908059
20190601,15740,PASTUSA_SUPREMA,2401.39,2445.94,43073.77,17.61,0.0,0.8743009401555937
20190601,15755,CRIOLLA,5.49,4.89,58.1,11.88,10.928961748633892,0.001179299713562105
20190601,15755,PASTUSA_SUPREMA,178.39,181.7,3555.3,19.57,0.0,0.0721646174118305
20190601,15757,PASTUSA_SUPREMA,28.82,29.35,307.67,10.48,0.0,0.006245011064916572
20190601,15759,CRIOLLA,4.12,4.19,41.02,9.79,0.0,0.0008326140146354139
20190601,15759,PASTUSA_SUPREMA,164.67,167.72,2953.63,17.61,0.0,0.059952065627684
20190601,15761,PASTUSA_SUPREMA,5.49,5.59,65.64,11.74,0.0,0.0013323448054770495
20190601,15762,PASTUSA_SUPREMA,30.87,31.45,492.27,15.65,0.0,0.009991977108351419
20190601,15764,CRIOLLA,480.28,489.19,7178.96,14.68,0.0,0.1457167895296697
20190601,15764,PASTUSA_SUPREMA,418.53,426.29,12511.9,29.35,0.0,0.25396351266983996
20190601,15774,PASTUSA_SUPREMA,44.6,45.42,666.62,14.68,0.0,0.013530891136915154
20190601,15776,PASTUSA_SUPREMA,13.72,12.58,209.22,16.63,8.309037900874639,0.004246696834276482
20190601,15790,CRIOLLA,2.74,2.8,20.51,7.33,0.0,0.00041630700731770697
20190601,15790,PASTUSA_SUPREMA,20.58,20.97,174.35,8.31,0.0,0.0035389140285637354
20190601,15806,PASTUSA_SUPREMA,27.44,27.95,820.45,29.35,0.0,0.016653295180585698
20190601,15808,CRIOLLA,2.06,1.89,16.61,8.79,8.252427184466027,0.0003371457528789426
20190601,15808,PASTUSA_SUPREMA,4.12,3.49,58.12,16.65,15.291262135922324,0.001179705668713073
20190601,15814,PASTUSA_SUPREMA,891.94,838.61,12306.79,14.68,5.9791017333004515,0.2498002396190874
20190601,15820,PASTUSA_SUPREMA,20.58,20.97,205.11,9.78,0.0,0.0041632730507525535
20190601,15822,PASTUSA_SUPREMA,288.17,272.55,5332.94,19.57,5.420411562619288,0.10824672314017027
20190601,15835,PASTUSA_SUPREMA,116.64,111.81,2406.66,21.52,4.1409465020576075,0.04884980118143504
20190601,15837,PASTUSA_SUPREMA,34.31,34.94,444.41,12.72,0.0,0.009020526432084942
20190601,15839,CRIOLLA,15.09,14.68,307.67,20.96,2.717031146454607,0.006245011064916572
20190601,15839,PASTUSA_SUPREMA,362.27,367.59,11508.22,31.31,0.0,0.23359105937366073
20190601,15842,CRIOLLA,7.55,6.99,54.7,7.83,7.4172185430463555,0.0011102873378975413
20190601,15842,PASTUSA_SUPREMA,439.11,433.28,8478.01,19.57,1.3276855457630354,0.17208459147292018
20190601,15861,CRIOLLA,54.89,55.91,984.54,17.61,0.0,0.019983954216702838
20190601,15861,PASTUSA_SUPREMA,1372.22,1327.79,38971.5,29.35,3.237819008613785,0.7910340582975142
20190601,15879,CRIOLLA,20.58,16.49,227.51,13.8,19.873663751214778,0.004617942819836738
20190601,15879,PASTUSA_SUPREMA,360.21,267.66,3823.17,14.28,25.69334554843007,0.07760177772632071
20190601,17001,PASTUSA_SUPREMA,144.08,146.06,1857.64,12.72,0.0,0.037705926332211856
20190601,17873,PASTUSA_SUPREMA,17.15,16.07,157.25,9.79,6.297376093294449,0.003191822374486076
20190601,19001,CRIOLLA,6.86,6.99,41.02,5.87,0.0,0.0008326140146354139
20190601,19001,PASTUSA_SUPREMA,6.86,6.99,54.7,7.83,0.0,0.0011102873378975413
20190601,19022,PASTUSA_SUPREMA,68.61,66.39,1299.05,19.57,3.235679930039348,0.026367801943250474
20190601,19355,PASTUSA_SUPREMA,1.37,1.4,20.51,14.65,0.0,0.00041630700731770697
20190601,19364,CRIOLLA,13.72,6.99,27.35,3.91,49.052478134110785,0.0005551436689487706
20190601,19397,PASTUSA_SUPREMA,54.89,55.91,328.18,5.87,0.0,0.00666131807223428
20190601,19517,PASTUSA_SUPREMA,54.34,46.82,549.7,11.74,13.838792786161214,0.011157677324356095
20190601,19585,PASTUSA_SUPREMA,514.58,517.14,12648.65,24.46,0.0,0.2567392310145838
20190601,19622,PASTUSA_SUPREMA,2.06,2.1,16.41,7.81,0.0,0.00033308620136926237
20190601,19693,PASTUSA_SUPREMA,281.31,286.52,5045.78,17.61,0.0,0.1024180190825714
20190601,19701,PASTUSA_SUPREMA,1.03,0.7,13.67,19.53,32.038834951456316,0.0002774703456866433
20190601,19743,PASTUSA_SUPREMA,123.5,111.81,2625.45,23.48,9.465587044534407,0.05329074755544972
20190601,19760,PASTUSA_SUPREMA,61.75,62.9,1107.61,17.61,0.0,0.022481999238184565
20190601,19821,CRIOLLA,5.49,5.59,82.05,14.68,0.0,0.001665431006846312
20190601,19821,PASTUSA_SUPREMA,8.23,8.39,123.07,14.67,0.0,0.0024980450214817256
20190601,19824,CRIOLLA,48.03,34.94,820.45,23.48,27.253799708515515,0.016653295180585698
20190601,19824,PASTUSA_SUPREMA,535.17,349.42,9571.95,27.39,34.70859726815777,0.1942891203654181
20190601,25019,PASTUSA_SUPREMA,2.74,2.8,47.86,17.09,0.0,0.0009714506762664776
20190601,25053,PASTUSA_SUPREMA,16.47,3.49,75.21,21.55,78.80995749848209,0.0015265943452152481
20190601,25099,CRIOLLA,157.81,160.73,2358.8,14.68,0.0,0.04787835050516856
20190601,25099,PASTUSA_SUPREMA,178.39,174.71,3247.63,18.59,2.062895902236661,0.06591960634691393
20190601,25120,PASTUSA_SUPREMA,13.72,13.98,246.14,17.61,0.0,0.004996090042963451
20190601,25126,PASTUSA_SUPREMA,32.86,32.01,626.28,19.57,2.5867315885575226,0.012712079597412653
20190601,25151,CRIOLLA,37.74,38.44,601.67,15.65,0.0,0.012212551784146502
20190601,25151,PASTUSA_SUPREMA,41.17,41.93,779.43,18.59,0.0,0.015820681165950284
20190601,25154,CRIOLLA,20.58,20.97,410.23,19.56,0.0,0.00832674907908059
20190601,25154,PASTUSA_SUPREMA,411.67,419.3,8204.53,19.57,0.0,0.16653356073858344
20190601,25175,PASTUSA_SUPREMA,20.58,20.97,307.67,14.67,0.0,0.006245011064916572
20190601,25178,PASTUSA_SUPREMA,17.84,18.17,319.98,17.61,0.0,0.00649487646033739
20190601,25181,CRIOLLA,54.89,55.91,711.06,12.72,0.0,0.0144329234823661
20190601,25181,PASTUSA_SUPREMA,17.15,17.47,205.11,11.74,0.0,0.0041632730507525535
20190601,25183,CRIOLLA,105.66,102.73,1608.09,15.65,2.7730456180200536,0.032640620936008356
20190601,25183,PASTUSA_SUPREMA,1812.7,1789.03,52508.97,29.35,1.3057869476471584,1.065814342176268
20190601,25200,PASTUSA_SUPREMA,277.87,276.74,4873.49,17.61,0.4066649872242367,0.09892091843455737
20190601,25214,PASTUSA_SUPREMA,48.03,48.57,1235.47,25.44,0.0,0.02507727051832313
20190601,25224,CRIOLLA,13.72,13.98,205.11,14.67,0.0,0.0041632730507525535
20190601,25224,PASTUSA_SUPREMA,109.78,111.81,2187.87,19.57,0.0,0.04440885480742036
20190601,25260,CRIOLLA,190.74,192.88,3207.97,16.63,0.0,0.06511459728254435
20190601,25260,PASTUSA_SUPREMA,288.17,292.81,6875.39,23.48,0.0,0.13955499927070156
20190601,25269,CRIOLLA,67.92,61.5,1143.16,18.59,9.452296819787986,0.023203584519030224
20190601,25269,PASTUSA_SUPREMA,229.16,233.41,4430.17,18.98,0.0,0.08992251655820019
20190601,25281,CRIOLLA,315.61,321.47,4717.6,14.68,0.0,0.09575670101033712
20190601,25281,PASTUSA_SUPREMA,247.0,251.58,5907.26,23.48,0.0,0.119904131255368
20190601,25286,PASTUSA_SUPREMA,137.22,139.77,2734.84,19.57,0.0,0.05551111925366932
20190601,25288,CRIOLLA,12.35,12.58,172.3,13.7,0.0,0.0034973036255895127
20190601,25288,PASTUSA_SUPREMA,56.26,57.3,1009.16,17.61,0.0,0.020483685007544473
20190601,25295,PASTUSA_SUPREMA,3.43,3.49,85.46,24.49,0.0,0.0017346463600863597
20190601,25297,PASTUSA_SUPREMA,6.86,6.29,73.84,11.74,8.309037900874639,0.0014987864173739386
20190601,25299,PASTUSA_SUPREMA,3.43,2.8,68.37,24.42,18.36734693877552,0.0013877576835841846
20190601,25312,CRIOLLA,27.44,27.95,328.18,11.74,0.0,0.00666131807223428
20190601,25312,PASTUSA_SUPREMA,41.17,41.93,738.41,17.61,0.0,0.014988067151314871
20190601,25317,CRIOLLA,2.06,2.1,36.92,17.58,0.0,0.0007493932086869693
20190601,25317,PASTUSA_SUPREMA,192.11,195.67,4211.66,21.52,0.0,0.08548725355629906
20190601,25322,CRIOLLA,13.72,13.98,273.48,19.56,0.0,0.005551030734336738
20190601,25322,PASTUSA_SUPREMA,157.81,160.73,3553.93,22.11,0.0,0.07213680948398919
20190601,25326,CRIOLLA,13.72,13.98,341.86,24.45,0.0,0.006938991395496407
20190601,25326,PASTUSA_SUPREMA,144.08,146.76,4307.38,29.35,0.0,0.08743015490883202
20190601,25339,PASTUSA_SUPREMA,41.17,41.93,984.54,23.48,0.0,0.019983954216702838
20190601,25372,PASTUSA_SUPREMA,27.44,26.56,363.73,13.69,3.2069970845481133,0.007382903353079939
20190601,25377,CRIOLLA,76.84,76.87,1654.58,21.52,0.0,0.03358426368443353
20190601,25377,PASTUSA_SUPREMA,614.07,624.06,18316.61,29.35,0.0,0.3717861088886194
20190601,25407,CRIOLLA,20.58,20.97,307.67,14.67,0.0,0.006245011064916572
20190601,25407,PASTUSA_SUPREMA,312.18,307.49,5360.29,17.43,1.5023383945159785,0.10880186680911903
20190601,25426,CRIOLLA,17.15,17.47,145.29,8.32,0.0,0.0029490611942071987
20190601,25426,PASTUSA_SUPREMA,96.06,97.84,1416.65,14.48,0.0,0.028754818230942447
20190601,25430,PASTUSA_SUPREMA,236.71,233.41,4772.71,20.45,1.394110937434001,0.0968753104288295
20190601,25436,PASTUSA_SUPREMA,20.58,20.97,410.23,19.56,0.0,0.00832674907908059
20190601,25473,PASTUSA_SUPREMA,137.22,136.27,3866.38,28.37,0.6923189039498512,0.07847884382998711
20190601,25486,PASTUSA_SUPREMA,8.23,8.39,139.48,16.62,0.0,0.0028311312228509883
20190601,25513,CRIOLLA,96.06,83.86,1148.63,13.7,12.700395586092029,0.023314613252819978
20190601,25513,PASTUSA_SUPREMA,123.5,125.79,2338.29,18.59,0.0,0.04746204349785085
20190601,25535,PASTUSA_SUPREMA,686.11,698.84,16409.05,23.48,0.0,0.3330669184995914
20190601,25594,CRIOLLA,6.86,6.99,109.39,15.65,0.0,0.0022203716982195985
20190601,25594,PASTUSA_SUPREMA,13.72,13.98,287.16,20.54,0.0,0.0058287040575988654
20190601,25649,PASTUSA_SUPREMA,8.23,6.99,191.44,27.39,15.06682867557716,0.0038858027050659104
20190601,25653,CRIOLLA,26.07,17.47,205.11,11.74,32.988108937476035,0.0041632730507525535
20190601,25653,PASTUSA_SUPREMA,672.39,677.87,13263.99,19.57,0.0,0.269229253144417
20190601,25736,CRIOLLA,78.9,80.37,786.27,9.78,0.0,0.015959517827581347
20190601,25736,PASTUSA_SUPREMA,634.65,646.43,25297.29,39.13,0.0,0.5134782590515922
20190601,25740,CRIOLLA,341.68,348.02,8512.2,24.46,0.0,0.1727785718035
20190601,25740,PASTUSA_SUPREMA,474.79,483.6,8043.17,16.63,0.0,0.16325831458057344
20190601,25745,PASTUSA_SUPREMA,102.92,104.83,3589.48,34.24,0.0,0.07285839476483486
20190601,25754,CRIOLLA,20.58,15.37,270.75,17.62,25.31584062196307,0.005495617856229603
20190601,25754,PASTUSA_SUPREMA,274.44,244.59,4785.97,19.57,10.876694359422823,0.0971444586939213
20190601,25758,PASTUSA_SUPREMA,8.92,9.08,177.76,19.58,0.0,0.003608129381803783
20190601,25769,CRIOLLA,61.75,62.9,1107.61,17.61,0.0,0.022481999238184565
20190601,25769,PASTUSA_SUPREMA,293.66,299.1,6145.19,20.55,0.0,0.12473357670885907
20190601,25772,CRIOLLA,10.29,10.48,328.18,31.31,0.0,0.00666131807223428
20190601,25772,PASTUSA_SUPREMA,445.97,454.25,14221.18,31.31,0.0,0.288658063692171
20190601,25779,CRIOLLA,27.44,27.95,546.97,19.57,0.0,0.01110226444624896
20190601,25779,PASTUSA_SUPREMA,343.06,349.42,6837.11,19.57,0.0,0.1387780011117488
20190601,25781,PASTUSA_SUPREMA,65.18,64.99,1462.46,22.5,0.29150046026390486,0.029684658504234702
20190601,25785,PASTUSA_SUPREMA,54.89,54.51,1279.91,23.48,0.6922936782656319,0.025979302863774076
20190601,25793,CRIOLLA,48.03,48.92,861.48,17.61,0.0,0.017486112172796595
20190601,25793,PASTUSA_SUPREMA,4459.72,4542.45,97770.61,21.52,0.0,1.9845241371392819
20190601,25799,CRIOLLA,17.15,17.47,423.9,24.26,0.0,0.008604219424767235
20190601,25799,PASTUSA_SUPREMA,150.94,153.74,2871.58,18.68,0.0,0.058286634620837684
20190601,25807,PASTUSA_SUPREMA,137.91,140.47,2473.66,17.61,0.0,0.050209750937177916
20190601,25817,PASTUSA_SUPREMA,3.43,3.49,34.19,9.8,0.0,0.0006939803305798343
20190601,25843,CRIOLLA,24.01,23.06,406.12,17.61,3.956684714702219,0.008243325295556662
20190601,25843,PASTUSA_SUPREMA,329.33,335.44,6563.62,19.57,0.0,0.13322676739983655
20190601,25845,CRIOLLA,130.36,119.5,2805.95,23.48,8.330776311752086,0.05695449279293612
20190601,25845,PASTUSA_SUPREMA,705.32,646.57,20242.21,31.31,8.329552543526342,0.41087147082382064
20190601,25873,CRIOLLA,28.82,26.56,441.68,16.63,7.841776544066626,0.008965113553977807
20190601,25873,PASTUSA_SUPREMA,4116.66,4123.15,112948.99,27.39,0.0,2.2926112143567825
20190601,25898,CRIOLLA,171.53,167.72,1969.09,11.74,2.221185798402614,0.03996811141098116
20190601,25898,PASTUSA_SUPREMA,192.11,188.69,7014.87,37.18,1.780230076518674,0.14238613049355256
20190601,25899,CRIOLLA,41.17,41.93,738.41,17.61,0.0,0.014988067151314871
20190601,25899,PASTUSA_SUPREMA,823.33,838.61,20511.32,24.46,0.0,0.41633380035767087
20190601,41001,PASTUSA_SUPREMA,2.06,2.1,12.31,5.86,0.0,0.0002498653954208178
20190601,41020,PASTUSA_SUPREMA,2.06,2.1,10.26,4.89,0.0,0.00020825499244659547
20190601,41206,PASTUSA_SUPREMA,2.74,2.8,10.94,3.91,0.0,0.00022205746757950824
20190601,41359,PASTUSA_SUPREMA,4.12,4.19,20.51,4.89,0.0,0.00041630700731770697
20190601,41396,PASTUSA_SUPREMA,3.43,3.49,23.93,6.86,0.0,0.0004857253381332388
20190601,41668,PASTUSA_SUPREMA,2.06,2.1,10.26,4.89,0.0,0.00020825499244659547
20190601,52001,CRIOLLA,226.42,230.62,4061.24,17.61,0.0,0.08243406486586856
20190601,52001,PASTUSA_SUPREMA,3430.55,3494.19,82045.27,23.48,0.0,1.6653349984531078
20190601,52022,PASTUSA_SUPREMA,212.69,188.69,3230.53,17.12,11.284028398138135,0.06557251469283627
20190601,52083,PASTUSA_SUPREMA,6.17,4.89,24.61,5.03,20.74554294975689,0.0004995278132661515
20190601,52110,PASTUSA_SUPREMA,61.75,55.91,437.57,7.83,9.457489878542514,0.008881689770453878
20190601,52210,PASTUSA_SUPREMA,349.92,209.65,3692.04,17.61,40.08630544124372,0.07494013277899887
20190601,52215,CRIOLLA,41.17,41.93,683.71,16.31,0.0,0.01387777981341733
20190601,52215,PASTUSA_SUPREMA,240.14,244.59,4307.38,17.61,0.0,0.08743015490883202
20190601,52224,CRIOLLA,17.84,16.77,131.27,7.83,5.997757847533636,0.002664486633378615
20190601,52224,PASTUSA_SUPREMA,315.61,307.49,5414.99,17.61,2.5727955387978896,0.10991215414701658
20190601,52227,CRIOLLA,13.72,13.28,155.89,11.74,3.2069970845481133,0.0031642174242202505
20190601,52227,PASTUSA_SUPREMA,192.11,188.69,3692.04,19.57,1.780230076518674,0.07494013277899887
20190601,52258,PASTUSA_SUPREMA,7.55,6.29,56.75,9.02,16.688741721854306,0.0011518977408717635
20190601,52287,PASTUSA_SUPREMA,133.79,48.92,478.6,9.78,63.43523432244562,0.009714506762664776
20190601,52320,CRIOLLA,10.29,10.48,123.07,11.74,0.0,0.0024980450214817256
20190601,52320,PASTUSA_SUPREMA,150.94,153.74,2406.66,15.65,0.0,0.04884980118143504
20190601,52323,CRIOLLA,12.35,12.58,246.14,19.57,0.0,0.004996090042963451
20190601,52323,PASTUSA_SUPREMA,411.67,419.3,9435.21,22.5,0.0,0.19151360499824974
20190601,52352,CRIOLLA,37.74,38.44,300.83,7.83,0.0,0.006106174403285509
20190601,52352,PASTUSA_SUPREMA,823.33,838.61,16409.05,19.57,0.0,0.3330669184995914
20190601,52354,CRIOLLA,13.58,4.89,55.47,11.34,63.99116347569955,0.00112591661120981
20190601,52354,PASTUSA_SUPREMA,148.89,78.97,1380.62,17.48,46.96084357579421,0.028023490026473554
20190601,52356,CRIOLLA,34.31,33.54,295.36,8.81,2.2442436607403193,0.005995145669495754
20190601,52356,PASTUSA_SUPREMA,1097.78,1115.35,19641.64,17.61,0.0,0.3986812465729774
20190601,52378,PASTUSA_SUPREMA,7.55,7.69,90.25,11.74,0.0,0.001831872618743201
20190601,52381,CRIOLLA,2.4,1.75,18.8,10.74,27.083333333333325,0.000381597841909941
20190601,52381,PASTUSA_SUPREMA,6.31,6.29,18.46,2.93,0.31695721077653616,0.00037469660434348464
20190601,52385,PASTUSA_SUPREMA,1.37,1.4,6.84,4.89,0.0,0.00013883666163106367
20190601,52435,PASTUSA_SUPREMA,28.82,17.47,177.76,10.18,39.38237335183901,0.003608129381803783
20190601,52480,CRIOLLA,2.74,2.8,21.88,7.81,0.0,0.0004441149351590165
20190601,52480,PASTUSA_SUPREMA,4.8,4.89,57.43,11.74,0.0,0.0011657002160046764
20190601,52506,CRIOLLA,6.86,6.99,184.6,26.41,0.0,0.0037469660434348464
20190601,52506,PASTUSA_SUPREMA,610.64,621.97,18255.07,29.35,0.0,0.3705369848890908
20190601,52560,CRIOLLA,102.92,104.83,2307.52,22.01,0.0,0.04683748149808655
20190601,52560,PASTUSA_SUPREMA,548.89,139.77,615.34,4.4,74.53588150631273,0.012490022129833144
20190601,52565,CRIOLLA,46.66,47.52,557.91,11.74,0.0,0.011324321913828468
20190601,52573,CRIOLLA,27.44,26.56,259.81,9.78,3.2069970845481133,0.005273560388650095
20190601,52573,PASTUSA_SUPREMA,147.51,148.85,2766.98,18.59,0.0,0.05616348918127493
20190601,52585,CRIOLLA,50.77,51.71,1366.05,26.42,0.0,0.027727751698993348
20190601,52585,PASTUSA_SUPREMA,1701.55,1733.12,42390.06,24.46,0.0,0.8604231603421764
20190601,52612,PASTUSA_SUPREMA,3.09,3.14,27.69,8.82,0.0,0.000562044906515227
20190601,52678,PASTUSA_SUPREMA,40.48,39.13,727.47,18.59,3.3349802371541393,0.014766009683735362
20190601,52685,PASTUSA_SUPREMA,4.8,4.19,41.02,9.79,12.708333333333321,0.0008326140146354139
20190601,52720,CRIOLLA,8.23,8.39,65.64,7.82,0.0,0.0013323448054770495
20190601,52720,PASTUSA_SUPREMA,686.11,684.86,11390.62,16.63,0.18218652985673156,0.23120404308596876
20190601,52788,PASTUSA_SUPREMA,286.11,291.42,4846.82,16.63,0.0,0.0983795772407415
20190601,52838,CRIOLLA,205.83,209.65,2461.36,11.74,0.0,0.04996008851933258
20190601,52838,PASTUSA_SUPREMA,1922.48,1921.81,37604.08,19.57,0.034850817693821146,0.7632784986706795
20190601,54125,CRIOLLA,34.31,33.54,656.36,19.57,2.2442436607403193,0.01332263614446856
20190601,54125,PASTUSA_SUPREMA,61.75,61.5,1323.66,21.52,0.4048582995951455,0.026867329756516626
20190601,54174,CRIOLLA,25.39,25.86,247.91,9.59,0.0,0.005032017073824122
20190601,54174,PASTUSA_SUPREMA,384.22,258.57,5059.46,19.57,32.70261829160378,0.10269569240583352
20190601,54347,CRIOLLA,3.43,3.49,58.12,16.65,0.0,0.001179705668713073
20190601,54347,PASTUSA_SUPREMA,5.49,5.59,92.98,16.63,0.0,0.001887285496850336
20190601,54377,PASTUSA_SUPREMA,5.49,4.19,61.53,14.68,23.67941712204007,0.0012489210219531208
20190601,54480,CRIOLLA,85.76,87.35,2136.6,24.46,0.0,0.04336818877791383
20190601,54480,PASTUSA_SUPREMA,53.52,54.51,1333.24,24.46,0.0,0.02706178227383031
20190601,54518,CRIOLLA,58.32,58.7,746.61,12.72,0.0,0.01515450876321176
20190601,54518,PASTUSA_SUPREMA,96.06,96.44,1415.28,14.68,0.0,0.028727010303101135
20190601,54743,CRIOLLA,99.49,97.84,1914.39,19.57,1.6584581364961215,0.03885782407308362
20190601,54743,PASTUSA_SUPREMA,490.57,490.58,13243.47,27.0,0.0,0.26881274315952375
20190601,68020,PASTUSA_SUPREMA,13.72,13.98,273.48,19.56,0.0,0.005551030734336738
20190601,68101,PASTUSA_SUPREMA,20.58,20.97,420.48,20.05,0.0,0.008534801093951702
20190601,68132,CRIOLLA,1.37,1.4,12.31,8.79,0.0,0.0002498653954208178
20190601,68207,CRIOLLA,8.23,8.39,106.66,12.71,0.0,0.0021649588201124634
20190601,68207,PASTUSA_SUPREMA,27.44,27.95,1093.94,39.14,0.0,0.02220452889249792
20190601,68264,PASTUSA_SUPREMA,65.18,66.39,389.72,5.87,0.0,0.007910442071762884
20190601,68298,PASTUSA_SUPREMA,6.86,6.99,47.86,6.85,0.0,0.0009714506762664776
20190601,68318,CRIOLLA,18.52,18.87,387.66,20.54,0.0,0.007868628691213178
20190601,68318,PASTUSA_SUPREMA,144.08,143.96,3521.11,24.46,0.08328706274292053,0.07147063708125066
20190601,68377,CRIOLLA,1.03,0.98,14.36,14.65,4.8543689320388435,0.00029147579839504005
20190601,68377,PASTUSA_SUPREMA,1.03,0.98,17.43,17.79,4.8543689320388435,0.0003537899140686315
20190601,68432,CRIOLLA,0.17,0.14,4.79,34.21,17.647058823529406,9.722625865684135e-05
20190601,68432,PASTUSA_SUPREMA,0.69,0.63,12.31,19.54,8.695652173913038,0.0002498653954208178
20190601,68468,PASTUSA_SUPREMA,12.35,12.58,246.14,19.57,0.0,0.004996090042963451
20190601,68502,PASTUSA_SUPREMA,120.76,123.0,2647.33,21.52,0.0,0.053734862490608735
20190601,68572,PASTUSA_SUPREMA,20.58,20.97,307.67,14.67,0.0,0.006245011064916572
20190601,68669,PASTUSA_SUPREMA,11.66,11.88,119.65,10.07,0.0,0.002428626690666194
20190601,68773,PASTUSA_SUPREMA,1.37,1.05,39.85,37.95,23.357664233576646,0.0008088656383037846
20190601,68867,PASTUSA_SUPREMA,3.43,3.49,68.37,19.59,0.0,0.0013877576835841846
20190601,73043,PASTUSA_SUPREMA,80.96,58.0,907.97,15.65,28.359683794466395,0.018429754921221765
20190601,73124,PASTUSA_SUPREMA,17.15,17.47,273.48,15.65,0.0,0.005551030734336738
20190601,73152,PASTUSA_SUPREMA,137.22,139.77,1367.42,9.78,0.0,0.02775555962683466
20190601,73347,PASTUSA_SUPREMA,107.03,109.02,1919.86,17.61,0.0,0.03896885280687337
20190601,73461,CRIOLLA,10.29,10.48,198.28,18.92,0.0,0.004024639366696974
20190601,73622,CRIOLLA,41.17,36.34,497.74,13.7,11.731843575418988,0.010103005842141173
20190601,73622,PASTUSA_SUPREMA,34.31,31.45,615.34,19.57,8.335762168464012,0.012490022129833144
20190601,73686,PASTUSA_SUPREMA,137.22,139.77,2187.87,15.65,0.0,0.04440885480742036
20190601,73870,PASTUSA_SUPREMA,20.58,20.97,358.95,17.12,0.0,0.007285880071998581
20190601,76111,PASTUSA_SUPREMA,3.43,3.49,68.37,19.59,0.0,0.0013877576835841846
20190601,76275,PASTUSA_SUPREMA,0.34,0.35,6.84,19.54,0.0,0.00013883666163106367
20190601,76834,PASTUSA_SUPREMA,137.22,139.77,2324.62,16.63,0.0,0.04718457315216421
20200601,05001,PASTUSA_SUPREMA,21.67,22.68,364.16,16.06,0.0,0.0072267174219733405
20200601,05002,PASTUSA_SUPREMA,58.81,58.32,585.26,10.04,0.8331916340758361,0.011614423985017898
20200601,05004,CRIOLLA,1.24,0.97,0.98,1.01,21.7741935483871,1.9447998334616305e-05
20200601,05004,PASTUSA_SUPREMA,0.62,0.52,1.56,3.0,16.129032258064512,3.095803816530759e-05
20200601,05079,PASTUSA_SUPREMA,18.57,17.5,140.46,8.03,5.761981690899298,0.002787414128653272
20200601,05086,PASTUSA_SUPREMA,123.82,129.59,1820.82,14.05,0.0,0.0361339840077919
20200601,05088,PASTUSA_SUPREMA,145.49,151.63,2434.7,16.06,0.0,0.04831636892376563
20200601,05148,CRIOLLA,154.77,155.51,1872.85,12.04,0.0,0.03716651396018995
20200601,05148,PASTUSA_SUPREMA,105.25,97.2,1950.88,20.07,7.648456057007125,0.03871501121534312
20200601,05206,PASTUSA_SUPREMA,27.86,29.16,438.95,15.05,0.0,0.008710917213244723
20200601,05237,CRIOLLA,0.62,0.65,5.4,8.31,0.0,0.00010716243980298781
20200601,05237,PASTUSA_SUPREMA,30.95,32.4,650.29,20.07,0.0,0.012904937588793507
20200601,05264,PASTUSA_SUPREMA,235.26,213.83,6437.91,30.11,9.109070815268206,0.12775965608000986
20200601,05266,PASTUSA_SUPREMA,4.33,4.54,100.15,22.06,0.0,0.0019874663604202277
20200601,05306,PASTUSA_SUPREMA,2.48,2.27,45.52,20.05,8.467741935483875,0.0009033396777466676
20200601,05308,CRIOLLA,3.71,3.56,17.88,5.02,4.043126684636111,0.0003548267451254485
20200601,05308,PASTUSA_SUPREMA,3.71,3.56,28.61,8.04,4.043126684636111,0.0005677624819932373
20200601,05313,CRIOLLA,0.5,0.32,9.75,30.47,36.0,0.00019348773853317244
20200601,05313,PASTUSA_SUPREMA,3.1,3.24,115.75,35.73,0.0,0.0022970467420733035
20200601,05318,PASTUSA_SUPREMA,6.19,6.48,143.06,22.08,0.0,0.0028390108589287843
20200601,05376,PASTUSA_SUPREMA,4.64,4.86,58.53,12.04,0.0,0.001161521778086829
20200601,05400,CRIOLLA,30.95,32.4,390.18,12.04,0.0,0.007743081622653664
20200601,05400,PASTUSA_SUPREMA,789.35,826.17,12436.87,15.05,0.0,0.246808394946775
20200601,05440,PASTUSA_SUPREMA,75.53,74.52,710.45,9.53,1.3372169998676076,0.01409880654778383
20200601,05541,PASTUSA_SUPREMA,21.67,19.44,390.18,20.07,10.290724503922476,0.007743081622653664
20200601,05607,PASTUSA_SUPREMA,30.95,22.68,227.6,10.04,26.7205169628433,0.004516698388733338
20200601,05615,PASTUSA_SUPREMA,6.19,6.48,78.04,12.04,0.0,0.0015486957041157719
20200601,05647,PASTUSA_SUPREMA,12.38,12.96,195.09,15.05,0.0,0.003871540811326832
20200601,05658,PASTUSA_SUPREMA,6.19,6.48,162.57,25.09,0.0,0.0032261847849577273
20200601,05664,CRIOLLA,32.81,34.34,310.19,9.03,0.0,0.006155688370831257
20200601,05664,PASTUSA_SUPREMA,400.56,419.24,13042.94,31.11,0.0,0.2588357912229596
20200601,05674,PASTUSA_SUPREMA,371.46,388.78,8583.88,22.08,0.0,0.1703462081066798
20200601,05686,CRIOLLA,30.95,31.75,264.02,8.32,0.0,0.0052394495105157115
20200601,05686,PASTUSA_SUPREMA,386.94,395.26,8726.94,22.08,0.0,0.1731852189656086
20200601,05697,CRIOLLA,43.34,45.36,546.25,12.04,0.0,0.01084027458192261
20200601,05697,PASTUSA_SUPREMA,61.91,64.8,975.44,15.05,0.0,0.01935750560767156
20200601,05756,CRIOLLA,86.67,89.42,1076.89,12.04,0.0,0.021370770333229545
20200601,05756,PASTUSA_SUPREMA,37.15,36.29,582.66,16.06,2.314939434724095,0.011562827254742385
20200601,05847,CRIOLLA,4.02,3.89,31.21,8.02,3.233830845771135,0.0006193592122687499
20200601,05847,PASTUSA_SUPREMA,4.33,4.54,113.8,25.07,0.0,0.002258349194366669
20200601,05887,PASTUSA_SUPREMA,40.24,41.47,1061.28,25.59,0.0,0.021060991502613872
20200601,15001,CRIOLLA,185.73,194.39,1950.88,10.04,0.0,0.03871501121534312
20200601,15001,PASTUSA_SUPREMA,1733.47,1814.33,36416.44,20.07,0.0,0.7226804739516884
20200601,15022,CRIOLLA,1.24,1.3,4.55,3.5,0.0,9.029427798214713e-05
20200601,15022,PASTUSA_SUPREMA,2.48,2.59,18.21,7.03,0.0,0.0003613755608911867
20200601,15047,CRIOLLA,18.57,18.14,91.04,5.02,2.3155627355950448,0.0018066793554933351
20200601,15047,PASTUSA_SUPREMA,185.73,187.91,1131.51,6.02,0.0,0.022454698566940507
20200601,15051,PASTUSA_SUPREMA,786.25,822.93,14865.71,18.06,0.0,0.29500847277845815
20200601,15087,CRIOLLA,24.76,23.98,337.5,14.07,3.150242326332797,0.006697652487686738
20200601,15087,PASTUSA_SUPREMA,235.26,221.61,3687.16,16.64,5.802091303238965,0.07317130769333047
20200601,15092,CRIOLLA,3.1,3.24,42.27,13.05,0.0,0.0008388437649022767
20200601,15092,PASTUSA_SUPREMA,24.76,25.92,468.21,18.06,0.0,0.009291578877806838
20200601,15104,PASTUSA_SUPREMA,130.01,136.07,2731.23,20.07,0.0,0.05420097601168785
20200601,15109,PASTUSA_SUPREMA,12.38,12.96,273.12,21.07,0.0,0.005420038066480006
20200601,15114,PASTUSA_SUPREMA,3.71,3.24,32.51,10.03,12.668463611859837,0.0006451575774065061
20200601,15131,CRIOLLA,92.86,97.2,1138.01,11.71,0.0,0.022583690392629287
20200601,15131,PASTUSA_SUPREMA,43.34,45.36,558.6,12.31,0.0,0.011085359050731294
20200601,15162,PASTUSA_SUPREMA,8.67,9.07,91.04,10.04,0.0,0.0018066793554933351
20200601,15172,PASTUSA_SUPREMA,2.48,2.59,44.22,17.07,0.0,0.0008775413126089113
20200601,15176,CRIOLLA,27.86,29.16,23.41,0.8,0.0,0.00046456902144221196
20200601,15176,PASTUSA_SUPREMA,111.44,116.64,1404.63,12.04,0.0,0.02787473663342051
20200601,15180,PASTUSA_SUPREMA,74.29,51.84,936.42,18.06,30.2194104186297,0.018583157755613675
20200601,15183,PASTUSA_SUPREMA,143.63,150.33,1810.42,12.04,0.0,0.03592759708668985
20200601,15187,PASTUSA_SUPREMA,92.86,97.2,2438.6,25.09,0.0,0.0483937640191789
20200601,15189,PASTUSA_SUPREMA,160.97,168.47,1859.84,11.04,0.0,0.036908331859849784
20200601,15204,PASTUSA_SUPREMA,420.99,440.62,9728.39,22.08,0.0,0.19305889032499787
20200601,15215,PASTUSA_SUPREMA,8.42,8.62,190.28,22.07,0.0,0.003776086860317133
20200601,15224,PASTUSA_SUPREMA,179.54,187.91,4903.21,26.09,0.0,0.09730369379007553
20200601,15226,CRIOLLA,1.86,1.94,9.75,5.03,0.0,0.00019348773853317244
20200601,15226,PASTUSA_SUPREMA,12.38,12.96,325.15,25.09,0.0,0.006452568018878053
20200601,15232,CRIOLLA,24.76,16.2,130.06,8.03,34.57189014539581,0.002581027207551221
20200601,15232,PASTUSA_SUPREMA,402.41,226.79,4552.06,20.07,43.64205660893119,0.09033515846844235
20200601,15236,PASTUSA_SUPREMA,1.86,1.94,35.12,18.1,0.0,0.000696952756644617
20200601,15238,CRIOLLA,1.86,1.89,30.28,16.02,0.0,0.0006009034587471242
20200601,15238,PASTUSA_SUPREMA,9.29,9.43,189.24,20.07,0.0,0.003755448168206928
20200601,15244,PASTUSA_SUPREMA,185.73,187.91,1697.27,9.03,0.0,0.03368214707489206
20200601,15248,PASTUSA_SUPREMA,12.38,12.96,65.03,5.02,0.0,0.0012905136037756105
20200601,15272,PASTUSA_SUPREMA,74.29,77.76,1170.53,15.05,0.0,0.02322904641899839
20200601,15276,PASTUSA_SUPREMA,24.76,22.68,227.6,10.04,8.40064620355413,0.004516698388733338
20200601,15293,PASTUSA_SUPREMA,41.48,43.41,653.55,15.06,0.0,0.012969631950600496
20200601,15296,PASTUSA_SUPREMA,253.83,262.43,3160.43,12.04,0.0,0.0627184054863994
20200601,15299,PASTUSA_SUPREMA,2.48,2.59,15.61,6.03,0.0,0.00030977883061567403
20200601,15317,PASTUSA_SUPREMA,4.95,5.18,52.02,10.04,0.0,0.0010323315034354492
20200601,15332,CRIOLLA,1.24,1.3,13.01,10.01,0.0,0.0002581821003401614
20200601,15332,PASTUSA_SUPREMA,21.67,22.68,295.88,13.05,0.0,0.0058717079053533395
20200601,15362,PASTUSA_SUPREMA,12.38,12.96,266.62,20.57,0.0,0.0052910462407912235
20200601,15367,PASTUSA_SUPREMA,247.64,259.19,4942.23,19.07,0.0,0.09807804164213342
20200601,15368,PASTUSA_SUPREMA,185.73,193.74,3901.76,20.14,0.0,0.07743002243068624
20200601,15377,PASTUSA_SUPREMA,3.1,3.24,46.82,14.45,0.0,0.0009291380428844239
20200601,15403,CRIOLLA,3.1,3.24,11.71,3.61,0.0,0.00023238373520240505
20200601,15403,PASTUSA_SUPREMA,15.48,14.9,179.48,12.05,3.7467700258397962,0.0035617619807111578
20200601,15407,PASTUSA_SUPREMA,68.72,71.93,1366.27,18.99,0.0,0.027113486412894103
20200601,15425,PASTUSA_SUPREMA,7.43,7.13,92.99,13.04,4.037685060565277,0.0018453769031999696
20200601,15442,PASTUSA_SUPREMA,6.19,6.48,130.06,20.07,0.0,0.002581027207551221
20200601,15464,PASTUSA_SUPREMA,111.44,90.72,1092.49,12.04,18.592964824120607,0.02168035071488262
20200601,15466,CRIOLLA,6.19,6.48,65.03,10.04,0.0,0.0012905136037756105
20200601,15466,PASTUSA_SUPREMA,30.95,32.4,650.29,20.07,0.0,0.012904937588793507
20200601,15476,PASTUSA_SUPREMA,563.38,583.18,13461.08,23.08,0.0,0.2671337361450376
20200601,15491,PASTUSA_SUPREMA,30.95,31.1,624.28,20.07,0.0,0.012388771837075783
20200601,15494,PASTUSA_SUPREMA,97.82,102.38,1489.82,14.55,0.0,0.029565323345793943
20200601,15500,PASTUSA_SUPREMA,51.39,53.78,1349.36,25.09,0.0,0.026777909217140673
20200601,15511,PASTUSA_SUPREMA,8.05,7.78,46.82,6.02,3.354037267080756,0.0009291380428844239
20200601,15516,PASTUSA_SUPREMA,41.48,32.4,390.18,12.04,21.890067502410794,0.007743081622653664
20200601,15522,PASTUSA_SUPREMA,14.86,15.55,327.75,21.08,0.0,0.006504164749153565
20200601,15531,CRIOLLA,4.33,4.54,45.52,10.03,0.0,0.0009033396777466676
20200601,15531,PASTUSA_SUPREMA,12.38,12.96,162.57,12.54,0.0,0.0032261847849577273
20200601,15537,PASTUSA_SUPREMA,14.86,15.55,234.11,15.06,0.0,0.004645888663384718
20200601,15542,PASTUSA_SUPREMA,80.48,79.7,1599.72,20.07,0.9691848906560607,0.031746277444747346
20200601,15599,CRIOLLA,9.29,7.78,93.64,12.04,16.254036598492995,0.0018582760857688478
20200601,15599,PASTUSA_SUPREMA,92.86,90.72,1638.74,18.06,2.304544475554604,0.03252062529680523
20200601,15600,PASTUSA_SUPREMA,168.39,176.25,2285.13,12.97,0.0,0.04534816779018547
20200601,15621,PASTUSA_SUPREMA,6.19,6.48,97.54,15.05,0.0,0.0019356711811821168
20200601,15632,CRIOLLA,309.55,291.59,4682.11,16.06,5.8019706024874935,0.09291598722703097
20200601,15632,PASTUSA_SUPREMA,1485.83,1360.74,27312.33,20.07,8.418863530821152,0.5420103554637663
20200601,15646,PASTUSA_SUPREMA,309.55,323.99,8778.96,27.1,0.0,0.17421755046904405
20200601,15676,CRIOLLA,3.1,3.24,48.77,15.05,0.0,0.0009678355905910584
20200601,15676,PASTUSA_SUPREMA,12.38,9.72,195.09,20.07,21.486268174474954,0.003871540811326832
20200601,15693,CRIOLLA,19.81,20.09,282.23,14.05,0.0,0.005600825071406898
20200601,15693,PASTUSA_SUPREMA,17.95,18.14,273.12,15.06,0.0,0.005420038066480006
20200601,15696,PASTUSA_SUPREMA,24.76,25.92,390.18,15.05,0.0,0.007743081622653664
20200601,15720,PASTUSA_SUPREMA,61.91,64.8,1170.53,18.06,0.0,0.02322904641899839
20200601,15723,PASTUSA_SUPREMA,6.19,5.18,52.02,10.04,16.31663974151859,0.0010323315034354492
20200601,15740,CRIOLLA,37.15,29.16,351.16,12.04,21.507402422611033,0.006968733770595778
20200601,15740,PASTUSA_SUPREMA,2228.75,2203.11,50852.96,23.08,1.1504206393718408,1.0091717157043976
20200601,15753,PASTUSA_SUPREMA,7.43,6.48,97.54,15.05,12.786002691790033,0.0019356711811821168
20200601,15755,CRIOLLA,4.95,4.54,55.26,12.17,8.28282828282828,0.0010966289673172418
20200601,15755,PASTUSA_SUPREMA,179.54,181.43,3641.64,20.07,0.0,0.0722679680155838
20200601,15757,PASTUSA_SUPREMA,21.67,22.68,247.11,10.9,0.0,0.004903872314762281
20200601,15759,CRIOLLA,3.1,2.59,26.01,10.04,16.451612903225808,0.0005161657517177246
20200601,15759,PASTUSA_SUPREMA,142.39,142.55,2575.16,18.06,0.0,0.0511037830524189
20200601,15761,PASTUSA_SUPREMA,4.95,5.18,62.43,12.05,0.0,0.0012389168735000978
20200601,15762,PASTUSA_SUPREMA,142.39,128.3,2393.08,18.65,9.895357820071615,0.04749042434143223
20200601,15763,PASTUSA_SUPREMA,290.98,304.55,6112.76,20.07,0.0,0.1213070880611318
20200601,15764,CRIOLLA,371.46,356.39,5364.92,15.05,4.056964410703712,0.10646628084219359
20200601,15764,PASTUSA_SUPREMA,526.23,531.34,15997.22,30.11,0.0,0.31746317134539864
20200601,15774,PASTUSA_SUPREMA,108.34,109.51,2457.36,22.44,0.0,0.04876605427301298
20200601,15776,PASTUSA_SUPREMA,12.38,8.42,143.71,17.07,31.98707592891762,0.0028519100414976625
20200601,15790,CRIOLLA,3.1,3.24,22.76,7.02,0.0,0.0004516698388733338
20200601,15790,PASTUSA_SUPREMA,18.57,19.44,169.73,8.73,0.0,0.0033682742421779852
20200601,15804,PASTUSA_SUPREMA,86.67,90.72,1820.82,20.07,0.0,0.0361339840077919
20200601,15806,PASTUSA_SUPREMA,37.15,38.88,1170.53,30.11,0.0,0.02322904641899839
20200601,15808,CRIOLLA,1.86,1.94,23.41,12.07,0.0,0.00046456902144221196
20200601,15808,PASTUSA_SUPREMA,12.38,12.31,247.11,20.07,0.5654281098546043,0.004903872314762281
20200601,15810,CRIOLLA,0.62,0.65,3.25,5.0,0.0,6.449591284439081e-05
20200601,15810,PASTUSA_SUPREMA,1.86,1.94,13.66,7.04,0.0,0.0002710812829090395
20200601,15814,PASTUSA_SUPREMA,956.51,997.88,18026.14,18.06,0.0,0.35772687826485755
20200601,15816,CRIOLLA,3.71,3.24,32.51,10.03,12.668463611859837,0.0006451575774065061
20200601,15816,PASTUSA_SUPREMA,2.48,2.27,27.31,12.03,8.467741935483875,0.0005419641168554809
20200601,15820,PASTUSA_SUPREMA,43.34,44.06,809.23,18.37,0.0,0.016059085400328115
20200601,15822,PASTUSA_SUPREMA,216.68,194.39,3901.76,20.07,10.287059257891828,0.07743002243068624
20200601,15835,PASTUSA_SUPREMA,247.64,246.23,4942.23,20.07,0.5693748990470038,0.09807804164213342
20200601,15837,PASTUSA_SUPREMA,74.29,77.76,1170.53,15.05,0.0,0.02322904641899839
20200601,15839,CRIOLLA,24.76,21.38,386.27,18.07,13.651050080775452,0.007665488078277796
20200601,15839,PASTUSA_SUPREMA,328.12,340.19,10924.93,32.11,0.0,0.216804102495714
20200601,15842,CRIOLLA,3.71,3.24,26.01,8.03,12.668463611859837,0.0005161657517177246
20200601,15842,PASTUSA_SUPREMA,315.74,325.28,6855.4,21.08,0.0,0.136044701819519
20200601,15861,CRIOLLA,61.91,58.32,1053.48,18.06,5.79874010660636,0.02090620131178733
20200601,15861,PASTUSA_SUPREMA,928.65,907.16,27312.33,30.11,2.314111882840686,0.5420103554637663
20200601,15879,CRIOLLA,22.29,17.5,230.2,13.15,21.489457155675183,0.0045682951190088505
20200601,15879,PASTUSA_SUPREMA,260.02,199.58,2696.77,13.51,23.24436581801399,0.05351712088657471
20200601,17001,PASTUSA_SUPREMA,130.01,97.2,1268.07,13.05,25.236520267671715,0.02516471760018051
20200601,17013,PASTUSA_SUPREMA,7.43,5.18,15.61,3.01,30.282637954239565,0.00030977883061567403
20200601,17446,PASTUSA_SUPREMA,12.38,12.96,299.14,23.08,0.0,0.005936402267160328
20200601,17653,PASTUSA_SUPREMA,30.95,26.57,403.18,15.17,14.151857835218095,0.008001065274031226
20200601,17873,PASTUSA_SUPREMA,72.43,75.81,913.01,12.04,0.0,0.01811858873417146
20200601,19001,CRIOLLA,3.1,2.59,15.61,6.03,16.451612903225808,0.00030977883061567403
20200601,19001,PASTUSA_SUPREMA,2.48,1.94,15.61,8.05,21.7741935483871,0.00030977883061567403
20200601,19022,PASTUSA_SUPREMA,74.29,71.28,1287.58,18.06,4.051689325615837,0.02555189152620945
20200601,19100,CRIOLLA,9.29,9.72,78.04,8.03,0.0,0.0015486957041157719
20200601,19100,PASTUSA_SUPREMA,48.29,50.54,405.78,8.03,0.0,0.00805266200430674
20200601,19355,PASTUSA_SUPREMA,2.48,2.59,40.32,15.57,0.0,0.0008001462171956423
20200601,19364,CRIOLLA,21.67,22.68,91.04,4.01,0.0,0.0018066793554933351
20200601,19397,PASTUSA_SUPREMA,56.96,51.84,364.16,7.02,8.98876404494382,0.0072267174219733405
20200601,19517,PASTUSA_SUPREMA,45.07,39.53,555.35,14.05,12.291990237408479,0.011020863137886904
20200601,19585,PASTUSA_SUPREMA,711.96,738.69,18533.37,25.09,0.0,0.3677928049947222
20200601,19693,PASTUSA_SUPREMA,185.73,194.39,3511.59,18.06,0.0,0.06968713925699517
20200601,19701,CRIOLLA,1.24,1.3,20.16,15.51,0.0,0.00040007310859782114
20200601,19701,PASTUSA_SUPREMA,1.24,1.3,26.01,20.01,0.0,0.0005161657517177246
20200601,19743,PASTUSA_SUPREMA,92.86,84.24,2028.92,24.08,9.282791298729276,0.040263706919458894
20200601,19760,PASTUSA_SUPREMA,89.77,90.72,1638.74,18.06,0.0,0.03252062529680523
20200601,19821,CRIOLLA,4.95,5.18,78.04,15.07,0.0,0.0015486957041157719
20200601,19821,PASTUSA_SUPREMA,8.67,9.07,154.77,17.06,0.0,0.0030713945941311894
20200601,19824,CRIOLLA,216.68,97.2,2341.06,24.08,55.14122207864132,0.04645809283799678
20200601,19824,PASTUSA_SUPREMA,619.1,323.99,9104.11,28.1,47.66758197383298,0.1806701184879221
20200601,25019,PASTUSA_SUPREMA,4.33,4.54,91.04,20.05,0.0,0.0018066793554933351
20200601,25053,PASTUSA_SUPREMA,29.72,6.48,97.54,15.05,78.19650067294751,0.0019356711811821168
20200601,25099,CRIOLLA,74.29,77.76,1170.53,15.05,0.0,0.02322904641899839
20200601,25099,PASTUSA_SUPREMA,117.63,123.12,2471.12,20.07,0.0,0.04903912004554801
20200601,25120,PASTUSA_SUPREMA,9.29,8.42,101.45,12.05,9.364908503767488,0.0020132647255579838
20200601,25126,PASTUSA_SUPREMA,14.42,15.1,257.58,17.06,0.0,0.005111648378602518
20200601,25151,CRIOLLA,39.0,40.82,728.33,17.84,0.0,0.014453633292909279
20200601,25151,PASTUSA_SUPREMA,35.29,36.93,901.96,24.42,0.0,0.017899302630500533
20200601,25154,CRIOLLA,24.76,25.92,468.21,18.06,0.0,0.009291578877806838
20200601,25154,PASTUSA_SUPREMA,433.37,388.78,7023.17,18.06,10.289129381360052,0.13937408006502774
20200601,25175,PASTUSA_SUPREMA,32.81,29.16,526.74,18.06,11.124657116732706,0.010453100655893666
20200601,25178,CRIOLLA,19.81,19.44,195.09,10.04,1.8677435638566275,0.003871540811326832
20200601,25181,CRIOLLA,9.29,9.72,117.05,12.04,0.0,0.00232284510721106
20200601,25181,PASTUSA_SUPREMA,11.14,11.66,210.7,18.07,0.0,0.004181319641942505
20200601,25183,CRIOLLA,92.86,92.66,1208.9,13.05,0.21537798836959166,0.0239904950884874
20200601,25183,PASTUSA_SUPREMA,931.74,971.96,27312.33,28.1,0.0,0.5420103554637663
20200601,25200,PASTUSA_SUPREMA,309.55,323.99,6502.94,20.07,0.0,0.12905016968378547
20200601,25214,PASTUSA_SUPREMA,42.9,43.56,1136.53,26.09,0.0,0.022554319946164764
20200601,25224,CRIOLLA,4.95,5.18,72.83,14.06,0.0,0.0014453037946021486
20200601,25224,PASTUSA_SUPREMA,68.1,71.28,1430.65,20.07,0.0,0.028391100834100836
20200601,25260,CRIOLLA,173.35,174.95,2809.27,16.06,0.0,0.055749671715803625
20200601,25260,PASTUSA_SUPREMA,247.64,252.71,5579.52,22.08,0.0,0.11072499557954936
20200601,25269,CRIOLLA,66.86,68.69,1102.9,16.06,0.0,0.02188693608494727
20200601,25269,PASTUSA_SUPREMA,225.35,231.33,5107.41,22.08,0.0,0.10135602160632926
20200601,25281,CRIOLLA,78.01,81.64,1270.02,15.56,0.0,0.025203415147887143
20200601,25281,PASTUSA_SUPREMA,149.82,156.81,3776.91,24.09,0.0,0.07495238713264865
20200601,25286,PASTUSA_SUPREMA,137.44,129.59,2601.17,20.07,5.711583236321305,0.05161994880413663
20200601,25288,CRIOLLA,6.19,6.48,91.04,14.05,0.0,0.0018066793554933351
20200601,25288,PASTUSA_SUPREMA,49.53,51.84,1040.47,20.07,0.0,0.020648019211447172
20200601,25290,PASTUSA_SUPREMA,2.48,2.59,46.82,18.08,0.0,0.0009291380428844239
20200601,25295,PASTUSA_SUPREMA,2.48,1.3,26.01,20.01,47.58064516129033,0.0005161657517177246
20200601,25297,PASTUSA_SUPREMA,6.19,5.83,117.05,20.08,5.815831987075937,0.00232284510721106
20200601,25299,PASTUSA_SUPREMA,3.1,3.24,81.29,25.09,0.0,0.0016131916169601628
20200601,25312,CRIOLLA,15.48,16.2,195.09,12.04,0.0,0.003871540811326832
20200601,25312,PASTUSA_SUPREMA,49.53,51.84,936.42,18.06,0.0,0.018583157755613675
20200601,25317,CRIOLLA,9.29,9.72,156.07,16.06,0.0,0.003097192959268946
20200601,25317,PASTUSA_SUPREMA,191.92,129.59,2601.17,20.07,32.477073780741975,0.05161994880413663
20200601,25322,CRIOLLA,9.29,8.42,160.62,19.08,9.364908503767488,0.003187487237251093
20200601,25322,PASTUSA_SUPREMA,130.63,130.89,2889.9,22.08,0.0,0.057349765701232305
20200601,25326,CRIOLLA,46.43,48.6,829.12,17.06,0.0,0.016453800386935787
20200601,25326,PASTUSA_SUPREMA,408.6,427.66,9442.26,22.08,0.0,0.18738067015817772
20200601,25372,PASTUSA_SUPREMA,24.76,24.62,444.8,18.07,0.5654281098546043,0.008827009856364625
20200601,25377,CRIOLLA,86.67,90.07,1898.21,21.07,0.0,0.037669780529338795
20200601,25377,PASTUSA_SUPREMA,551.0,573.46,17265.3,30.11,0.0,0.34262808739454176
20200601,25407,CRIOLLA,15.48,16.2,195.09,12.04,0.0,0.003871540811326832
20200601,25407,PASTUSA_SUPREMA,297.17,311.03,5306.4,17.06,0.0,0.10530495751306936
20200601,25426,CRIOLLA,21.67,22.68,205.49,9.06,0.0,0.004077927732428883
20200601,25426,PASTUSA_SUPREMA,185.73,194.39,2926.32,15.05,0.0,0.05807251682301468
20200601,25430,PASTUSA_SUPREMA,299.95,307.66,6329.57,20.57,0.0,0.12560966001922177
20200601,25436,PASTUSA_SUPREMA,18.57,18.14,382.37,21.08,2.3155627355950448,0.007588092982864527
20200601,25473,PASTUSA_SUPREMA,136.2,116.64,3394.53,29.1,14.361233480176205,0.06736409570082152
20200601,25486,CRIOLLA,1.86,1.94,25.36,13.07,0.0,0.0005032665691488465
20200601,25486,PASTUSA_SUPREMA,15.48,16.2,276.37,17.06,0.0,0.0054845339793243965
20200601,25513,CRIOLLA,74.29,71.28,1072.98,15.05,4.051689325615837,0.021293176788853677
20200601,25513,PASTUSA_SUPREMA,37.15,35.64,715.32,20.07,4.064602960969044,0.014195451192569118
20200601,25535,PASTUSA_SUPREMA,495.28,518.38,10404.7,20.07,0.0,0.20648019211447172
20200601,25594,PASTUSA_SUPREMA,12.38,12.96,221.1,17.06,0.0,0.004387706563044556
20200601,25649,PASTUSA_SUPREMA,5.57,5.18,104.05,20.09,7.001795332136451,0.0020648614558334967
20200601,25653,CRIOLLA,18.57,17.5,210.7,12.04,5.761981690899298,0.004181319641942505
20200601,25653,PASTUSA_SUPREMA,557.19,518.38,10404.7,20.07,6.965308063676678,0.20648019211447172
20200601,25736,CRIOLLA,24.76,19.44,195.09,10.04,21.486268174474954,0.003871540811326832
20200601,25736,PASTUSA_SUPREMA,501.47,453.58,13656.17,30.11,9.549923225716405,0.27100527695636445
20200601,25740,CRIOLLA,315.74,330.47,8291.24,25.09,0.0,0.16453879766520826
20200601,25740,PASTUSA_SUPREMA,427.18,447.1,10230.42,22.88,0.0,0.20302162359431158
20200601,25745,PASTUSA_SUPREMA,74.29,71.28,2503.63,35.12,4.051689325615837,0.04968427762295451
20200601,25754,CRIOLLA,24.76,23.98,433.1,18.06,3.150242326332797,0.008594824570124818
20200601,25754,PASTUSA_SUPREMA,253.83,255.95,5137.32,20.07,0.0,0.10194958245346024
20200601,25758,PASTUSA_SUPREMA,37.15,38.88,780.35,20.07,0.0,0.01548596479634473
20200601,25769,CRIOLLA,55.1,57.67,1041.77,18.06,0.0,0.020673817576584926
20200601,25769,PASTUSA_SUPREMA,281.69,294.83,6509.44,22.08,0.0,0.12917916150947426
20200601,25772,CRIOLLA,4.33,4.54,91.04,20.05,0.0,0.0018066793554933351
20200601,25772,PASTUSA_SUPREMA,479.8,502.18,15119.33,30.11,0.0,0.3000415353678718
20200601,25779,CRIOLLA,13.0,13.61,163.87,12.04,0.0,0.0032519831500954837
20200601,25779,PASTUSA_SUPREMA,74.29,51.84,936.42,18.06,30.2194104186297,0.018583157755613675
20200601,25781,PASTUSA_SUPREMA,71.2,55.08,1492.42,27.1,22.640449438202246,0.029616920076069458
20200601,25785,CRIOLLA,4.33,4.54,36.42,8.02,0.0,0.0007227511217823733
20200601,25785,PASTUSA_SUPREMA,55.72,58.32,1170.53,20.07,0.0,0.02322904641899839
20200601,25793,CRIOLLA,59.74,60.59,912.04,15.05,0.0,0.018099339184799446
20200601,25793,PASTUSA_SUPREMA,4701.43,4822.22,89530.47,18.57,0.0,1.7767228892422604
20200601,25799,PASTUSA_SUPREMA,154.77,161.99,3186.44,19.67,0.0,0.06323457123811713
20200601,25817,PASTUSA_SUPREMA,6.81,7.13,130.9,18.36,0.0,0.0025976969204094635
20200601,25839,CRIOLLA,2.48,2.59,39.02,15.07,0.0,0.0007743478520578859
20200601,25839,PASTUSA_SUPREMA,6.19,6.48,195.09,30.11,0.0,0.003871540811326832
20200601,25841,CRIOLLA,92.86,97.2,1170.53,12.04,0.0,0.02322904641899839
20200601,25841,PASTUSA_SUPREMA,247.64,259.19,5202.35,20.07,0.0,0.10324009605723586
20200601,25843,CRIOLLA,21.67,21.38,321.9,15.06,1.3382556529764722,0.006388072106033662
20200601,25843,PASTUSA_SUPREMA,290.98,298.07,6580.97,22.08,0.0,0.13059866693893865
20200601,25845,CRIOLLA,130.01,134.78,3246.27,24.09,0.0,0.0644218913813417
20200601,25845,PASTUSA_SUPREMA,440.8,450.34,14462.53,32.11,0.0,0.2870074075044269
20200601,25873,CRIOLLA,37.15,38.88,702.32,18.06,0.0,0.013937467541191555
20200601,25873,PASTUSA_SUPREMA,3528.86,3693.45,103786.86,28.1,0.0,2.0596394698316893
20200601,25898,CRIOLLA,111.44,106.92,1287.58,12.04,4.0559942569992735,0.02555189152620945
20200601,25898,PASTUSA_SUPREMA,92.86,90.72,3186.44,35.12,2.304544475554604,0.06323457123811713
20200601,25899,CRIOLLA,61.91,51.84,936.42,18.06,16.265546761427874,0.018583157755613675
20200601,25899,PASTUSA_SUPREMA,866.74,635.01,15932.19,25.09,26.73581466183631,0.316172657741623
20200601,41001,PASTUSA_SUPREMA,1.55,1.62,8.94,5.52,0.0,0.00017741337256272426
20200601,41020,PASTUSA_SUPREMA,1.86,1.94,9.75,5.03,0.0,0.00019348773853317244
20200601,41206,PASTUSA_SUPREMA,6.19,5.18,26.01,5.02,16.31663974151859,0.0005161657517177246
20200601,41359,PASTUSA_SUPREMA,3.1,3.24,16.26,5.02,0.0,0.0003226780131845522
20200601,41396,PASTUSA_SUPREMA,4.33,4.54,81.94,18.05,0.0,0.001626090799529041
20200601,41668,PASTUSA_SUPREMA,1.24,1.3,6.5,5.0,0.0,0.00012899182568878163
20200601,52001,CRIOLLA,61.91,64.8,1170.53,18.06,0.0,0.02322904641899839
20200601,52001,PASTUSA_SUPREMA,2662.12,2786.29,67110.3,24.09,0.0,1.3317969414648987
20200601,52022,PASTUSA_SUPREMA,148.58,116.64,1989.9,17.06,21.496836720958413,0.03948935906740101
20200601,52036,PASTUSA_SUPREMA,18.57,19.44,292.63,15.05,0.0,0.005807211992508949
20200601,52083,PASTUSA_SUPREMA,6.19,5.18,21.46,4.14,16.31663974151859,0.0004258714737355775
20200601,52110,PASTUSA_SUPREMA,43.34,44.06,353.76,8.03,0.0,0.007020330500871291
20200601,52210,PASTUSA_SUPREMA,309.55,323.99,8453.82,26.09,0.0,0.1677651808991286
20200601,52215,CRIOLLA,37.15,38.88,702.32,18.06,0.0,0.013937467541191555
20200601,52215,PASTUSA_SUPREMA,247.64,259.19,5202.35,20.07,0.0,0.10324009605723586
20200601,52224,CRIOLLA,40.24,38.88,312.14,8.03,3.379721669980118,0.006194385918537892
20200601,52224,PASTUSA_SUPREMA,266.21,252.71,4565.06,18.06,5.07118440329063,0.0905931421198199
20200601,52227,CRIOLLA,15.48,12.96,117.05,9.03,16.279069767441857,0.00232284510721106
20200601,52227,PASTUSA_SUPREMA,371.46,64.8,1300.59,20.07,82.55532224196413,0.025810073626549614
20200601,52258,PASTUSA_SUPREMA,3.1,2.92,49.42,16.92,5.8064516129032295,0.0009807347731599365
20200601,52287,PASTUSA_SUPREMA,80.48,58.32,585.26,10.04,27.534791252485093,0.011614423985017898
20200601,52317,CRIOLLA,15.48,15.23,183.38,12.04,1.6149870801033583,0.0036391570761244267
20200601,52317,PASTUSA_SUPREMA,309.55,307.79,6177.79,20.07,0.5685672750767257,0.12259760166490742
20200601,52320,CRIOLLA,9.91,10.37,124.86,12.04,0.0,0.0024778337470001957
20200601,52320,PASTUSA_SUPREMA,155.39,162.64,2611.58,16.06,0.0,0.05182653417420128
20200601,52323,CRIOLLA,6.19,6.48,130.06,20.07,0.0,0.002581027207551221
20200601,52323,PASTUSA_SUPREMA,309.55,323.99,7478.38,23.08,0.0,0.14840767529145704
20200601,52352,CRIOLLA,46.43,48.6,585.26,12.04,0.0,0.011614423985017898
20200601,52352,PASTUSA_SUPREMA,711.96,745.17,4487.03,6.02,0.0,0.08904464486466673
20200601,52354,CRIOLLA,17.33,6.8,79.21,11.65,60.76168493941142,0.0015719142327397526
20200601,52354,PASTUSA_SUPREMA,216.07,105.62,1886.76,17.86,51.11769334012125,0.03744255646716394
20200601,52356,CRIOLLA,49.53,50.54,456.51,9.03,0.0,0.00905939359156703
20200601,52356,PASTUSA_SUPREMA,866.74,878.0,15860.66,18.06,0.0,0.3147531523121586
20200601,52378,PASTUSA_SUPREMA,16.72,16.2,195.09,12.04,3.1100478468899517,0.003871540811326832
20200601,52381,CRIOLLA,1.86,1.62,8.13,5.02,12.903225806451612,0.0001613390065922761
20200601,52381,PASTUSA_SUPREMA,6.19,6.48,39.02,6.02,0.0,0.0007743478520578859
20200601,52385,PASTUSA_SUPREMA,1.55,1.3,5.85,4.5,16.129032258064512,0.00011609264311990345
20200601,52418,PASTUSA_SUPREMA,1.55,1.62,14.31,8.83,0.0,0.0002839804654779177
20200601,52435,PASTUSA_SUPREMA,24.76,25.92,260.12,10.04,0.0,0.005162054415102442
20200601,52480,CRIOLLA,3.1,3.24,26.01,8.03,0.0,0.0005161657517177246
20200601,52480,PASTUSA_SUPREMA,6.19,6.48,97.54,15.05,0.0,0.0019356711811821168
20200601,52506,CRIOLLA,11.14,11.02,414.56,37.62,1.0771992818671583,0.008226900193467893
20200601,52506,PASTUSA_SUPREMA,588.14,583.18,20484.25,35.13,0.843336620532531,0.4065078162100654
20200601,52560,CRIOLLA,879.12,920.12,20776.88,22.58,0.0,0.4123150282025743
20200601,52560,PASTUSA_SUPREMA,2538.3,2656.69,67268.32,25.32,0.0,1.3349328319718743
20200601,52565,CRIOLLA,4.95,5.18,78.04,15.07,0.0,0.0015486957041157719
20200601,52565,PASTUSA_SUPREMA,62.53,65.45,1313.59,20.07,0.0,0.026068057277927176
20200601,52573,CRIOLLA,52.62,53.13,533.24,10.04,0.0,0.010582092481582447
20200601,52573,PASTUSA_SUPREMA,111.44,115.34,2199.29,19.07,0.0,0.043644681895243155
20200601,52585,CRIOLLA,44.58,46.65,1264.17,27.1,0.0,0.02508732250476724
20200601,52585,PASTUSA_SUPREMA,1176.29,1231.15,33360.06,27.1,0.0,0.6620269299211224
20200601,52678,PASTUSA_SUPREMA,40.86,38.23,575.51,15.05,6.436612824278032,0.011420936246484725
20200601,52683,CRIOLLA,1.24,1.3,26.01,20.01,0.0,0.0005161657517177246
20200601,52683,PASTUSA_SUPREMA,37.15,35.64,786.86,22.08,4.064602960969044,0.015615155070996109
20200601,52685,PASTUSA_SUPREMA,6.81,7.13,31.21,4.38,0.0,0.0006193592122687499
20200601,52699,PASTUSA_SUPREMA,9.29,0.0,0.0,0.0,100.0,0.0
20200601,52720,CRIOLLA,9.29,9.72,78.04,8.03,0.0,0.0015486957041157719
20200601,52720,PASTUSA_SUPREMA,588.14,615.58,10502.24,17.06,0.0,0.20841586329565384
20200601,52788,PASTUSA_SUPREMA,258.16,270.21,4609.93,17.06,0.0,0.0914835826149977
20200601,52838,CRIOLLA,256.31,259.19,3121.41,12.04,0.0,0.061944057634341514
20200601,52838,PASTUSA_SUPREMA,1734.71,1781.93,46495.99,26.09,0.0,0.922708098047282
20200601,52885,PASTUSA_SUPREMA,173.35,181.43,3095.4,17.06,0.0,0.06142789188262379
20200601,54125,CRIOLLA,37.15,21.38,429.19,20.07,42.44952893674293,0.008517231025748952
20200601,54125,PASTUSA_SUPREMA,43.34,27.54,608.02,22.08,36.45592985694509,0.012066093823891231
20200601,54174,CRIOLLA,24.14,19.44,292.63,15.05,19.469759734879865,0.005807211992508949
20200601,54174,PASTUSA_SUPREMA,309.55,311.03,4369.97,14.05,0.0,0.08672160130849307
20200601,54347,CRIOLLA,3.1,3.24,55.27,17.06,0.0,0.0010968274162798401
20200601,54347,PASTUSA_SUPREMA,4.33,4.54,77.38,17.04,0.0,0.0015355980725842956
20200601,54377,PASTUSA_SUPREMA,3.1,2.59,39.02,15.07,16.451612903225808,0.0007743478520578859
20200601,54480,CRIOLLA,82.96,86.83,2178.48,25.09,0.0,0.04323170960407646
20200601,54480,PASTUSA_SUPREMA,50.77,53.13,1333.1,25.09,0.0,0.02645523120395612
20200601,54518,CRIOLLA,61.91,64.15,836.93,13.05,0.0,0.016608789026724923
20200601,54518,PASTUSA_SUPREMA,99.06,103.03,1550.95,15.05,0.0,0.030778441854156284
20200601,54743,CRIOLLA,107.72,106.92,2145.97,20.07,0.7426661715558835,0.04258655202666995
20200601,54743,PASTUSA_SUPREMA,693.39,217.72,5462.47,25.09,68.60064321666017,0.1084021504723383
20200601,63690,PASTUSA_SUPREMA,0.33,0.35,1.76,5.03,0.0,3.49270174172701e-05
20200601,68020,PASTUSA_SUPREMA,55.72,58.32,1170.53,20.07,0.0,0.02322904641899839
20200601,68101,PASTUSA_SUPREMA,24.76,25.92,520.23,20.07,0.0,0.010323910381242286
20200601,68132,CRIOLLA,1.86,1.94,19.51,10.06,0.0,0.00038717392602894297
20200601,68132,PASTUSA_SUPREMA,1.86,1.94,21.46,11.06,0.0,0.0004258714737355775
20200601,68152,PASTUSA_SUPREMA,495.28,518.38,7803.52,15.05,0.0,0.15486004486137248
20200601,68162,PASTUSA_SUPREMA,173.35,181.43,3823.73,21.08,0.0,0.07588152517553307
20200601,68207,CRIOLLA,7.43,7.78,101.45,13.04,0.0,0.0020132647255579838
20200601,68207,PASTUSA_SUPREMA,24.76,25.92,780.35,30.11,0.0,0.01548596479634473
20200601,68264,PASTUSA_SUPREMA,59.43,62.21,374.57,6.02,0.0,0.007433302792037989
20200601,68298,PASTUSA_SUPREMA,11.14,11.66,93.64,8.03,0.0,0.0018582760857688478
20200601,68318,CRIOLLA,18.57,18.79,377.17,20.07,0.0,0.007484899522313502
20200601,68318,PASTUSA_SUPREMA,172.11,176.25,4422.0,25.09,0.0,0.08775413126089113
20200601,68368,PASTUSA_SUPREMA,1.24,1.3,14.31,11.01,0.0,0.0002839804654779177
20200601,68377,CRIOLLA,1.86,1.81,27.31,15.09,2.6881720430107503,0.0005419641168554809
20200601,68377,PASTUSA_SUPREMA,1.86,1.81,31.86,17.6,2.6881720430107503,0.0006322583948376281
20200601,68432,CRIOLLA,0.77,0.81,16.26,20.07,0.0,0.0003226780131845522
20200601,68468,PASTUSA_SUPREMA,12.38,12.31,247.11,20.07,0.5654281098546043,0.004903872314762281
20200601,68502,PASTUSA_SUPREMA,37.86,38.88,676.96,17.41,0.0,0.013434200972042709
20200601,68572,PASTUSA_SUPREMA,18.57,18.47,278.0,15.05,0.5385029617662962,0.005516881160227891
20200601,68669,PASTUSA_SUPREMA,18.57,18.14,182.08,10.04,2.3155627355950448,0.0036133587109866703
20200601,68682,PASTUSA_SUPREMA,1.86,0.65,5.2,8.0,65.05376344086022,0.0001031934605510253
20200601,68773,PASTUSA_SUPREMA,0.62,0.65,19.51,30.02,0.0,0.00038717392602894297
20200601,68820,PASTUSA_SUPREMA,210.49,194.39,4877.2,25.09,7.648819421350195,0.0967875280383578
20200601,68867,CRIOLLA,1.24,1.3,19.51,15.01,0.0,0.00038717392602894297
20200601,68867,PASTUSA_SUPREMA,21.05,22.03,442.2,20.07,0.0,0.008775413126089112
20200601,73001,PASTUSA_SUPREMA,2.48,2.59,46.82,18.08,0.0,0.0009291380428844239
20200601,73043,PASTUSA_SUPREMA,63.77,54.43,873.99,16.06,14.64638544770268,0.017344240882113577
20200601,73124,CRIOLLA,3.1,3.05,48.9,16.03,1.6129032258064613,0.000970415427104834
20200601,73124,PASTUSA_SUPREMA,37.15,37.58,603.47,16.06,0.0,0.011975799545909084
20200601,73152,PASTUSA_SUPREMA,49.53,50.54,546.25,10.81,0.0,0.01084027458192261
20200601,73347,PASTUSA_SUPREMA,105.25,110.16,1547.7,14.05,0.0,0.030713945941311896
20200601,73461,CRIOLLA,11.14,11.66,175.58,15.06,0.0,0.003484366885297889
20200601,73461,PASTUSA_SUPREMA,588.14,583.18,16094.77,27.6,0.843336620532531,0.31939904097554334
20200601,73622,CRIOLLA,37.15,38.88,585.26,15.05,0.0,0.011614423985017898
20200601,73622,PASTUSA_SUPREMA,30.95,32.4,650.29,20.07,0.0,0.012904937588793507
20200601,73686,CRIOLLA,0.62,0.65,3.9,6.0,0.0,7.739509541326897e-05
20200601,73686,PASTUSA_SUPREMA,156.01,163.29,2458.11,15.05,0.0,0.048780937945207846
20200601,73870,PASTUSA_SUPREMA,11.14,11.02,88.44,8.03,1.0771992818671583,0.0017550826252178226
20200601,76111,PASTUSA_SUPREMA,3.1,3.24,65.03,20.07,0.0,0.0012905136037756105
20200601,76275,PASTUSA_SUPREMA,2.48,2.59,37.72,14.56,0.0,0.0007485494869201297
20200601,76736,PASTUSA_SUPREMA,17.95,18.79,188.59,10.04,0.0,0.00374254898563805
20200601,76834,PASTUSA_SUPREMA,154.77,161.99,2763.75,17.06,0.0,0.05484633203805695
20200601,85136,PASTUSA_SUPREMA,4.33,3.24,4.88,1.51,25.17321016166282,9.684309374788528e-05
20200601,86749,PASTUSA_SUPREMA,2.48,2.59,5.2,2.01,0.0,0.0001031934605510253
20200601,86755,PASTUSA_SUPREMA,4.95,5.18,9.36,1.81,0.0,0.00018574822899184554
20200601,86760,PASTUSA_SUPREMA,3.53,2.27,22.76,10.03,35.69405099150141,0.0004516698388733338
20201201,05001,PASTUSA_SUPREMA,21.67,22.68,364.16,16.06,0.0,0.0072267174219733405
20201201,05002,PASTUSA_SUPREMA,49.53,48.6,487.72,10.04,1.877649909145973,0.00967875280383578
20201201,05004,CRIOLLA,0.93,0.45,0.91,2.02,51.61290322580645,1.8058855596429428e-05
20201201,05004,PASTUSA_SUPREMA,0.62,0.32,0.98,3.06,48.38709677419355,1.9447998334616305e-05
20201201,05079,PASTUSA_SUPREMA,18.57,17.5,140.46,8.03,5.761981690899298,0.002787414128653272
20201201,05086,PASTUSA_SUPREMA,86.67,77.76,1248.56,16.06,10.280373831775702,0.024777543674151567
20201201,05088,PASTUSA_SUPREMA,164.06,171.07,2746.84,16.06,0.0,0.05451075484230353
20201201,05148,CRIOLLA,198.11,194.39,2341.06,12.04,1.8777446872949466,0.04645809283799678
20201201,05148,PASTUSA_SUPREMA,80.48,81.0,1625.73,20.07,0.0,0.03226244319646507
20201201,05206,PASTUSA_SUPREMA,24.76,25.92,390.18,15.05,0.0,0.007743081622653664
20201201,05237,PASTUSA_SUPREMA,30.95,32.4,975.44,30.11,0.0,0.01935750560767156
20201201,05264,PASTUSA_SUPREMA,216.68,161.99,4877.2,30.11,25.23998523167805,0.0967875280383578
20201201,05266,PASTUSA_SUPREMA,3.71,3.89,85.84,22.07,0.0,0.00170348589494231
20201201,05306,PASTUSA_SUPREMA,0.62,0.65,1.3,2.0,0.0,2.5798365137756324e-05
20201201,05308,CRIOLLA,3.71,3.56,17.88,5.02,4.043126684636111,0.0003548267451254485
20201201,05308,PASTUSA_SUPREMA,3.71,3.56,28.61,8.04,4.043126684636111,0.0005677624819932373
20201201,05313,PASTUSA_SUPREMA,3.1,1.94,48.77,25.14,37.41935483870969,0.0009678355905910584
20201201,05318,PASTUSA_SUPREMA,6.19,6.48,156.07,24.08,0.0,0.003097192959268946
20201201,05376,PASTUSA_SUPREMA,4.64,4.86,58.53,12.04,0.0,0.001161521778086829
20201201,05400,CRIOLLA,30.95,32.4,682.81,21.07,0.0,0.013550293615162612
20201201,05400,PASTUSA_SUPREMA,835.78,874.76,13168.45,15.05,0.0,0.26132652415252866
20201201,05440,CRIOLLA,21.67,20.74,145.67,7.02,4.2916474388555725,0.002890806038166895
20201201,05440,PASTUSA_SUPREMA,79.24,69.98,667.2,9.53,11.686017163048955,0.013240514784546938
20201201,05541,PASTUSA_SUPREMA,13.0,12.31,247.11,20.07,5.307692307692302,0.004903872314762281
20201201,05607,PASTUSA_SUPREMA,30.95,25.92,260.12,10.04,16.25201938610662,0.005162054415102442
20201201,05615,PASTUSA_SUPREMA,6.19,6.48,78.04,12.04,0.0,0.0015486957041157719
20201201,05647,PASTUSA_SUPREMA,12.38,12.96,195.09,15.05,0.0,0.003871540811326832
20201201,05658,PASTUSA_SUPREMA,6.19,6.48,162.57,25.09,0.0,0.0032261847849577273
20201201,05664,CRIOLLA,29.1,16.2,146.32,9.03,44.3298969072165,0.0029037052207357733
20201201,05664,PASTUSA_SUPREMA,412.32,97.2,2633.69,27.1,76.42607683352736,0.05226530483050573
20201201,05674,PASTUSA_SUPREMA,371.46,388.78,8583.88,22.08,0.0,0.1703462081066798
20201201,05686,CRIOLLA,30.95,31.75,264.67,8.34,0.0,0.005252348693084589
20201201,05686,PASTUSA_SUPREMA,390.03,404.98,8941.54,22.08,0.0,0.17744393370296438
20201201,05697,CRIOLLA,43.34,45.36,546.25,12.04,0.0,0.01084027458192261
20201201,05697,PASTUSA_SUPREMA,61.91,64.8,975.44,15.05,0.0,0.01935750560767156
20201201,05756,CRIOLLA,58.81,60.91,794.66,13.05,0.0,0.015769945261822647
20201201,05756,PASTUSA_SUPREMA,30.95,32.4,520.23,16.06,0.0,0.010323910381242286
20201201,05847,CRIOLLA,2.48,2.59,20.81,8.03,0.0,0.0004129722911666993
20201201,05847,PASTUSA_SUPREMA,3.1,3.24,81.29,25.09,0.0,0.0016131916169601628
20201201,05887,PASTUSA_SUPREMA,34.05,35.64,682.81,19.16,0.0,0.013550293615162612
20201201,15001,CRIOLLA,185.73,194.39,1950.88,10.04,0.0,0.03871501121534312
20201201,15001,PASTUSA_SUPREMA,1238.19,1295.95,26011.74,20.07,0.0,0.5162002818372167
20201201,15047,CRIOLLA,18.57,19.44,97.54,5.02,0.0,0.0019356711811821168
20201201,15047,PASTUSA_SUPREMA,61.91,64.8,975.44,15.05,0.0,0.01935750560767156
20201201,15051,PASTUSA_SUPREMA,792.44,829.41,14982.76,18.06,0.0,0.2973313178856692
20201201,15087,CRIOLLA,23.53,23.98,355.06,14.81,0.0,0.007046128866009046
20201201,15087,PASTUSA_SUPREMA,222.88,226.79,3692.37,16.28,0.0,0.07327469960284409
20201201,15092,CRIOLLA,1.86,1.94,25.36,13.07,0.0,0.0005032665691488465
20201201,15092,PASTUSA_SUPREMA,9.29,9.72,175.58,18.06,0.0,0.003484366885297889
20201201,15104,PASTUSA_SUPREMA,148.58,155.51,3121.41,20.07,0.0,0.061944057634341514
20201201,15109,PASTUSA_SUPREMA,11.14,11.66,245.81,21.08,0.0,0.004878073949624525
20201201,15131,CRIOLLA,61.91,64.8,650.94,10.05,0.0,0.012917836771362386
20201201,15131,PASTUSA_SUPREMA,61.91,64.8,845.38,13.05,0.0,0.01677647840012034
20201201,15162,PASTUSA_SUPREMA,17.33,18.14,182.08,10.04,0.0,0.0036133587109866703
20201201,15172,PASTUSA_SUPREMA,2.48,2.59,44.22,17.07,0.0,0.0008775413126089113
20201201,15176,CRIOLLA,27.86,29.16,263.37,9.03,0.0,0.005226550327946833
20201201,15176,PASTUSA_SUPREMA,173.35,181.43,2367.07,13.05,0.0,0.04697425858971451
20201201,15180,PASTUSA_SUPREMA,55.72,45.36,819.37,18.06,18.592964824120607,0.016260312648402615
20201201,15183,PASTUSA_SUPREMA,142.39,119.88,1443.65,12.04,15.808694430788673,0.0286490844854784
20201201,15187,PASTUSA_SUPREMA,58.81,45.36,1138.01,25.09,22.870260159836764,0.022583690392629287
20201201,15189,PASTUSA_SUPREMA,160.97,168.47,2028.92,12.04,0.0,0.040263706919458894
20201201,15204,PASTUSA_SUPREMA,359.08,375.82,9429.26,25.09,0.0,0.18712268650680014
20201201,15215,PASTUSA_SUPREMA,0.62,0.58,12.88,22.21,6.451612903225811,0.0002556022638263857
20201201,15224,PASTUSA_SUPREMA,55.72,51.84,1404.63,27.1,6.96338837042354,0.02787473663342051
20201201,15226,CRIOLLA,1.86,1.94,9.75,5.03,0.0,0.00019348773853317244
20201201,15226,PASTUSA_SUPREMA,12.38,12.96,455.21,35.12,0.0,0.009033595226429275
20201201,15232,CRIOLLA,18.57,16.2,130.06,8.03,12.762520193861072,0.002581027207551221
20201201,15232,PASTUSA_SUPREMA,433.37,388.78,7803.52,20.07,10.289129381360052,0.15486004486137248
20201201,15236,PASTUSA_SUPREMA,4.33,4.54,77.38,17.04,0.0,0.0015355980725842956
20201201,15238,CRIOLLA,1.86,1.89,30.28,16.02,0.0,0.0006009034587471242
20201201,15238,PASTUSA_SUPREMA,9.29,8.13,163.22,20.08,12.48654467168997,0.0032390839675266055
20201201,15244,PASTUSA_SUPREMA,123.82,103.68,936.42,9.03,16.265546761427874,0.018583157755613675
20201201,15248,PASTUSA_SUPREMA,12.38,12.96,91.04,7.02,0.0,0.0018066793554933351
20201201,15272,PASTUSA_SUPREMA,80.48,84.24,1268.07,15.05,0.0,0.02516471760018051
20201201,15293,PASTUSA_SUPREMA,30.95,32.4,487.72,15.05,0.0,0.00967875280383578
20201201,15296,PASTUSA_SUPREMA,92.86,93.96,1131.51,12.04,0.0,0.022454698566940507
20201201,15299,PASTUSA_SUPREMA,2.48,1.94,13.66,7.04,21.7741935483871,0.0002710812829090395
20201201,15317,PASTUSA_SUPREMA,12.38,11.66,70.23,6.02,5.815831987075937,0.001393707064326636
20201201,15332,CRIOLLA,2.48,2.59,18.21,7.03,0.0,0.0003613755608911867
20201201,15332,PASTUSA_SUPREMA,11.14,11.66,152.17,13.05,0.0,0.003019797863855677
20201201,15367,PASTUSA_SUPREMA,185.73,194.39,3706.67,19.07,0.0,0.0735584816193594
20201201,15368,PASTUSA_SUPREMA,123.82,128.95,2601.17,20.17,0.0,0.05161994880413663
20201201,15403,CRIOLLA,1.86,1.3,3.9,3.0,30.107526881720435,7.739509541326897e-05
20201201,15403,PASTUSA_SUPREMA,8.05,6.48,81.94,12.65,19.50310559006211,0.001626090799529041
20201201,15407,PASTUSA_SUPREMA,58.81,61.56,1186.14,19.27,0.0,0.023538825249614065
20201201,15425,PASTUSA_SUPREMA,1.86,1.94,25.36,13.07,0.0,0.0005032665691488465
20201201,15442,PASTUSA_SUPREMA,5.57,5.83,128.76,22.09,0.0,0.0025552288424134646
20201201,15464,PASTUSA_SUPREMA,26.0,27.21,327.75,12.05,0.0,0.006504164749153565
20201201,15466,CRIOLLA,3.1,3.24,32.51,10.03,0.0,0.0006451575774065061
20201201,15466,PASTUSA_SUPREMA,24.76,25.92,520.23,20.07,0.0,0.010323910381242286
20201201,15476,CRIOLLA,2.48,2.59,18.21,7.03,0.0,0.0003613755608911867
20201201,15476,PASTUSA_SUPREMA,309.55,304.55,7029.67,23.08,1.6152479405588727,0.13950307189071653
20201201,15491,PASTUSA_SUPREMA,34.05,35.64,715.32,20.07,0.0,0.014195451192569118
20201201,15494,PASTUSA_SUPREMA,117.63,123.12,1729.78,14.05,0.0,0.034327304652298565
20201201,15500,PASTUSA_SUPREMA,50.15,52.49,1316.84,25.09,0.0,0.026132553190771568
20201201,15511,PASTUSA_SUPREMA,6.19,5.83,35.12,6.02,5.815831987075937,0.000696952756644617
20201201,15516,PASTUSA_SUPREMA,43.34,45.36,546.25,12.04,0.0,0.01084027458192261
20201201,15522,PASTUSA_SUPREMA,11.14,11.66,257.52,22.09,0.0,0.005110457684826929
20201201,15531,CRIOLLA,3.1,3.24,32.51,10.03,0.0,0.0006451575774065061
20201201,15531,PASTUSA_SUPREMA,3.1,3.24,39.02,12.04,0.0,0.0007743478520578859
20201201,15537,PASTUSA_SUPREMA,6.81,7.13,85.84,12.04,0.0,0.00170348589494231
20201201,15542,PASTUSA_SUPREMA,185.73,194.39,3901.76,20.07,0.0,0.07743002243068624
20201201,15599,CRIOLLA,8.05,7.78,85.84,11.03,3.354037267080756,0.00170348589494231
20201201,15599,PASTUSA_SUPREMA,61.91,61.56,1050.22,17.06,0.5653367791956021,0.020841506949980344
20201201,15600,PASTUSA_SUPREMA,168.39,176.25,2211.0,12.54,0.0,0.043877065630445564
20201201,15621,PASTUSA_SUPREMA,4.33,4.54,68.28,15.04,0.0,0.0013550095166200015
20201201,15632,CRIOLLA,464.32,485.98,8778.96,18.06,0.0,0.17421755046904405
20201201,15632,PASTUSA_SUPREMA,1547.74,1619.93,32514.68,20.07,0.0,0.6452504515210021
20201201,15646,PASTUSA_SUPREMA,526.23,550.78,14924.24,27.1,0.0,0.29616999455654497
20201201,15676,CRIOLLA,4.33,3.24,48.77,15.05,25.17321016166282,0.0009678355905910584
20201201,15676,PASTUSA_SUPREMA,15.48,9.72,195.09,20.07,37.2093023255814,0.003871540811326832
20201201,15693,CRIOLLA,12.38,12.96,182.08,14.05,0.0,0.0036133587109866703
20201201,15693,PASTUSA_SUPREMA,24.76,25.92,390.18,15.05,0.0,0.007743081622653664
20201201,15723,PASTUSA_SUPREMA,2.48,2.59,26.01,10.04,0.0,0.0005161657517177246
20201201,15740,CRIOLLA,27.86,29.16,351.16,12.04,0.0,0.006968733770595778
20201201,15740,PASTUSA_SUPREMA,2104.93,2203.11,50852.96,23.08,0.0,1.0091717157043976
20201201,15755,CRIOLLA,3.1,3.24,39.47,12.18,0.0,0.0007832780553748016
20201201,15755,PASTUSA_SUPREMA,123.82,129.59,2601.17,20.07,0.0,0.05161994880413663
20201201,15757,PASTUSA_SUPREMA,21.67,22.68,260.12,11.47,0.0,0.005162054415102442
20201201,15759,CRIOLLA,1.86,1.3,13.01,10.01,30.107526881720435,0.0002581821003401614
20201201,15759,PASTUSA_SUPREMA,142.39,145.79,2341.06,16.06,0.0,0.04645809283799678
20201201,15761,PASTUSA_SUPREMA,1.86,1.94,23.41,12.07,0.0,0.00046456902144221196
20201201,15762,PASTUSA_SUPREMA,26.0,24.62,345.96,14.05,5.307692307692302,0.006865540310044752
20201201,15764,CRIOLLA,371.46,387.49,5833.13,15.05,0.0,0.11575785972000043
20201201,15764,PASTUSA_SUPREMA,402.41,414.7,12485.64,30.11,0.0,0.24777623053736605
20201201,15774,PASTUSA_SUPREMA,17.33,18.14,400.58,22.08,0.0,0.007949468543755714
20201201,15776,PASTUSA_SUPREMA,11.14,9.07,154.77,17.06,18.581687612208263,0.0030713945941311894
20201201,15790,CRIOLLA,1.86,1.94,13.66,7.04,0.0,0.0002710812829090395
20201201,15790,PASTUSA_SUPREMA,15.48,16.2,138.19,8.53,0.0,0.002742366214143497
20201201,15804,PASTUSA_SUPREMA,24.76,25.92,520.23,20.07,0.0,0.010323910381242286
20201201,15806,PASTUSA_SUPREMA,24.76,25.92,780.35,30.11,0.0,0.01548596479634473
20201201,15808,CRIOLLA,1.86,1.94,19.51,10.06,0.0,0.00038717392602894297
20201201,15808,PASTUSA_SUPREMA,3.1,2.92,52.67,18.04,5.8064516129032295,0.0010452306860043274
20201201,15814,PASTUSA_SUPREMA,742.92,745.17,13461.08,18.06,0.0,0.2671337361450376
20201201,15820,PASTUSA_SUPREMA,17.33,16.85,302.65,17.96,2.7697634160415263,0.00600605785303227
20201201,15822,PASTUSA_SUPREMA,247.64,246.23,4942.23,20.07,0.5693748990470038,0.09807804164213342
20201201,15835,PASTUSA_SUPREMA,185.73,181.43,3277.48,18.06,2.315188714801042,0.06504125059361046
20201201,15837,PASTUSA_SUPREMA,37.15,38.88,585.26,15.05,0.0,0.011614423985017898
20201201,15839,CRIOLLA,20.43,21.38,386.27,18.07,0.0,0.007665488078277796
20201201,15839,PASTUSA_SUPREMA,305.22,316.21,10154.98,32.11,0.0,0.20152452462047132
20201201,15842,CRIOLLA,3.1,3.24,26.01,8.03,0.0,0.0005161657517177246
20201201,15842,PASTUSA_SUPREMA,427.18,447.1,9871.46,22.08,0.0,0.19589809963288926
20201201,15861,CRIOLLA,49.53,5.18,93.64,18.08,89.54169190389662,0.0018582760857688478
20201201,15861,PASTUSA_SUPREMA,1238.19,1295.95,39017.62,30.11,0.0,0.7743006212047876
20201201,15879,CRIOLLA,18.88,14.97,159.0,10.62,20.70974576271186,0.0031553385053101966
20201201,15879,PASTUSA_SUPREMA,323.17,239.75,3403.64,14.2,25.813039576693384,0.0675448827057484
20201201,17001,PASTUSA_SUPREMA,133.11,121.17,1580.86,13.05,8.97002479152581,0.03137200270128728
20201201,17873,PASTUSA_SUPREMA,72.43,51.84,624.28,12.04,28.42744719039072,0.012388771837075783
20201201,19001,CRIOLLA,1.24,0.97,5.85,6.03,21.7741935483871,0.00011609264311990345
20201201,19001,PASTUSA_SUPREMA,1.86,1.62,13.01,8.03,12.903225806451612,0.0002581821003401614
20201201,19022,PASTUSA_SUPREMA,61.91,61.56,1112.0,18.06,0.5653367791956021,0.022067524640911565
20201201,19364,CRIOLLA,15.48,16.2,65.03,4.01,0.0,0.0012905136037756105
20201201,19397,PASTUSA_SUPREMA,46.43,45.36,318.64,7.02,2.304544475554604,0.006323377744226673
20201201,19517,PASTUSA_SUPREMA,45.76,39.53,476.01,12.04,13.61451048951048,0.009446369068633375
20201201,19585,PASTUSA_SUPREMA,495.28,505.42,7608.44,15.05,0.0,0.15098870249900825
20201201,19622,PASTUSA_SUPREMA,1.86,1.94,15.61,8.05,0.0,0.00030977883061567403
20201201,19693,PASTUSA_SUPREMA,179.54,174.95,3160.43,18.06,2.556533363038882,0.0627184054863994
20201201,19701,CRIOLLA,1.36,1.36,20.76,15.26,0.0,0.0004119800463537087
20201201,19701,PASTUSA_SUPREMA,1.42,1.43,28.61,20.01,0.0,0.0005677624819932373
20201201,19743,PASTUSA_SUPREMA,86.67,88.12,2122.56,24.09,0.0,0.042121983005227744
20201201,19760,PASTUSA_SUPREMA,89.77,84.24,1521.69,18.06,6.160187144925922,0.03019778018959417
20201201,19821,CRIOLLA,4.95,5.18,78.04,15.07,0.0,0.0015486957041157719
20201201,19821,PASTUSA_SUPREMA,6.19,6.48,110.55,17.06,0.0,0.002193853281522278
20201201,19824,CRIOLLA,43.34,25.92,624.28,24.08,40.19381633594832,0.012388771837075783
20201201,19824,PASTUSA_SUPREMA,482.9,259.19,7283.29,28.1,46.32636156554152,0.1445361344801302
20201201,25019,PASTUSA_SUPREMA,3.71,3.89,78.04,20.06,0.0,0.0015486957041157719
20201201,25053,PASTUSA_SUPREMA,12.38,12.96,286.13,22.08,0.0,0.005678220166820167
20201201,25099,CRIOLLA,49.53,51.84,780.35,15.05,0.0,0.01548596479634473
20201201,25099,PASTUSA_SUPREMA,71.2,71.28,1359.11,19.07,0.0,0.026971396955673844
20201201,25120,PASTUSA_SUPREMA,15.48,16.2,292.63,18.06,0.0,0.005807211992508949
20201201,25126,PASTUSA_SUPREMA,15.66,16.39,279.69,17.06,0.0,0.005550419034906974
20201201,25151,CRIOLLA,37.15,38.88,624.28,16.06,0.0,0.012388771837075783
20201201,25151,PASTUSA_SUPREMA,46.43,48.6,926.67,19.07,0.0,0.0183896700170805
20201201,25154,CRIOLLA,18.57,19.44,351.16,18.06,0.0,0.006968733770595778
20201201,25154,PASTUSA_SUPREMA,371.46,323.99,6502.94,20.07,12.779303289721632,0.12905016968378547
20201201,25175,PASTUSA_SUPREMA,19.81,18.79,320.59,17.06,5.1489146895507325,0.006362075291933307
20201201,25178,PASTUSA_SUPREMA,18.57,18.14,364.16,20.07,2.3155627355950448,0.0072267174219733405
20201201,25181,CRIOLLA,61.91,64.8,780.35,12.04,0.0,0.01548596479634473
20201201,25181,PASTUSA_SUPREMA,17.33,18.14,327.75,18.07,0.0,0.006504164749153565
20201201,25183,CRIOLLA,95.34,95.25,1529.49,16.06,0.09439899307741584,0.030352570380420708
20201201,25183,PASTUSA_SUPREMA,421.61,441.27,12399.8,28.1,0.0,0.24607274464242374
20201201,25200,PASTUSA_SUPREMA,340.5,259.19,5202.35,20.07,23.879588839941267,0.10324009605723586
20201201,25214,PASTUSA_SUPREMA,42.9,44.9,1171.7,26.1,0.0,0.023252264947622375
20201201,25224,CRIOLLA,8.05,8.42,118.35,14.06,0.0,0.002348643472348816
20201201,25224,PASTUSA_SUPREMA,80.48,84.24,1690.76,20.07,0.0,0.03355295680024068
20201201,25260,CRIOLLA,172.11,178.84,3051.18,17.06,0.0,0.06055035057001488
20201201,25260,PASTUSA_SUPREMA,260.02,271.5,6539.35,24.09,0.0,0.12977272235660525
20201201,25269,CRIOLLA,61.91,59.61,957.23,16.06,3.715070263285414,0.018996130046780375
20201201,25269,PASTUSA_SUPREMA,198.11,184.67,4077.34,22.08,6.784109837968821,0.08091438931598413
20201201,25281,CRIOLLA,292.21,305.84,4604.08,15.05,0.0,0.0913674899718778
20201201,25281,PASTUSA_SUPREMA,235.26,246.23,5930.68,24.09,0.0,0.11769372935014513
20201201,25286,PASTUSA_SUPREMA,154.77,144.5,2900.31,20.07,6.63565290430963,0.05755635107129696
20201201,25288,CRIOLLA,9.29,9.72,146.32,15.05,0.0,0.0029037052207357733
20201201,25288,PASTUSA_SUPREMA,43.34,45.36,910.41,20.07,0.0,0.01806699200389595
20201201,25290,PASTUSA_SUPREMA,3.71,3.24,58.53,18.06,12.668463611859837,0.001161521778086829
20201201,25295,PASTUSA_SUPREMA,3.1,3.24,65.03,20.07,0.0,0.0012905136037756105
20201201,25297,PASTUSA_SUPREMA,6.19,6.48,143.06,22.08,0.0,0.0028390108589287843
20201201,25299,PASTUSA_SUPREMA,4.33,4.41,110.55,25.07,0.0,0.002193853281522278
20201201,25312,CRIOLLA,12.38,12.96,156.07,12.04,0.0,0.003097192959268946
20201201,25312,PASTUSA_SUPREMA,37.15,38.88,702.32,18.06,0.0,0.013937467541191555
20201201,25317,CRIOLLA,10.52,11.02,154.77,14.04,0.0,0.0030713945941311894
20201201,25317,PASTUSA_SUPREMA,167.16,168.47,3381.53,20.07,0.0,0.06710611204944396
20201201,25322,CRIOLLA,10.52,9.72,185.33,19.07,7.604562737642572,0.0036778546238310614
20201201,25322,PASTUSA_SUPREMA,121.34,127.0,2804.07,22.08,0.0,0.055646478255252596
20201201,25326,CRIOLLA,38.38,40.17,725.73,18.07,0.0,0.014402036562633768
20201201,25326,PASTUSA_SUPREMA,328.12,343.43,7754.75,22.58,0.0,0.15389220927078143
20201201,25339,PASTUSA_SUPREMA,40.24,38.88,858.39,22.08,3.379721669980118,0.0170346605004605
20201201,25372,PASTUSA_SUPREMA,24.76,25.92,468.21,18.06,0.0,0.009291578877806838
20201201,25377,CRIOLLA,67.48,68.04,1502.18,22.08,0.0,0.02981060626356523
20201201,25377,PASTUSA_SUPREMA,526.23,548.83,16523.96,30.11,0.0,0.3279162720012923
20201201,25407,CRIOLLA,15.48,16.2,195.09,12.04,0.0,0.003871540811326832
20201201,25407,PASTUSA_SUPREMA,284.78,298.07,5085.3,17.06,0.0,0.1009172509500248
20201201,25426,CRIOLLA,13.62,14.26,120.95,8.48,0.0,0.002400240202624329
20201201,25426,PASTUSA_SUPREMA,105.25,110.16,1636.14,14.85,0.0,0.032469028566529716
20201201,25430,PASTUSA_SUPREMA,275.93,280.12,5763.0,20.57,0.0,0.11436613714529976
20201201,25436,PASTUSA_SUPREMA,16.1,16.2,341.4,21.07,0.0,0.006775047583100007
20201201,25473,PASTUSA_SUPREMA,136.2,71.28,2074.44,29.1,47.665198237885456,0.04116704659720556
20201201,25486,PASTUSA_SUPREMA,4.33,4.54,77.38,17.04,0.0,0.0015355980725842956
20201201,25513,CRIOLLA,210.49,220.31,3316.5,15.05,0.0,0.06581559844566834
20201201,25513,PASTUSA_SUPREMA,111.44,116.64,2341.06,20.07,0.0,0.04645809283799678
20201201,25535,PASTUSA_SUPREMA,742.92,745.17,17948.1,24.09,0.0,0.35617818256074174
20201201,25594,CRIOLLA,6.19,6.48,91.04,14.05,0.0,0.0018066793554933351
20201201,25594,PASTUSA_SUPREMA,12.38,12.96,260.12,20.07,0.0,0.005162054415102442
20201201,25649,PASTUSA_SUPREMA,6.19,6.48,130.06,20.07,0.0,0.002581027207551221
20201201,25653,CRIOLLA,23.53,23.98,288.73,12.04,0.0,0.005729816897095679
20201201,25653,PASTUSA_SUPREMA,538.61,544.3,10924.93,20.07,0.0,0.216804102495714
20201201,25736,CRIOLLA,43.34,45.36,455.21,10.04,0.0,0.009033595226429275
20201201,25736,PASTUSA_SUPREMA,309.55,323.99,10404.7,32.11,0.0,0.20648019211447172
20201201,25740,CRIOLLA,316.98,331.76,8323.76,25.09,0.0,0.16518415369157738
20201201,25740,PASTUSA_SUPREMA,447.61,468.49,11189.86,23.88,0.0,0.22206161086182613
20201201,25745,PASTUSA_SUPREMA,92.86,97.2,2926.32,30.11,0.0,0.05807251682301468
20201201,25754,CRIOLLA,18.57,14.26,257.52,18.06,23.209477652127084,0.005110457684826929
20201201,25754,PASTUSA_SUPREMA,253.83,257.25,5163.33,20.07,0.0,0.10246574820517797
20201201,25758,PASTUSA_SUPREMA,15.48,16.2,325.15,20.07,0.0,0.006452568018878053
20201201,25769,CRIOLLA,46.43,48.6,877.9,18.06,0.0,0.017421834426489445
20201201,25769,PASTUSA_SUPREMA,266.21,278.63,6151.78,22.08,0.0,0.12208143591318969
20201201,25772,CRIOLLA,7.43,7.78,156.07,20.06,0.0,0.003097192959268946
20201201,25772,PASTUSA_SUPREMA,371.46,388.78,11705.28,30.11,0.0,0.23229006729205873
20201201,25779,CRIOLLA,30.95,29.16,351.16,12.04,5.783521809369951,0.006968733770595778
20201201,25779,PASTUSA_SUPREMA,278.59,291.59,5852.64,20.07,0.0,0.11614503364602936
20201201,25781,PASTUSA_SUPREMA,65.62,66.74,1741.49,26.09,0.0,0.03455968838750097
20201201,25785,CRIOLLA,4.33,4.54,36.42,8.02,0.0,0.0007227511217823733
20201201,25785,PASTUSA_SUPREMA,55.72,58.32,1053.48,18.06,0.0,0.02090620131178733
20201201,25793,CRIOLLA,58.81,59.61,837.58,14.05,0.0,0.0166216882092938
20201201,25793,PASTUSA_SUPREMA,4698.95,4820.92,87087.32,18.06,0.0,1.7282388309450993
20201201,25799,CRIOLLA,18.57,19.44,292.63,15.05,0.0,0.005807211992508949
20201201,25799,PASTUSA_SUPREMA,123.82,129.59,2601.17,20.07,0.0,0.05161994880413663
20201201,25807,PASTUSA_SUPREMA,154.77,130.24,2352.76,18.06,15.849324804548681,0.046690278124236595
20201201,25817,PASTUSA_SUPREMA,8.36,8.75,149.24,17.06,0.0,0.002961652317814426
20201201,25843,CRIOLLA,18.57,18.14,309.54,17.06,2.3155627355950448,0.006142789188262379
20201201,25843,PASTUSA_SUPREMA,278.59,278.63,5592.52,20.07,0.0,0.11098297923092693
20201201,25845,CRIOLLA,117.63,123.12,2471.12,20.07,0.0,0.04903912004554801
20201201,25845,PASTUSA_SUPREMA,835.78,842.37,25361.45,30.11,0.0,0.5032953442484231
20201201,25873,CRIOLLA,24.76,25.92,520.23,20.07,0.0,0.010323910381242286
20201201,25873,PASTUSA_SUPREMA,3714.58,3887.84,117052.85,30.11,0.0,2.3229016651654004
20201201,25898,CRIOLLA,154.77,149.03,1794.81,12.04,3.7087290818634155,0.03561781825607418
20201201,25898,PASTUSA_SUPREMA,105.25,100.44,3527.84,35.12,4.570071258907371,0.07000961882121713
20201201,25899,CRIOLLA,74.29,77.76,1404.63,18.06,0.0,0.02787473663342051
20201201,25899,PASTUSA_SUPREMA,1114.38,1108.04,27800.05,25.09,0.5689262190635258,0.5516891082676021
20201201,41001,PASTUSA_SUPREMA,1.86,1.94,10.73,5.53,0.0,0.00021293573686778874
20201201,41020,PASTUSA_SUPREMA,1.86,1.94,19.51,10.06,0.0,0.00038717392602894297
20201201,41206,PASTUSA_SUPREMA,2.48,1.94,9.95,5.13,21.7741935483871,0.00019745671778513495
20201201,41359,PASTUSA_SUPREMA,2.48,2.59,13.01,5.02,0.0,0.0002581821003401614
20201201,41396,PASTUSA_SUPREMA,1.86,1.94,13.66,7.04,0.0,0.0002710812829090395
20201201,41668,PASTUSA_SUPREMA,1.86,1.94,9.75,5.03,0.0,0.00019348773853317244
20201201,52001,CRIOLLA,80.48,84.24,1521.69,18.06,0.0,0.03019778018959417
20201201,52001,PASTUSA_SUPREMA,3033.58,3175.07,76474.53,24.09,0.0,1.5176291143679232
20201201,52022,PASTUSA_SUPREMA,148.58,77.76,1365.62,17.56,47.66455781397227,0.027100587230325223
20201201,52036,PASTUSA_SUPREMA,18.57,19.44,292.63,15.05,0.0,0.005807211992508949
20201201,52083,PASTUSA_SUPREMA,5.57,3.89,9.75,2.51,30.161579892280077,0.00019348773853317244
20201201,52110,PASTUSA_SUPREMA,12.38,9.72,78.04,8.03,21.486268174474954,0.0015486957041157719
20201201,52210,PASTUSA_SUPREMA,278.59,291.59,7315.8,25.09,0.0,0.14518129205753671
20201201,52215,CRIOLLA,34.05,35.64,643.79,18.06,0.0,0.012775945763104726
20201201,52215,PASTUSA_SUPREMA,260.02,272.15,5462.47,20.07,0.0,0.1084021504723383
20201201,52224,CRIOLLA,22.91,22.68,182.08,8.03,1.0039284155390682,0.0036133587109866703
20201201,52224,PASTUSA_SUPREMA,241.45,194.39,3511.59,18.06,19.490577759370474,0.06968713925699517
20201201,52227,CRIOLLA,18.57,15.55,171.68,11.04,16.26278944534195,0.00340697178988462
20201201,52227,PASTUSA_SUPREMA,340.5,194.39,3901.76,20.07,42.910425844346555,0.07743002243068624
20201201,52258,PASTUSA_SUPREMA,2.48,1.94,48.77,25.14,21.7741935483871,0.0009678355905910584
20201201,52287,PASTUSA_SUPREMA,120.72,119.88,1323.35,11.04,0.6958250497017926,0.026261743465422947
20201201,52317,CRIOLLA,15.48,15.23,183.38,12.04,1.6149870801033583,0.0036391570761244267
20201201,52317,PASTUSA_SUPREMA,294.07,291.59,5852.64,20.07,0.843336620532531,0.11614503364602936
20201201,52320,CRIOLLA,9.29,9.72,146.32,15.05,0.0,0.0029037052207357733
20201201,52320,PASTUSA_SUPREMA,33.43,34.99,965.69,27.6,0.0,0.019164017869138388
20201201,52323,CRIOLLA,9.29,9.72,195.09,20.07,0.0,0.003871540811326832
20201201,52323,PASTUSA_SUPREMA,371.46,388.78,8974.05,23.08,0.0,0.17808909128037087
20201201,52352,CRIOLLA,43.34,45.36,455.21,10.04,0.0,0.009033595226429275
20201201,52352,PASTUSA_SUPREMA,588.14,615.58,3088.89,5.02,0.0,0.06129870160797241
20201201,52354,CRIOLLA,17.33,17.5,228.25,13.04,0.0,0.004529597571302216
20201201,52354,PASTUSA_SUPREMA,219.16,228.73,4591.07,20.07,0.0,0.09110930787153763
20201201,52356,CRIOLLA,24.76,25.27,228.25,9.03,0.0,0.004529597571302216
20201201,52356,PASTUSA_SUPREMA,990.56,1035.46,18705.05,18.06,0.0,0.37119977678460686
20201201,52378,PASTUSA_SUPREMA,46.43,45.36,546.25,12.04,2.304544475554604,0.01084027458192261
20201201,52381,CRIOLLA,2.48,1.94,21.46,11.06,21.7741935483871,0.0004258714737355775
20201201,52381,PASTUSA_SUPREMA,6.19,6.16,18.53,3.01,0.4846526655896688,0.0003677259276943267
20201201,52385,PASTUSA_SUPREMA,1.55,1.3,5.85,4.5,16.129032258064512,0.00011609264311990345
20201201,52435,PASTUSA_SUPREMA,20.43,17.5,175.58,10.03,14.341654429760153,0.003484366885297889
20201201,52480,CRIOLLA,4.95,5.18,41.62,8.03,0.0,0.0008259445823333986
20201201,52480,PASTUSA_SUPREMA,7.43,7.78,93.64,12.04,0.0,0.0018582760857688478
20201201,52506,PASTUSA_SUPREMA,495.28,518.38,16647.52,32.11,0.0,0.33036830738315476
20201201,52560,CRIOLLA,882.21,923.36,20850.04,22.58,0.0,0.4137668808129422
20201201,52560,PASTUSA_SUPREMA,2556.87,2676.13,75199.95,28.1,0.0,1.4923352064930913
20201201,52565,PASTUSA_SUPREMA,42.1,44.06,530.64,12.04,0.0,0.010530495751306936
20201201,52573,CRIOLLA,52.62,51.84,572.26,11.04,1.4823261117445696,0.011356440333640335
20201201,52573,PASTUSA_SUPREMA,148.58,149.03,2991.35,20.07,0.0,0.059363030426790295
20201201,52585,CRIOLLA,43.34,45.36,910.41,20.07,0.0,0.01806699200389595
20201201,52585,PASTUSA_SUPREMA,1581.17,1654.92,19930.2,12.04,0.0,0.39551275143731623
20201201,52678,PASTUSA_SUPREMA,16.34,15.23,229.23,15.05,6.7931456548347535,0.004549045569636832
20201201,52683,PASTUSA_SUPREMA,3.1,3.24,65.03,20.07,0.0,0.0012905136037756105
20201201,52685,PASTUSA_SUPREMA,6.81,7.13,35.12,4.93,0.0,0.000696952756644617
20201201,52699,PASTUSA_SUPREMA,9.29,9.72,131.68,13.55,0.0,0.0026131759394921175
20201201,52720,CRIOLLA,7.43,7.78,62.43,8.02,0.0,0.0012389168735000978
20201201,52720,PASTUSA_SUPREMA,526.23,550.78,9396.74,17.06,0.0,0.18647733048043105
20201201,52788,PASTUSA_SUPREMA,247.64,259.19,4682.11,18.06,0.0,0.09291598722703097
20201201,52838,CRIOLLA,185.73,194.39,1950.88,10.04,0.0,0.03871501121534312
20201201,52838,PASTUSA_SUPREMA,1734.71,1781.93,35766.15,20.07,0.0,0.7097755363628949
20201201,52885,PASTUSA_SUPREMA,160.97,168.47,2874.3,17.06,0.0,0.05704018531957923
20201201,54125,CRIOLLA,30.95,25.92,520.23,20.07,16.25201938610662,0.010323910381242286
20201201,54125,PASTUSA_SUPREMA,55.72,51.84,1144.52,22.08,6.96338837042354,0.02271288066728067
20201201,54174,CRIOLLA,22.91,19.44,292.63,15.05,15.14622435617634,0.005807211992508949
20201201,54174,PASTUSA_SUPREMA,346.69,239.75,3368.52,14.05,30.84600074994952,0.0668479299491038
20201201,54347,CRIOLLA,2.48,2.59,31.21,12.05,0.0,0.0006193592122687499
20201201,54347,PASTUSA_SUPREMA,7.43,7.78,109.25,14.04,0.0,0.0021680549163845216
20201201,54377,CRIOLLA,3.1,1.94,39.02,20.11,37.41935483870969,0.0007743478520578859
20201201,54480,CRIOLLA,82.96,86.83,2178.48,25.09,0.0,0.04323170960407646
20201201,54480,PASTUSA_SUPREMA,48.29,50.54,1014.46,20.07,0.0,0.020131853459729447
20201201,54518,CRIOLLA,55.72,41.47,541.04,13.05,25.574300071787516,0.010736882672408986
20201201,54518,PASTUSA_SUPREMA,89.77,60.26,907.16,15.05,32.87289740447811,0.01800249609105156
20201201,54743,CRIOLLA,105.25,80.35,1612.73,20.07,23.65795724465559,0.0320044595450875
20201201,54743,PASTUSA_SUPREMA,523.76,231.33,5803.87,25.09,55.832824194287454,0.1151771980554383
20201201,68020,PASTUSA_SUPREMA,61.91,64.8,1365.62,21.07,0.0,0.027100587230325223
20201201,68101,PASTUSA_SUPREMA,18.57,19.44,390.18,20.07,0.0,0.007743081622653664
20201201,68132,CRIOLLA,1.24,1.3,12.36,9.51,0.0,0.0002452829177712832
20201201,68162,PASTUSA_SUPREMA,167.16,174.95,3687.16,21.08,0.0,0.07317130769333047
20201201,68207,CRIOLLA,7.43,7.78,101.45,13.04,0.0,0.0020132647255579838
20201201,68207,PASTUSA_SUPREMA,24.76,25.92,780.35,30.11,0.0,0.01548596479634473
20201201,68245,CRIOLLA,1.24,0.65,0.65,1.0,47.58064516129033,1.2899182568878162e-05
20201201,68264,PASTUSA_SUPREMA,50.77,53.13,319.94,6.02,0.0,0.00634917610936443
20201201,68298,PASTUSA_SUPREMA,6.19,6.48,52.02,8.03,0.0,0.0010323315034354492
20201201,68318,CRIOLLA,18.57,19.44,390.18,20.07,0.0,0.007743081622653664
20201201,68318,PASTUSA_SUPREMA,121.96,127.0,2676.61,21.08,0.0,0.053117047777976885
20201201,68368,CRIOLLA,1.24,1.3,13.01,10.01,0.0,0.0002581821003401614
20201201,68377,CRIOLLA,0.62,0.52,7.8,15.0,16.129032258064512,0.00015479019082653795
20201201,68377,PASTUSA_SUPREMA,0.62,0.58,9.95,17.16,6.451612903225811,0.00019745671778513495
20201201,68432,CRIOLLA,0.15,0.16,3.25,20.31,0.0,6.449591284439081e-05
20201201,68432,PASTUSA_SUPREMA,6.81,0.65,13.01,20.02,90.45521292217327,0.0002581821003401614
20201201,68468,PASTUSA_SUPREMA,11.14,11.02,221.1,20.06,1.0771992818671583,0.004387706563044556
20201201,68502,PASTUSA_SUPREMA,58.81,53.13,853.19,16.06,9.658221390919907,0.016931467039909477
20201201,68572,PASTUSA_SUPREMA,18.57,19.44,292.63,15.05,0.0,0.005807211992508949
20201201,68669,PASTUSA_SUPREMA,6.19,6.48,65.03,10.04,0.0,0.0012905136037756105
20201201,68773,PASTUSA_SUPREMA,1.24,0.65,19.51,30.02,47.58064516129033,0.00038717392602894297
20201201,68820,PASTUSA_SUPREMA,61.91,64.8,1625.73,25.09,0.0,0.03226244319646507
20201201,68867,CRIOLLA,0.62,0.65,9.75,15.0,0.0,0.00019348773853317244
20201201,68867,PASTUSA_SUPREMA,3.1,3.24,65.03,20.07,0.0,0.0012905136037756105
20201201,73001,PASTUSA_SUPREMA,1.86,1.94,35.12,18.1,0.0,0.000696952756644617
20201201,73043,PASTUSA_SUPREMA,55.72,43.41,609.98,14.05,22.092605886575743,0.012104989820560463
20201201,73124,CRIOLLA,3.1,3.05,48.9,16.03,1.6129032258064613,0.000970415427104834
20201201,73124,PASTUSA_SUPREMA,37.15,35.64,572.26,16.06,4.064602960969044,0.011356440333640335
20201201,73152,PASTUSA_SUPREMA,49.53,32.4,546.25,16.86,34.585099939430656,0.01084027458192261
20201201,73347,PASTUSA_SUPREMA,96.58,101.08,1420.24,14.05,0.0,0.028184515464036185
20201201,73461,CRIOLLA,9.29,9.72,146.32,15.05,0.0,0.0029037052207357733
20201201,73622,CRIOLLA,37.15,38.88,585.26,15.05,0.0,0.011614423985017898
20201201,73622,PASTUSA_SUPREMA,30.95,32.4,650.29,20.07,0.0,0.012904937588793507
20201201,73686,CRIOLLA,0.62,0.65,3.9,6.0,0.0,7.739509541326897e-05
20201201,73686,PASTUSA_SUPREMA,156.01,163.29,2458.11,15.05,0.0,0.048780937945207846
20201201,73870,PASTUSA_SUPREMA,12.38,12.31,74.13,6.02,0.5654281098546043,0.0014711021597399049
20201201,76111,PASTUSA_SUPREMA,3.1,3.24,65.03,20.07,0.0,0.0012905136037756105
20201201,76275,PASTUSA_SUPREMA,1.86,1.94,28.29,14.58,0.0,0.0005614121151900972
20201201,76736,PASTUSA_SUPREMA,9.91,10.37,104.05,10.03,0.0,0.0020648614558334967
20201201,76834,PASTUSA_SUPREMA,142.39,149.03,2542.65,17.06,0.0,0.0504586254750124
20210601,05001,PASTUSA_SUPREMA,20.25,20.63,370.84,17.98,0.0,0.007254922793977898
20210601,05002,PASTUSA_SUPREMA,54.95,53.04,596.0,11.24,3.47588717015469,0.011659837086643369
20210601,05004,CRIOLLA,1.45,1.33,6.11,4.59,8.275862068965512,0.00011953289362313924
20210601,05004,PASTUSA_SUPREMA,1.74,1.47,6.79,4.62,15.517241379310342,0.0001328360634535377
20210601,05079,PASTUSA_SUPREMA,16.2,15.91,143.04,8.99,1.7901234567901159,0.0027983609007944084
20210601,05086,PASTUSA_SUPREMA,104.12,106.08,1668.79,15.73,0.0,0.03264734820775099
20210601,05088,PASTUSA_SUPREMA,124.37,114.92,2151.55,18.72,7.598295408860656,0.042091816247932116
20210601,05093,PASTUSA_SUPREMA,2.31,2.36,66.22,28.06,0.0,0.001295493979660275
20210601,05148,CRIOLLA,144.61,141.43,1907.19,13.49,2.1990180485443656,0.037311283042408334
20210601,05148,PASTUSA_SUPREMA,107.01,101.95,2291.28,22.47,4.728530043921131,0.044825422013228554
20210601,05206,PASTUSA_SUPREMA,20.25,20.63,347.67,16.85,0.0,0.0068016368454921145
20210601,05237,CRIOLLA,0.58,0.59,5.5,9.32,0.0,0.00010759916774587002
20210601,05237,PASTUSA_SUPREMA,28.92,29.47,647.98,21.99,0.0,0.012676747039267064
20210601,05264,PASTUSA_SUPREMA,219.81,176.79,5297.76,29.97,19.57144806878668,0.10364264853042915
20210601,05266,PASTUSA_SUPREMA,5.78,5.89,139.07,23.61,0.0,0.002720693865166935
20210601,05306,PASTUSA_SUPREMA,2.31,2.36,50.33,21.33,0.0,0.0009846302022999342
20210601,05308,CRIOLLA,3.18,3.24,18.58,5.73,0.0,0.0003634895521305936
20210601,05308,PASTUSA_SUPREMA,3.18,3.24,29.14,8.99,0.0,0.0005700799542026641
20210601,05313,CRIOLLA,0.46,0.47,7.95,16.91,0.0,0.00015552970610539394
20210601,05313,PASTUSA_SUPREMA,2.89,2.95,110.59,37.49,0.0,0.0021635258110937754
20210601,05318,PASTUSA_SUPREMA,7.52,7.66,189.39,24.72,0.0,0.003705128432616422
20210601,05376,PASTUSA_SUPREMA,5.21,5.3,71.52,13.49,0.0,0.0013991804503972042
20210601,05400,CRIOLLA,42.8,43.61,588.05,13.48,0.0,0.011504307380537974
20210601,05400,PASTUSA_SUPREMA,491.68,500.91,7317.53,14.61,0.0,0.14315638871917022
20210601,05440,PASTUSA_SUPREMA,86.77,87.22,931.08,10.68,0.0,0.018215169655422664
20210601,05541,PASTUSA_SUPREMA,14.46,12.38,278.13,22.47,14.384508990318123,0.005441192095483423
20210601,05607,PASTUSA_SUPREMA,30.08,30.05,337.73,11.24,0.09973404255317897,0.00660717580414776
20210601,05615,PASTUSA_SUPREMA,6.94,7.07,111.25,15.74,0.0,0.0021764377112232797
20210601,05647,PASTUSA_SUPREMA,11.57,11.79,172.18,14.6,0.0,0.0033684408549970726
20210601,05658,PASTUSA_SUPREMA,4.05,4.13,92.71,22.45,0.0,0.0018137306984944744
20210601,05664,CRIOLLA,30.66,31.23,333.43,10.68,0.0,0.006523052818455535
20210601,05664,PASTUSA_SUPREMA,278.23,283.46,9555.84,33.71,0.0,0.18694553292958083
20210601,05674,PASTUSA_SUPREMA,347.07,353.59,8741.31,24.72,0.0,0.17101048745611838
20210601,05686,CRIOLLA,40.49,41.25,370.84,8.99,0.0,0.007254922793977898
20210601,05686,PASTUSA_SUPREMA,451.18,459.66,11363.7,24.72,0.0,0.22231357500249874
20210601,05697,CRIOLLA,40.49,41.25,556.26,13.49,0.0,0.010882384190966847
20210601,05697,PASTUSA_SUPREMA,52.06,53.04,894.0,16.86,0.0,0.017489755629965055
20210601,05756,CRIOLLA,83.87,85.45,1152.26,13.48,0.0,0.022542221277610214
20210601,05756,PASTUSA_SUPREMA,34.71,34.77,625.14,17.98,0.0,0.012229917040846033
20210601,05847,CRIOLLA,3.47,3.54,31.79,8.98,0.0,0.0006219231895711287
20210601,05847,PASTUSA_SUPREMA,4.05,4.13,139.07,33.67,0.0,0.002720693865166935
20210601,05887,PASTUSA_SUPREMA,37.6,37.72,1059.55,28.09,0.0,0.02072849057911574
20210601,15001,CRIOLLA,115.69,117.86,1721.77,14.61,0.0,0.03368382164541939
20210601,15001,PASTUSA_SUPREMA,867.66,883.96,19866.6,22.47,0.0,0.3886599319891093
20210601,15022,CRIOLLA,1.16,1.18,6.62,5.61,0.0,0.0001295102709959381
20210601,15022,PASTUSA_SUPREMA,2.89,2.95,29.8,10.1,0.0,0.0005829918543321684
20210601,15047,CRIOLLA,15.04,15.32,137.74,8.99,0.0,0.0026946744300574794
20210601,15047,PASTUSA_SUPREMA,144.61,129.65,1748.26,13.48,10.345066039692973,0.034202058364253586
20210601,15051,PASTUSA_SUPREMA,723.05,736.64,16555.5,22.47,0.0,0.3238832766575911
20210601,15087,CRIOLLA,23.14,22.39,352.3,15.73,3.241140881590321,0.0068922157812490925
20210601,15087,PASTUSA_SUPREMA,219.81,202.72,3754.79,18.52,7.774896501524042,0.07345677801100278
20210601,15092,CRIOLLA,3.47,3.54,50.18,14.18,0.0,0.0009816956795432286
20210601,15092,PASTUSA_SUPREMA,23.72,24.16,488.72,20.23,0.0,0.009561066411047562
20210601,15104,PASTUSA_SUPREMA,104.12,106.08,2383.99,22.47,0.0,0.04663915271172303
20210601,15109,PASTUSA_SUPREMA,12.73,12.96,291.38,22.48,0.0,0.005700408272325747
20210601,15114,PASTUSA_SUPREMA,3.47,3.54,39.73,11.22,0.0,0.0007772572608260756
20210601,15131,CRIOLLA,83.87,85.45,1248.28,14.61,0.0,0.024420707111602658
20210601,15131,PASTUSA_SUPREMA,43.38,44.2,894.0,20.23,0.0,0.017489755629965055
20210601,15162,PASTUSA_SUPREMA,38.29,38.84,436.4,11.24,0.0,0.008537504873508668
20210601,15172,PASTUSA_SUPREMA,2.89,2.95,56.29,19.08,0.0,0.0011012285731663678
20210601,15176,CRIOLLA,28.92,29.47,99.33,3.37,0.0,0.0019432409694904126
20210601,15176,PASTUSA_SUPREMA,127.26,129.65,1748.26,13.48,0.0,0.034202058364253586
20210601,15180,PASTUSA_SUPREMA,46.28,29.47,596.0,20.22,36.322385479688855,0.011659837086643369
20210601,15183,PASTUSA_SUPREMA,52.06,42.43,572.16,13.48,18.497887053399932,0.011193443603177634
20210601,15187,PASTUSA_SUPREMA,46.28,47.14,1589.33,33.72,0.0,0.031092833686098834
20210601,15189,PASTUSA_SUPREMA,150.39,153.22,1854.22,12.1,0.0,0.03627500523959038
20210601,15204,PASTUSA_SUPREMA,416.48,424.3,9535.97,22.47,0.0,0.18655680648174255
20210601,15215,PASTUSA_SUPREMA,5.78,5.89,145.69,24.74,0.0,0.0028502041361628734
20210601,15224,PASTUSA_SUPREMA,83.87,85.45,1920.44,22.47,0.0,0.03757049921925066
20210601,15226,CRIOLLA,1.16,1.18,13.24,11.22,0.0,0.0002590205419918762
20210601,15226,PASTUSA_SUPREMA,12.15,12.38,278.13,22.47,0.0,0.005441192095483423
20210601,15232,CRIOLLA,20.25,17.68,158.93,8.99,12.691358024691358,0.003109224678154749
20210601,15232,PASTUSA_SUPREMA,375.99,383.05,8608.86,22.47,0.0,0.16841930386194737
20210601,15236,PASTUSA_SUPREMA,1.45,1.47,24.83,16.89,0.0,0.0004857613336599914
20210601,15238,CRIOLLA,1.74,1.71,31.79,18.59,1.7241379310344862,0.0006219231895711287
20210601,15238,PASTUSA_SUPREMA,8.68,8.84,198.67,22.47,0.0,0.003886677573831272
20210601,15244,PASTUSA_SUPREMA,115.69,117.86,1192.0,10.11,0.0,0.023319674173286738
20210601,15248,PASTUSA_SUPREMA,17.93,15.91,214.56,13.49,11.266034578918017,0.004197541351191613
20210601,15272,PASTUSA_SUPREMA,72.88,74.25,1198.62,16.14,0.0,0.023449184444282675
20210601,15276,PASTUSA_SUPREMA,23.14,23.57,264.89,11.24,0.0,0.005182171553491547
20210601,15293,PASTUSA_SUPREMA,57.84,58.93,1192.0,20.23,0.0,0.023319674173286738
20210601,15296,PASTUSA_SUPREMA,242.95,247.51,3337.59,13.48,0.0,0.06529489205035242
20210601,15299,PASTUSA_SUPREMA,2.31,2.36,15.89,6.73,0.0,0.00031086377736034085
20210601,15317,PASTUSA_SUPREMA,5.78,4.71,52.98,11.25,18.512110726643606,0.001036473437668399
20210601,15332,CRIOLLA,1.16,1.18,11.92,10.1,0.0,0.00023319674173286737
20210601,15332,PASTUSA_SUPREMA,11.57,11.79,158.93,13.48,0.0,0.003109224678154749
20210601,15362,PASTUSA_SUPREMA,11.57,11.79,271.51,23.03,0.0,0.005311681824487485
20210601,15367,PASTUSA_SUPREMA,219.81,223.94,4781.23,21.35,0.0,0.09353752160028839
20210601,15368,PASTUSA_SUPREMA,173.53,169.72,3432.95,20.23,2.195585777675335,0.06716046598421536
20210601,15377,PASTUSA_SUPREMA,4.63,4.71,55.63,11.81,0.0,0.0010883166730368634
20210601,15403,CRIOLLA,3.47,3.54,59.6,16.84,0.0,0.0011659837086643368
20210601,15403,PASTUSA_SUPREMA,13.88,14.14,397.33,28.1,0.0,0.007773159512812097
20210601,15407,PASTUSA_SUPREMA,80.98,82.5,1757.69,21.31,0.0,0.03438654202822514
20210601,15425,PASTUSA_SUPREMA,8.1,7.66,145.69,19.02,5.432098765432092,0.0028502041361628734
20210601,15442,PASTUSA_SUPREMA,5.78,5.89,109.27,18.55,0.0,0.0021377020108347667
20210601,15464,PASTUSA_SUPREMA,115.69,111.97,1509.86,13.48,3.215489670671623,0.029538123529596238
20210601,15466,CRIOLLA,8.68,8.84,99.33,11.24,0.0,0.0019432409694904126
20210601,15466,PASTUSA_SUPREMA,34.71,35.36,794.66,22.47,0.0,0.015546319025624193
20210601,15476,PASTUSA_SUPREMA,520.6,530.38,16555.5,31.21,0.0,0.3238832766575911
20210601,15491,PASTUSA_SUPREMA,34.71,33.59,717.18,21.35,3.2267358110054656,0.014030540204360556
20210601,15494,PASTUSA_SUPREMA,95.44,97.24,1584.36,16.29,0.0,0.03099560316542666
20210601,15500,PASTUSA_SUPREMA,48.01,48.91,1044.32,21.35,0.0,0.020430538701884902
20210601,15511,PASTUSA_SUPREMA,6.94,6.48,43.71,6.75,6.6282420749279485,0.000855119931303996
20210601,15516,PASTUSA_SUPREMA,34.71,35.36,389.39,11.01,0.0,0.00761782544155715
20210601,15522,PASTUSA_SUPREMA,12.15,12.38,319.85,25.84,0.0,0.006257380691548459
20210601,15531,CRIOLLA,8.68,8.84,69.53,7.87,0.0,0.001360249115158244
20210601,15531,PASTUSA_SUPREMA,23.14,23.57,397.33,16.86,0.0,0.007773159512812097
20210601,15537,PASTUSA_SUPREMA,13.88,14.14,225.15,15.92,0.0,0.004404718657815024
20210601,15542,PASTUSA_SUPREMA,86.77,88.4,2483.33,28.09,0.0,0.048582589316063886
20210601,15599,CRIOLLA,6.94,5.89,79.47,13.49,15.129682997118167,0.0015547101565025982
20210601,15599,PASTUSA_SUPREMA,75.2,70.72,1668.79,23.6,5.957446808510647,0.03264734820775099
20210601,15600,PASTUSA_SUPREMA,145.77,148.51,2002.55,13.48,0.0,0.039176856976271275
20210601,15621,PASTUSA_SUPREMA,4.63,4.71,53.64,11.39,0.0,0.0010493853377979033
20210601,15632,CRIOLLA,219.81,188.58,4238.21,22.47,14.207724853282377,0.0829141579513134
20210601,15632,PASTUSA_SUPREMA,1214.73,1208.08,25793.47,21.35,0.5474467577157194,0.5046101645960119
20210601,15646,PASTUSA_SUPREMA,382.92,370.46,11177.47,30.17,3.253943382429758,0.21867026718262358
20210601,15664,PASTUSA_SUPREMA,0.58,0.59,9.93,16.83,0.0,0.00019426540649390714
20210601,15676,CRIOLLA,3.47,2.95,49.67,16.84,14.98559077809798,0.0009717183021704297
20210601,15676,PASTUSA_SUPREMA,14.46,12.96,326.47,25.19,10.373443983402487,0.006386890962544397
20210601,15693,CRIOLLA,20.82,21.22,333.76,15.73,0.0,0.006529508768520286
20210601,15693,PASTUSA_SUPREMA,16.77,17.09,288.07,16.86,0.0,0.005635653136827777
20210601,15696,PASTUSA_SUPREMA,20.25,20.63,377.47,18.3,0.0,0.007384628699824283
20210601,15720,PASTUSA_SUPREMA,34.71,35.36,794.66,22.47,0.0,0.015546319025624193
20210601,15723,PASTUSA_SUPREMA,4.63,3.54,66.22,18.71,23.54211663066954,0.001295493979660275
20210601,15740,CRIOLLA,37.6,38.31,516.53,13.48,0.0,0.01010512693014077
20210601,15740,PASTUSA_SUPREMA,2140.23,2180.44,49004.29,22.47,0.0,0.9586946945413201
20210601,15753,PASTUSA_SUPREMA,8.68,8.84,158.93,17.98,0.0,0.003109224678154749
20210601,15755,CRIOLLA,3.47,3.54,49.56,14.0,0.0,0.0009695663188155123
20210601,15755,PASTUSA_SUPREMA,167.75,170.9,3840.88,22.47,0.0,0.07514099843850132
20210601,15757,PASTUSA_SUPREMA,15.62,15.91,178.8,11.24,0.0,0.0034979511259930107
20210601,15759,CRIOLLA,1.74,1.47,16.56,11.27,15.517241379310342,0.0003239713123402923
20210601,15759,PASTUSA_SUPREMA,130.15,129.65,2476.7,19.1,0.3841721091048744,0.0484528834102175
20210601,15761,PASTUSA_SUPREMA,4.05,4.13,55.63,13.47,0.0,0.0010883166730368634
20210601,15762,PASTUSA_SUPREMA,115.69,117.86,1986.66,16.86,0.0,0.03886599319891093
20210601,15763,PASTUSA_SUPREMA,271.87,276.98,8403.57,30.34,0.0,0.16440311601712015
20210601,15764,CRIOLLA,173.53,141.43,2860.79,20.23,18.498242378839393,0.05596702238103773
20210601,15764,PASTUSA_SUPREMA,260.3,235.72,7151.98,30.34,9.442950441797926,0.13991765377001952
20210601,15774,PASTUSA_SUPREMA,107.01,106.08,2664.71,25.12,0.8690776562938152,0.05213101423347224
20210601,15776,PASTUSA_SUPREMA,70.57,70.72,1112.53,15.73,0.0,0.02176496401678414
20210601,15790,CRIOLLA,2.89,2.71,36.98,13.65,6.228373702422152,0.0007234576769531406
20210601,15790,PASTUSA_SUPREMA,17.35,17.5,426.79,24.39,0.0,0.008349499782229066
20210601,15804,PASTUSA_SUPREMA,83.87,85.45,1716.47,20.09,0.0,0.03358013517468245
20210601,15806,PASTUSA_SUPREMA,26.03,26.52,894.0,33.71,0.0,0.017489755629965055
20210601,15808,CRIOLLA,1.16,1.18,11.92,10.1,0.0,0.00023319674173286737
20210601,15808,PASTUSA_SUPREMA,13.88,12.96,233.1,17.99,6.6282420749279485,0.004560248363920418
20210601,15810,CRIOLLA,0.58,0.59,3.31,5.61,0.0,6.475513549796905e-05
20210601,15810,PASTUSA_SUPREMA,1.74,1.77,13.91,7.86,0.0,0.00027212807697182763
20210601,15814,PASTUSA_SUPREMA,893.69,906.36,35647.31,39.33,0.0,0.6973856160689145
20210601,15816,CRIOLLA,2.31,2.36,23.84,10.1,0.0,0.00046639348346573474
20210601,15816,PASTUSA_SUPREMA,2.31,2.36,34.44,14.59,0.0,0.0006737664249395933
20210601,15820,PASTUSA_SUPREMA,41.07,41.25,788.04,19.1,0.0,0.015416808754628256
20210601,15822,PASTUSA_SUPREMA,115.69,100.18,1913.82,19.1,13.406517417235708,0.03744098894825472
20210601,15835,PASTUSA_SUPREMA,173.53,165.01,4079.28,24.72,4.909813865037749,0.07980493327315866
20210601,15837,PASTUSA_SUPREMA,75.2,76.61,1549.6,20.23,0.0,0.03031557642527276
20210601,15839,CRIOLLA,19.09,15.91,291.44,18.32,16.65793609219487,0.005701582081428428
20210601,15839,PASTUSA_SUPREMA,296.16,296.42,6495.39,21.91,0.0,0.12707246512451756
20210601,15842,CRIOLLA,4.05,4.13,55.63,13.47,0.0,0.0010883166730368634
20210601,15842,PASTUSA_SUPREMA,300.79,305.26,6860.6,22.47,0.0,0.1342172454976938
20210601,15861,CRIOLLA,46.28,47.14,900.62,19.11,0.0,0.017619265900960992
20210601,15861,PASTUSA_SUPREMA,925.51,942.89,31786.56,33.71,0.0,0.6218558911825749
20210601,15879,CRIOLLA,20.53,14.44,237.27,16.43,29.66390647832441,0.004641828096556833
20210601,15879,PASTUSA_SUPREMA,244.68,224.41,3698.5,16.48,8.284289684485868,0.07235554943783641
20210601,17001,PASTUSA_SUPREMA,32.97,33.0,482.1,14.61,0.0,0.009431556140051624
20210601,17013,PASTUSA_SUPREMA,5.78,5.89,14.57,2.47,0.0,0.00028503997710133203
20210601,17446,PASTUSA_SUPREMA,11.57,11.79,304.62,25.84,0.0,0.005959428814317623
20210601,17653,PASTUSA_SUPREMA,29.5,30.05,540.37,17.98,0.0,0.010571520413606506
20210601,17873,PASTUSA_SUPREMA,67.68,68.95,1324.44,19.21,0.0,0.025910662132607287
20210601,19001,CRIOLLA,2.89,2.36,15.89,6.73,18.339100346020764,0.00031086377736034085
20210601,19001,PASTUSA_SUPREMA,2.89,2.95,19.87,6.74,0.0,0.0003887264478382613
20210601,19022,PASTUSA_SUPREMA,69.41,70.72,1430.4,20.23,0.0,0.027983609007944086
20210601,19100,CRIOLLA,8.68,8.84,119.2,13.48,0.0,0.0023319674173286737
20210601,19100,PASTUSA_SUPREMA,45.7,46.56,993.99,21.35,0.0,0.019445908499584972
20210601,19355,PASTUSA_SUPREMA,3.47,3.54,39.73,11.22,0.0,0.0007772572608260756
20210601,19364,CRIOLLA,8.68,8.84,30.46,3.45,0.0,0.0005959037544616729
20210601,19397,PASTUSA_SUPREMA,52.06,45.97,364.22,7.92,11.698040722243574,0.007125412522981959
20210601,19517,PASTUSA_SUPREMA,46.33,38.82,610.78,15.73,16.20979926613425,0.011948985395604088
20210601,19585,PASTUSA_SUPREMA,632.24,574.58,13525.85,23.54,9.119954447678092,0.2646127641919047
20210601,19693,PASTUSA_SUPREMA,144.61,144.38,4056.1,28.09,0.1590484752092003,0.07935145168982242
20210601,19701,CRIOLLA,1.27,1.24,29.34,23.66,2.3622047244094557,0.0005739926512116048
20210601,19701,PASTUSA_SUPREMA,1.27,1.24,29.34,23.66,2.3622047244094557,0.0005739926512116048
20210601,19743,PASTUSA_SUPREMA,75.2,70.72,1907.19,26.97,5.957446808510647,0.037311283042408334
20210601,19760,PASTUSA_SUPREMA,83.87,85.45,1728.39,20.23,0.0,0.03381333191641532
20210601,19821,CRIOLLA,2.89,2.95,29.8,10.1,0.0,0.0005829918543321684
20210601,19821,PASTUSA_SUPREMA,5.78,5.89,105.96,17.99,0.0,0.002072946875336798
20210601,19824,CRIOLLA,202.45,202.72,5467.29,26.97,0.0,0.10695924615005777
20210601,19824,PASTUSA_SUPREMA,520.6,500.91,15760.84,31.46,3.782174414137529,0.3083369576319669
20210601,25019,PASTUSA_SUPREMA,3.47,1.77,29.8,16.84,48.991354466858795,0.0005829918543321684
20210601,25053,PASTUSA_SUPREMA,20.82,19.45,327.8,16.85,6.580211335254571,0.006412910397653853
20210601,25099,CRIOLLA,98.34,100.18,2476.7,24.72,0.0,0.0484528834102175
20210601,25099,PASTUSA_SUPREMA,138.83,141.43,2781.32,19.67,0.0,0.054412312224535124
20210601,25120,PASTUSA_SUPREMA,8.1,7.66,103.31,13.49,5.432098765432092,0.002021103639968333
20210601,25126,PASTUSA_SUPREMA,7.06,7.07,135.09,19.11,0.0,0.0026428311946890145
20210601,25151,CRIOLLA,34.13,34.77,625.14,17.98,0.0,0.012229917040846033
20210601,25151,PASTUSA_SUPREMA,34.71,34.18,883.4,25.85,1.526937481993662,0.017282382688491194
20210601,25154,CRIOLLA,23.14,23.57,397.33,16.86,0.0,0.007773159512812097
20210601,25154,PASTUSA_SUPREMA,404.91,353.59,9933.3,28.09,12.674421476377473,0.19432996599455465
20210601,25175,PASTUSA_SUPREMA,23.14,23.57,476.8,20.23,0.0,0.009327869669314695
20210601,25178,CRIOLLA,14.46,14.73,248.33,16.86,0.0,0.004858200241151254
20210601,25178,PASTUSA_SUPREMA,20.25,20.63,463.55,22.47,0.0,0.009068653492472371
20210601,25181,CRIOLLA,8.68,8.25,99.33,12.04,4.953917050691237,0.0019432409694904126
20210601,25181,PASTUSA_SUPREMA,8.68,8.84,109.27,12.36,0.0,0.0021377020108347667
20210601,25183,CRIOLLA,69.41,69.54,937.7,13.48,0.0,0.018344679926418604
20210601,25183,PASTUSA_SUPREMA,890.8,899.87,28212.76,31.35,0.0,0.5519399083298131
20210601,25200,PASTUSA_SUPREMA,260.3,247.51,5562.65,22.47,4.913561275451405,0.10882482008392069
20210601,25214,PASTUSA_SUPREMA,3.18,3.24,80.13,24.73,0.0,0.0015676220566321027
20210601,25224,CRIOLLA,4.63,4.71,95.36,20.25,0.0,0.001865573933862939
20210601,25224,PASTUSA_SUPREMA,63.63,64.82,1531.05,23.62,0.0,0.029952673777693506
20210601,25260,CRIOLLA,163.12,165.01,3152.17,19.1,0.0,0.06166743065336347
20210601,25260,PASTUSA_SUPREMA,260.3,263.42,7104.3,26.97,0.0,0.13898486680308805
20210601,25269,CRIOLLA,53.22,54.22,1787.99,32.98,0.0,0.03497931562507966
20210601,25269,PASTUSA_SUPREMA,202.45,206.26,6953.31,33.71,0.0,0.13603097619618826
20210601,25281,CRIOLLA,46.28,47.14,761.55,16.16,0.0,0.014898572035794056
20210601,25281,PASTUSA_SUPREMA,85.61,87.22,2052.88,23.54,0.0,0.04016148717857121
20210601,25286,PASTUSA_SUPREMA,119.16,116.68,3668.7,31.44,2.081235313863705,0.07177255758350425
20210601,25288,CRIOLLA,2.89,2.95,49.67,16.84,0.0,0.0009717183021704297
20210601,25288,PASTUSA_SUPREMA,57.84,58.93,1280.07,21.72,0.0,0.025042630301173787
20210601,25295,PASTUSA_SUPREMA,2.89,2.95,66.22,22.45,0.0,0.001295493979660275
20210601,25297,PASTUSA_SUPREMA,2.89,2.36,47.68,20.2,18.339100346020764,0.0009327869669314695
20210601,25299,PASTUSA_SUPREMA,2.89,2.95,72.84,24.69,0.0,0.0014250042506562131
20210601,25312,CRIOLLA,14.46,11.79,185.42,15.73,18.464730290456444,0.003627461396988949
20210601,25312,PASTUSA_SUPREMA,46.28,43.61,882.08,20.23,5.769230769230771,0.017256558888232187
20210601,25317,CRIOLLA,5.78,5.3,95.36,17.99,8.304498269896198,0.001865573933862939
20210601,25317,PASTUSA_SUPREMA,202.45,200.37,4503.1,22.47,1.0274141763398248,0.08809632950480496
20210601,25322,CRIOLLA,11.57,8.84,178.8,20.23,23.59550561797753,0.0034979511259930107
20210601,25322,PASTUSA_SUPREMA,88.5,90.16,2229.03,24.72,0.0,0.04360759506919575
20210601,25326,CRIOLLA,20.25,20.63,394.02,19.1,0.0,0.007708404377314128
20210601,25326,PASTUSA_SUPREMA,630.5,642.35,15880.04,24.72,0.0,0.3106689250492956
20210601,25372,PASTUSA_SUPREMA,17.35,17.68,298.0,16.86,0.0,0.005829918543321684
20210601,25377,CRIOLLA,82.14,83.09,1960.83,23.6,0.0,0.038360668380206235
20210601,25377,PASTUSA_SUPREMA,518.28,524.48,14734.4,28.09,0.0,0.2882562140426813
20210601,25407,CRIOLLA,14.46,14.73,231.78,15.74,0.0,0.00453442456366141
20210601,25407,PASTUSA_SUPREMA,260.88,259.3,4953.41,19.1,0.6056424409690231,0.09690596245528546
20210601,25426,CRIOLLA,20.68,20.77,326.81,15.73,0.0,0.006393542547459596
20210601,25426,PASTUSA_SUPREMA,155.02,153.22,2927.01,19.1,1.1611404980002682,0.057262516360698
20210601,25430,PASTUSA_SUPREMA,279.91,279.51,7538.18,26.97,0.14290307598872065,0.14747307169428409
20210601,25436,PASTUSA_SUPREMA,18.51,17.68,357.6,20.23,4.48406266882767,0.0069959022519860215
20210601,25473,PASTUSA_SUPREMA,133.04,135.54,4417.01,32.59,0.0,0.08641210907730643
20210601,25486,CRIOLLA,2.89,2.95,46.36,15.72,0.0,0.0009069631666724608
20210601,25486,PASTUSA_SUPREMA,11.57,11.79,225.15,19.1,0.0,0.004404718657815024
20210601,25513,CRIOLLA,75.2,70.72,1112.53,15.73,5.957446808510647,0.02176496401678414
20210601,25513,PASTUSA_SUPREMA,26.03,23.57,662.22,28.1,9.45063388398003,0.012955331066303644
20210601,25535,PASTUSA_SUPREMA,549.52,559.84,15727.73,28.09,0.0,0.3076892106421368
20210601,25594,PASTUSA_SUPREMA,10.41,10.02,157.61,15.73,3.746397694524506,0.0030834008778957405
20210601,25649,PASTUSA_SUPREMA,5.78,5.89,139.07,23.61,0.0,0.002720693865166935
20210601,25653,CRIOLLA,19.09,19.45,393.36,20.22,0.0,0.007695492477184623
20210601,25653,PASTUSA_SUPREMA,636.29,648.24,14568.84,22.47,0.0,0.28501728345868016
20210601,25736,CRIOLLA,28.92,29.47,496.67,16.85,0.0,0.009716596117152957
20210601,25736,PASTUSA_SUPREMA,636.29,648.24,25495.47,39.33,0.0,0.4987802460526903
20210601,25740,CRIOLLA,245.84,250.46,5628.87,22.47,0.0,0.11012031406358097
20210601,25740,PASTUSA_SUPREMA,424.58,432.55,10693.53,24.72,0.0,0.2092027142300897
20210601,25745,PASTUSA_SUPREMA,57.84,53.04,2085.99,39.33,8.298755186721996,0.04080923416840134
20210601,25754,CRIOLLA,23.14,21.8,490.04,22.48,5.790838375108043,0.009586890211306572
20210601,25754,PASTUSA_SUPREMA,242.95,235.72,5363.98,22.76,2.9759209713932866,0.10493814251008943
20210601,25758,PASTUSA_SUPREMA,34.71,35.36,834.4,23.6,0.0,0.016323771921300717
20210601,25769,CRIOLLA,43.38,44.2,894.0,20.23,0.0,0.017489755629965055
20210601,25769,PASTUSA_SUPREMA,144.61,147.33,4138.88,28.09,0.0,0.080970916981823
20210601,25772,CRIOLLA,4.05,4.13,92.71,22.45,0.0,0.0018137306984944744
20210601,25772,PASTUSA_SUPREMA,422.26,418.41,9403.53,22.47,0.9117605266897089,0.18396581852242203
20210601,25779,CRIOLLA,11.57,11.2,201.31,17.97,3.1979256698357883,0.00393832517434929
20210601,25779,PASTUSA_SUPREMA,86.77,87.81,2026.39,23.08,0.0,0.03964325045973701
20210601,25781,PASTUSA_SUPREMA,56.69,53.04,1126.44,21.24,6.4385253131063696,0.022037092093755966
20210601,25785,CRIOLLA,5.21,4.71,143.04,30.37,9.596928982725528,0.0027983609007944084
20210601,25785,PASTUSA_SUPREMA,54.95,51.27,921.81,17.98,6.696997270245674,0.018033816149058263
20210601,25793,CRIOLLA,57.55,56.57,921.81,16.3,1.7028670721112027,0.018033816149058263
20210601,25793,PASTUSA_SUPREMA,5221.02,5289.05,96283.49,18.2,0.0,1.8836406166668724
20210601,25799,PASTUSA_SUPREMA,173.53,129.65,3350.83,25.85,25.286693943410356,0.06555391259234429
20210601,25817,PASTUSA_SUPREMA,8.68,8.84,188.73,21.35,0.0,0.0036922165324869177
20210601,25839,CRIOLLA,2.31,2.36,39.73,16.83,0.0,0.0007772572608260756
20210601,25839,PASTUSA_SUPREMA,5.78,5.89,198.67,33.73,0.0,0.003886677573831272
20210601,25841,CRIOLLA,57.84,58.93,794.66,13.48,0.0,0.015546319025624193
20210601,25841,PASTUSA_SUPREMA,289.22,282.87,6357.31,22.47,2.1955604729963385,0.12437113910954489
20210601,25843,CRIOLLA,5.78,5.89,99.33,16.86,0.0,0.0019432409694904126
20210601,25843,PASTUSA_SUPREMA,289.22,294.65,5959.98,20.23,0.0,0.11659797959673279
20210601,25845,CRIOLLA,144.61,147.33,3311.1,22.47,0.0,0.06477665533151822
20210601,25845,PASTUSA_SUPREMA,416.48,424.3,14303.95,33.71,0.0,0.2798351119051886
20210601,25873,CRIOLLA,13.54,12.96,262.24,20.23,4.283604135893637,0.0051303283181230825
20210601,25873,PASTUSA_SUPREMA,3036.82,3037.89,85002.24,27.98,0.0,1.6629400510063095
20210601,25898,CRIOLLA,98.34,94.88,2132.35,22.47,3.5184055318283614,0.041716197335073806
20210601,25898,PASTUSA_SUPREMA,82.14,77.79,2097.91,26.97,5.2958363769174515,0.04104243091013421
20210601,25899,CRIOLLA,86.77,88.4,1986.66,22.47,0.0,0.03886599319891093
20210601,25899,PASTUSA_SUPREMA,925.56,942.89,25959.03,27.53,0.0,0.5078490951800131
20210601,41001,PASTUSA_SUPREMA,1.16,1.18,8.61,7.3,0.0,0.00016844160623489832
20210601,41020,PASTUSA_SUPREMA,0.58,0.59,0.66,1.12,0.0,1.2911900129504401e-05
20210601,41206,PASTUSA_SUPREMA,5.78,5.89,33.77,5.73,0.0,0.000660658889959642
20210601,41359,PASTUSA_SUPREMA,1.16,1.18,5.96,5.05,0.0,0.00011659837086643368
20210601,41396,PASTUSA_SUPREMA,4.63,4.13,32.45,7.86,10.799136069114468,0.0006348350897006331
20210601,41668,PASTUSA_SUPREMA,1.16,1.18,6.62,5.61,0.0,0.0001295102709959381
20210601,52001,CRIOLLA,57.84,47.14,953.6,20.23,18.499308437067775,0.01865573933862939
20210601,52001,PASTUSA_SUPREMA,2602.99,2534.03,71188.66,28.09,2.649261042109252,1.3926982852624923
20210601,52022,PASTUSA_SUPREMA,115.69,106.08,1192.0,11.24,8.306681649235026,0.023319674173286738
20210601,52036,CRIOLLA,1.16,1.18,14.57,12.35,0.0,0.00028503997710133203
20210601,52036,PASTUSA_SUPREMA,16.77,17.09,230.45,13.48,0.0,0.004508405128551954
20210601,52083,PASTUSA_SUPREMA,5.78,4.13,32.45,7.86,28.54671280276817,0.0006348350897006331
20210601,52110,PASTUSA_SUPREMA,34.71,32.41,291.38,8.99,6.626332469029106,0.005700408272325747
20210601,52210,PASTUSA_SUPREMA,260.3,265.19,5959.98,22.47,0.0,0.11659797959673279
20210601,52215,CRIOLLA,13.88,14.14,190.72,13.49,0.0,0.003731147867725878
20210601,52215,PASTUSA_SUPREMA,173.53,117.86,1986.66,16.86,32.080908200311185,0.03886599319891093
20210601,52224,CRIOLLA,46.28,44.2,496.67,11.24,4.49438202247191,0.009716596117152957
20210601,52224,PASTUSA_SUPREMA,251.62,253.4,4698.45,18.54,0.0,0.09191805630828781
20210601,52227,CRIOLLA,10.41,10.61,95.36,8.99,0.0,0.001865573933862939
20210601,52227,PASTUSA_SUPREMA,231.38,235.72,4767.98,20.23,0.0,0.09327830542344606
20210601,52240,PASTUSA_SUPREMA,2.89,2.95,59.6,20.2,0.0,0.0011659837086643368
20210601,52258,PASTUSA_SUPREMA,7.52,7.07,79.47,11.24,5.9840425531914825,0.0015547101565025982
20210601,52287,PASTUSA_SUPREMA,57.84,58.93,761.55,12.92,0.0,0.014898572035794056
20210601,52317,CRIOLLA,11.57,11.2,226.48,20.22,3.1979256698357883,0.004430738092924481
20210601,52317,PASTUSA_SUPREMA,289.22,279.92,7077.15,25.28,3.2155452596639322,0.13845371818412436
20210601,52320,CRIOLLA,23.72,24.16,488.72,20.23,0.0,0.009561066411047562
20210601,52320,PASTUSA_SUPREMA,130.15,132.59,2458.49,18.54,0.0,0.04809663234755345
20210601,52323,CRIOLLA,5.78,5.89,59.6,10.12,0.0,0.0011659837086643368
20210601,52323,PASTUSA_SUPREMA,260.3,265.19,7449.98,28.09,0.0,0.1457475723133412
20210601,52352,CRIOLLA,57.84,58.93,496.67,8.43,0.0,0.009716596117152957
20210601,52352,PASTUSA_SUPREMA,404.91,383.05,7945.98,20.74,5.398730582104672,0.15545106089551422
20210601,52354,CRIOLLA,15.56,13.91,206.29,14.83,10.604113110539847,0.004035751329871913
20210601,52354,PASTUSA_SUPREMA,203.15,205.08,4839.5,23.6,0.0,0.09467748587384327
20210601,52356,CRIOLLA,40.49,40.07,405.28,10.11,1.037293158804642,0.007928689218917491
20210601,52356,PASTUSA_SUPREMA,520.6,324.12,6555.98,20.23,37.741067998463315,0.12825781668337616
20210601,52378,PASTUSA_SUPREMA,23.14,20.63,278.13,13.48,10.847018150388942,0.005441192095483423
20210601,52381,CRIOLLA,1.74,1.65,12.98,7.87,5.1724137931034475,0.00025393403588025323
20210601,52381,PASTUSA_SUPREMA,5.21,5.3,41.72,7.87,0.0,0.0008161885960650358
20210601,52385,PASTUSA_SUPREMA,1.16,1.18,6.36,5.39,0.0,0.00012442376488431514
20210601,52418,PASTUSA_SUPREMA,2.31,2.24,22.14,9.88,3.0303030303030276,0.0004331355588897386
20210601,52435,PASTUSA_SUPREMA,46.28,47.14,529.78,11.24,0.0,0.010364343106983094
20210601,52480,CRIOLLA,2.31,2.36,23.84,10.1,0.0,0.00046639348346573474
20210601,52480,PASTUSA_SUPREMA,6.94,7.07,103.31,14.61,0.0,0.002021103639968333
20210601,52506,CRIOLLA,9.26,9.43,264.89,28.09,0.0,0.005182171553491547
20210601,52506,PASTUSA_SUPREMA,540.84,551.0,15615.61,28.34,0.0,0.3054957526989246
20210601,52560,CRIOLLA,537.95,328.83,6097.06,18.54,38.87350125476347,0.11927974212666077
20210601,52560,PASTUSA_SUPREMA,2082.39,1272.91,30753.5,24.16,38.872641532085716,0.6016456373222934
20210601,52565,CRIOLLA,11.57,11.79,331.11,28.08,0.0,0.006477665533151822
20210601,52565,PASTUSA_SUPREMA,46.28,47.14,1059.55,22.48,0.0,0.02072849057911574
20210601,52573,CRIOLLA,49.17,49.5,556.26,11.24,0.0,0.010882384190966847
20210601,52573,PASTUSA_SUPREMA,104.12,104.9,2534.32,24.16,0.0,0.04958013141849333
20210601,52585,CRIOLLA,43.38,44.2,596.0,13.48,0.0,0.011659837086643369
20210601,52585,PASTUSA_SUPREMA,1156.88,1178.62,27813.24,23.6,0.0,0.544123904784753
20210601,52678,PASTUSA_SUPREMA,29.5,26.52,488.72,18.43,10.101694915254233,0.009561066411047562
20210601,52683,CRIOLLA,1.16,1.18,22.52,19.08,0.0,0.000440569683206726
20210601,52683,PASTUSA_SUPREMA,5.78,5.89,132.44,22.49,0.0,0.00259098795932055
20210601,52685,PASTUSA_SUPREMA,5.78,5.89,86.75,14.73,0.0,0.0016971323276280407
20210601,52699,PASTUSA_SUPREMA,7.52,7.66,129.13,16.86,0.0,0.002526232823822581
20210601,52720,CRIOLLA,6.94,7.07,79.47,11.24,0.0,0.0015547101565025982
20210601,52720,PASTUSA_SUPREMA,347.07,353.59,8741.31,24.72,0.0,0.17101048745611838
20210601,52788,PASTUSA_SUPREMA,237.16,241.62,4072.65,16.86,0.0,0.07967522736731228
20210601,52838,CRIOLLA,240.63,215.1,4109.08,19.1,10.60964966961726,0.08038792512749084
20210601,52838,PASTUSA_SUPREMA,1622.53,1473.27,46355.41,31.46,9.199213573863041,0.9068733702761055
20210601,52885,PASTUSA_SUPREMA,182.21,185.63,4171.99,22.47,0.0,0.08161866397165314
20210601,54125,CRIOLLA,34.71,20.63,463.55,22.47,40.564678766925965,0.009068653492472371
20210601,54125,PASTUSA_SUPREMA,40.49,29.47,728.44,24.72,27.216596690540882,0.014250825045963918
20210601,54174,CRIOLLA,30.08,29.47,463.55,15.73,2.027925531914887,0.009068653492472371
20210601,54174,PASTUSA_SUPREMA,289.22,282.87,4767.98,16.86,2.1955604729963385,0.09327830542344606
20210601,54347,CRIOLLA,1.74,1.77,33.77,19.08,0.0,0.000660658889959642
20210601,54347,PASTUSA_SUPREMA,2.31,2.36,47.68,20.2,0.0,0.0009327869669314695
20210601,54377,PASTUSA_SUPREMA,2.31,2.36,39.73,16.83,0.0,0.0007772572608260756
20210601,54480,CRIOLLA,60.16,58.93,1324.44,22.47,2.0445478723404187,0.025910662132607287
20210601,54480,PASTUSA_SUPREMA,34.71,34.77,976.77,28.09,0.0,0.019109025287115174
20210601,54518,CRIOLLA,56.69,56.57,826.45,14.61,0.21167754454047838,0.016168242215195323
20210601,54518,PASTUSA_SUPREMA,91.97,91.93,1549.6,16.86,0.04349244318798684,0.03031557642527276
20210601,54743,CRIOLLA,107.01,109.02,2450.21,22.47,0.0,0.0479346466913833
20210601,54743,PASTUSA_SUPREMA,797.09,812.07,18250.79,22.47,0.0,0.35704905721902674
20210601,68020,PASTUSA_SUPREMA,46.28,47.14,953.6,20.23,0.0,0.01865573933862939
20210601,68101,PASTUSA_SUPREMA,20.25,20.63,529.78,25.68,0.0,0.010364343106983094
20210601,68132,CRIOLLA,1.74,1.77,19.87,11.23,0.0,0.0003887264478382613
20210601,68132,PASTUSA_SUPREMA,1.74,1.18,15.89,13.47,32.18390804597702,0.00031086377736034085
20210601,68152,PASTUSA_SUPREMA,474.32,483.23,8688.33,17.98,0.0,0.16997401401844997
20210601,68162,PASTUSA_SUPREMA,127.26,129.65,2913.77,22.47,0.0,0.057003495818706125
20210601,68207,CRIOLLA,6.94,7.07,103.31,14.61,0.0,0.002021103639968333
20210601,68207,PASTUSA_SUPREMA,23.14,23.57,622.49,26.41,0.0,0.012178073805477568
20210601,68264,PASTUSA_SUPREMA,49.75,50.68,341.71,6.74,0.0,0.006685038474625681
20210601,68298,PASTUSA_SUPREMA,10.41,10.61,92.71,8.74,0.0,0.0018137306984944744
20210601,68318,CRIOLLA,17.35,17.68,357.6,20.23,0.0,0.0069959022519860215
20210601,68318,PASTUSA_SUPREMA,159.07,161.47,4354.76,26.97,0.0,0.08519428213327362
20210601,68368,PASTUSA_SUPREMA,1.16,1.18,15.89,13.47,0.0,0.00031086377736034085
20210601,68377,PASTUSA_SUPREMA,1.74,1.77,49.67,28.06,0.0,0.0009717183021704297
20210601,68432,CRIOLLA,0.58,0.59,15.89,26.93,0.0,0.00031086377736034085
20210601,68468,PASTUSA_SUPREMA,11.57,10.02,225.15,22.47,13.396715643906665,0.004404718657815024
20210601,68502,PASTUSA_SUPREMA,69.99,71.31,1362.19,19.1,0.0,0.02664918369304485
20210601,68572,PASTUSA_SUPREMA,20.25,19.45,327.8,16.85,3.9506172839506193,0.006412910397653853
20210601,68669,PASTUSA_SUPREMA,20.82,21.22,309.92,14.61,0.0,0.006063115285054552
20210601,68682,PASTUSA_SUPREMA,1.74,1.77,15.89,8.98,0.0,0.00031086377736034085
20210601,68773,PASTUSA_SUPREMA,0.87,0.88,19.87,22.58,0.0,0.0003887264478382613
20210601,68820,PASTUSA_SUPREMA,141.72,144.38,4056.1,28.09,0.0,0.07935145168982242
20210601,68867,CRIOLLA,0.58,0.59,6.62,11.22,0.0,0.0001295102709959381
20210601,68867,PASTUSA_SUPREMA,11.57,11.79,264.89,22.47,0.0,0.005182171553491547
20210601,73043,PASTUSA_SUPREMA,68.26,66.59,1197.29,17.98,2.44652798124817,0.02342316500917322
20210601,73124,CRIOLLA,6.94,7.07,119.2,16.86,0.0,0.0023319674173286737
20210601,73124,PASTUSA_SUPREMA,7.52,7.66,107.28,14.01,0.0,0.0020987706755958065
20210601,73152,PASTUSA_SUPREMA,52.06,50.09,675.46,13.48,3.7840952746830525,0.01321435160829552
20210601,73347,PASTUSA_SUPREMA,98.34,100.18,1456.88,14.54,0.0,0.028501650091927837
20210601,73461,CRIOLLA,5.78,5.89,99.33,16.86,0.0,0.0019432409694904126
20210601,73461,PASTUSA_SUPREMA,86.77,86.63,2725.7,31.46,0.16134608735738354,0.05332419118634871
20210601,73622,CRIOLLA,31.81,32.41,463.55,14.3,0.0,0.009068653492472371
20210601,73622,PASTUSA_SUPREMA,28.92,29.47,596.0,20.22,0.0,0.011659837086643369
20210601,73686,CRIOLLA,0.58,0.59,7.95,13.47,0.0,0.00015552970610539394
20210601,73686,PASTUSA_SUPREMA,145.77,147.33,1986.66,13.48,0.0,0.03886599319891093
20210601,73870,PASTUSA_SUPREMA,12.73,12.96,174.83,13.49,0.0,0.003420284090365537
20210601,76111,PASTUSA_SUPREMA,3.47,3.54,87.41,24.69,0.0,0.0017100442277575452
20210601,76736,PASTUSA_SUPREMA,17.35,17.68,205.29,11.61,0.0,0.00401618784482721
20210601,76834,PASTUSA_SUPREMA,138.83,140.26,2679.34,19.1,0.0,0.05241722801967625
20210601,85136,PASTUSA_SUPREMA,5.21,5.3,23.84,4.5,0.0,0.00046639348346573474
20210601,86749,PASTUSA_SUPREMA,2.89,2.95,23.18,7.86,0.0,0.0004534815833362304
20210601,86755,PASTUSA_SUPREMA,0.58,0.59,1.19,2.02,0.0,2.328054720319733e-05
20210601,86760,PASTUSA_SUPREMA,3.47,3.54,39.73,11.22,0.0,0.0007772572608260756
20210601,05001,PASTUSA_SUPREMA,17.35,17.68,317.87,17.98,0.0,0.0062186449911599455
20210601,05002,PASTUSA_SUPREMA,54.95,53.04,596.0,11.24,3.47588717015469,0.011659837086643369
20210601,05004,CRIOLLA,0.58,0.47,2.17,4.62,18.965517241379303,4.2452762547006895e-05
20210601,05004,PASTUSA_SUPREMA,0.46,0.35,1.63,4.66,23.913043478260875,3.1888480622866935e-05
20210601,05079,PASTUSA_SUPREMA,14.46,13.55,121.85,8.99,6.293222683264177,0.0023838106526971386
20210601,05086,PASTUSA_SUPREMA,86.77,82.5,1483.37,17.98,4.921055664400131,0.02901988681076204
20210601,05088,PASTUSA_SUPREMA,133.04,129.65,2658.81,20.51,2.548105832832226,0.05201558967170848
20210601,05148,CRIOLLA,183.94,14.14,64.9,4.59,92.3127106665217,0.0012696701794012663
20210601,05148,PASTUSA_SUPREMA,76.93,77.79,1907.19,24.52,0.0,0.037311283042408334
20210601,05206,PASTUSA_SUPREMA,20.25,20.63,347.67,16.85,0.0,0.0068016368454921145
20210601,05237,PASTUSA_SUPREMA,28.92,29.47,976.11,33.12,0.0,0.01909611338698567
20210601,05264,PASTUSA_SUPREMA,202.45,194.47,6555.98,33.71,3.9417140034576414,0.12825781668337616
20210601,05266,PASTUSA_SUPREMA,2.89,2.95,69.53,23.57,0.0,0.001360249115158244
20210601,05306,PASTUSA_SUPREMA,0.58,0.59,12.58,21.32,0.0,0.0002461086418623718
20210601,05308,CRIOLLA,3.47,3.24,18.58,5.73,6.6282420749279485,0.0003634895521305936
20210601,05308,PASTUSA_SUPREMA,3.47,3.24,29.14,8.99,6.6282420749279485,0.0005700799542026641
20210601,05313,PASTUSA_SUPREMA,2.89,2.95,17.22,5.84,0.0,0.00033688321246979665
20210601,05318,PASTUSA_SUPREMA,5.78,5.89,139.07,23.61,0.0,0.002720693865166935
20210601,05376,PASTUSA_SUPREMA,5.21,5.3,71.52,13.49,0.0,0.0013991804503972042
20210601,05400,CRIOLLA,57.84,58.93,827.78,14.05,0.0,0.01619426165030478
20210601,05400,PASTUSA_SUPREMA,326.82,332.96,5612.32,16.86,0.0,0.10979653838609113
20210601,05440,CRIOLLA,20.25,20.04,180.12,8.99,1.0370370370370363,0.0035237749262520194
20210601,05440,PASTUSA_SUPREMA,66.52,67.18,717.18,10.68,0.0,0.014030540204360556
20210601,05541,PASTUSA_SUPREMA,13.3,12.38,278.13,22.47,6.917293233082711,0.005441192095483423
20210601,05607,PASTUSA_SUPREMA,29.5,29.47,331.11,11.24,0.10169491525423568,0.006477665533151822
20210601,05615,PASTUSA_SUPREMA,5.78,5.89,92.71,15.74,0.0,0.0018137306984944744
20210601,05647,PASTUSA_SUPREMA,11.57,11.79,198.67,16.85,0.0,0.003886677573831272
20210601,05658,PASTUSA_SUPREMA,2.89,2.95,66.22,22.45,0.0,0.001295493979660275
20210601,05664,CRIOLLA,26.03,26.52,268.2,10.11,0.0,0.005246926688989516
20210601,05664,PASTUSA_SUPREMA,216.92,220.99,7449.98,33.71,0.0,0.1457475723133412
20210601,05674,PASTUSA_SUPREMA,318.14,324.12,8012.86,24.72,0.0,0.156759466775304
20210601,05686,CRIOLLA,27.77,28.29,254.29,8.99,0.0,0.004974798612017688
20210601,05686,PASTUSA_SUPREMA,361.53,368.32,9105.53,24.72,0.0,0.17813589997910034
20210601,05697,CRIOLLA,40.49,41.25,556.26,13.49,0.0,0.010882384190966847
20210601,05697,PASTUSA_SUPREMA,52.06,53.04,894.0,16.86,0.0,0.017489755629965055
20210601,05756,CRIOLLA,54.95,55.4,809.23,14.61,0.0,0.015831359002725524
20210601,05756,PASTUSA_SUPREMA,28.92,29.47,529.78,17.98,0.0,0.010364343106983094
20210601,05847,CRIOLLA,2.6,2.65,23.84,9.0,0.0,0.00046639348346573474
20210601,05847,PASTUSA_SUPREMA,2.89,2.95,99.33,33.67,0.0,0.0019432409694904126
20210601,05887,PASTUSA_SUPREMA,34.71,34.77,746.26,21.46,0.0,0.014599446349460537
20210601,15001,CRIOLLA,115.69,117.86,1324.44,11.24,0.0,0.025910662132607287
20210601,15001,PASTUSA_SUPREMA,867.66,883.96,19866.6,22.47,0.0,0.3886599319891093
20210601,15047,CRIOLLA,15.04,14.73,132.44,8.99,2.0611702127659504,0.00259098795932055
20210601,15047,PASTUSA_SUPREMA,72.31,70.72,953.6,13.48,2.19886599363851,0.01865573933862939
20210601,15051,PASTUSA_SUPREMA,751.97,766.1,17217.72,22.47,0.0,0.33683860772389473
20210601,15087,CRIOLLA,23.14,22.39,361.57,16.15,3.241140881590321,0.007073569287613495
20210601,15087,PASTUSA_SUPREMA,208.24,206.26,3760.09,18.23,0.9508259700345856,0.07356046448173971
20210601,15092,CRIOLLA,1.74,1.77,23.84,13.47,0.0,0.00046639348346573474
20210601,15092,PASTUSA_SUPREMA,6.94,7.07,133.11,18.83,0.0,0.0026040954943005014
20210601,15104,PASTUSA_SUPREMA,161.96,165.01,3708.43,22.47,0.0,0.07254981484433032
20210601,15109,PASTUSA_SUPREMA,11.57,11.79,459.45,38.97,0.0,0.008988443203789087
20210601,15131,CRIOLLA,63.63,64.82,946.97,14.61,0.0,0.018526033432783005
20210601,15131,PASTUSA_SUPREMA,63.63,64.82,1384.04,21.35,0.0,0.027076645841271625
20210601,15162,PASTUSA_SUPREMA,43.38,42.43,476.8,11.24,2.1899492853849734,0.009327869669314695
20210601,15172,PASTUSA_SUPREMA,3.47,2.95,56.29,19.08,14.98559077809798,0.0011012285731663678
20210601,15176,CRIOLLA,28.92,29.47,99.33,3.37,0.0,0.0019432409694904126
20210601,15176,PASTUSA_SUPREMA,173.53,176.79,2383.99,13.48,0.0,0.04663915271172303
20210601,15180,PASTUSA_SUPREMA,52.06,47.14,953.6,20.23,9.45063388398003,0.01865573933862939
20210601,15183,PASTUSA_SUPREMA,17.35,15.91,214.56,13.49,8.299711815561961,0.004197541351191613
20210601,15187,PASTUSA_SUPREMA,8.68,8.84,298.0,33.71,0.0,0.005829918543321684
20210601,15189,PASTUSA_SUPREMA,150.39,153.22,2066.13,13.48,0.0,0.04042070335541353
20210601,15204,PASTUSA_SUPREMA,300.79,306.44,6887.09,22.47,0.0,0.13473548221652798
20210601,15215,PASTUSA_SUPREMA,4.05,4.13,101.98,24.69,0.0,0.001995084204858877
20210601,15224,PASTUSA_SUPREMA,40.49,41.25,927.11,22.48,0.0,0.01813750261979519
20210601,15226,CRIOLLA,1.74,1.77,19.87,11.23,0.0,0.0003887264478382613
20210601,15226,PASTUSA_SUPREMA,11.57,11.2,251.64,22.47,3.1979256698357883,0.004922955376649224
20210601,15232,CRIOLLA,11.57,10.61,119.2,11.23,8.297320656871221,0.0023319674173286737
20210601,15232,PASTUSA_SUPREMA,410.69,406.62,9138.64,22.47,0.9910151208941009,0.17878364696893045
20210601,15236,PASTUSA_SUPREMA,4.05,4.13,69.53,16.84,0.0,0.001360249115158244
20210601,15238,CRIOLLA,1.74,1.71,30.83,18.03,1.7241379310344862,0.0006031422439282132
20210601,15238,PASTUSA_SUPREMA,6.94,7.07,143.04,20.23,0.0,0.0027983609007944084
20210601,15244,PASTUSA_SUPREMA,86.77,82.5,834.4,10.11,4.921055664400131,0.016323771921300717
20210601,15248,PASTUSA_SUPREMA,10.41,10.61,119.2,11.23,0.0,0.0023319674173286737
20210601,15272,PASTUSA_SUPREMA,75.2,76.61,1292.65,16.87,0.0,0.025288738943036158
20210601,15293,PASTUSA_SUPREMA,57.84,53.04,894.0,16.86,8.298755186721996,0.017489755629965055
20210601,15296,PASTUSA_SUPREMA,89.66,91.34,1231.73,13.49,0.0,0.024096931434112814
20210601,15299,PASTUSA_SUPREMA,2.31,1.77,13.91,7.86,23.376623376623375,0.00027212807697182763
20210601,15317,PASTUSA_SUPREMA,20.25,19.45,218.53,11.24,3.9506172839506193,0.004275208386819086
20210601,15332,CRIOLLA,2.31,2.36,23.84,10.1,0.0,0.00046639348346573474
20210601,15332,PASTUSA_SUPREMA,9.26,9.43,137.74,14.61,0.0,0.0026946744300574794
20210601,15367,PASTUSA_SUPREMA,202.45,206.26,4403.76,21.35,0.0,0.0861528929004641
20210601,15368,PASTUSA_SUPREMA,115.69,113.74,2300.55,20.23,1.6855389402714138,0.04500677551959296
20210601,15403,CRIOLLA,2.31,2.36,47.68,20.2,0.0,0.0009327869669314695
20210601,15403,PASTUSA_SUPREMA,6.36,6.48,182.11,28.1,0.0,0.0035627062614909796
20210601,15407,PASTUSA_SUPREMA,69.41,70.72,1523.11,21.54,0.0,0.02979733970643856
20210601,15425,PASTUSA_SUPREMA,1.74,1.77,33.11,18.71,0.0,0.0006477469898301375
20210601,15442,PASTUSA_SUPREMA,5.21,5.3,98.34,18.55,0.0,0.0019238731192961558
20210601,15464,PASTUSA_SUPREMA,24.29,23.57,317.87,13.49,2.9641827912721186,0.0062186449911599455
20210601,15466,CRIOLLA,5.78,5.89,79.47,13.49,0.0,0.0015547101565025982
20210601,15466,PASTUSA_SUPREMA,34.71,35.36,794.66,22.47,0.0,0.015546319025624193
20210601,15476,CRIOLLA,2.31,2.36,26.49,11.22,0.0,0.0005182367188341995
20210601,15476,PASTUSA_SUPREMA,289.22,282.87,4767.98,16.86,2.1955604729963385,0.09327830542344606
20210601,15491,PASTUSA_SUPREMA,23.14,23.57,635.73,26.97,0.0,0.012437094347469445
20210601,15494,PASTUSA_SUPREMA,118.58,120.81,1900.57,15.73,0.0,0.037181772771412394
20210601,15500,PASTUSA_SUPREMA,43.96,44.79,1006.57,22.47,0.0,0.019692017141447343
20210601,15511,PASTUSA_SUPREMA,5.21,4.71,31.79,6.75,9.596928982725528,0.0006219231895711287
20210601,15516,PASTUSA_SUPREMA,16.2,16.5,166.88,10.11,0.0,0.003264754384260143
20210601,15522,PASTUSA_SUPREMA,8.68,8.84,228.47,25.85,0.0,0.00446966942816344
20210601,15531,CRIOLLA,5.78,5.89,46.36,7.87,0.0,0.0009069631666724608
20210601,15531,PASTUSA_SUPREMA,5.78,5.89,99.33,16.86,0.0,0.0019432409694904126
20210601,15537,PASTUSA_SUPREMA,5.78,2.95,39.73,13.47,48.96193771626297,0.0007772572608260756
20210601,15542,PASTUSA_SUPREMA,46.28,47.14,1589.33,33.72,0.0,0.031092833686098834
20210601,15599,CRIOLLA,8.68,8.25,166.88,20.23,4.953917050691237,0.003264754384260143
20210601,15599,PASTUSA_SUPREMA,72.31,71.9,1535.03,21.35,0.5670031807495479,0.030030536448171427
20210601,15600,PASTUSA_SUPREMA,156.18,159.11,2324.39,14.61,0.0,0.04547316900305869
20210601,15621,PASTUSA_SUPREMA,3.47,3.54,39.73,11.22,0.0,0.0007772572608260756
20210601,15632,CRIOLLA,422.26,424.3,4767.98,11.24,0.0,0.09327830542344606
20210601,15632,PASTUSA_SUPREMA,1475.03,1443.81,29203.91,20.23,2.116567120668733,0.5713302565318711
20210601,15646,PASTUSA_SUPREMA,404.91,391.89,11823.94,30.17,3.215529376898585,0.23131747335947314
20210601,15676,CRIOLLA,4.63,4.13,88.08,21.33,10.799136069114468,0.0017231517627374964
20210601,15676,PASTUSA_SUPREMA,17.35,15.91,447.0,28.1,8.299711815561961,0.008744877814982528
20210601,15693,CRIOLLA,14.46,14.73,231.78,15.74,0.0,0.00453442456366141
20210601,15693,PASTUSA_SUPREMA,23.14,23.57,397.33,16.86,0.0,0.007773159512812097
20210601,15723,PASTUSA_SUPREMA,0.58,0.29,3.31,11.41,50.0,6.475513549796905e-05
20210601,15740,CRIOLLA,28.92,29.47,397.33,13.48,0.0,0.007773159512812097
20210601,15740,PASTUSA_SUPREMA,2024.55,2062.58,46355.41,22.47,0.0,0.9068733702761055
20210601,15755,CRIOLLA,2.31,2.36,32.16,13.63,0.0,0.000629161679037669
20210601,15755,PASTUSA_SUPREMA,121.47,123.75,3933.59,31.79,0.0,0.07695472913699579
20210601,15757,PASTUSA_SUPREMA,15.62,15.91,264.89,16.65,0.0,0.005182171553491547
20210601,15759,CRIOLLA,1.16,0.88,8.94,10.16,24.13793103448275,0.00017489755629965053
20210601,15759,PASTUSA_SUPREMA,127.26,117.86,1986.66,16.86,7.386452931007392,0.03886599319891093
20210601,15761,PASTUSA_SUPREMA,1.74,1.77,23.84,13.47,0.0,0.00046639348346573474
20210601,15762,PASTUSA_SUPREMA,115.69,117.86,1986.66,16.86,0.0,0.03886599319891093
20210601,15763,PASTUSA_SUPREMA,28.92,29.47,894.0,30.34,0.0,0.017489755629965055
20210601,15764,CRIOLLA,318.14,321.17,6857.29,21.35,0.0,0.13415249036219581
20210601,15764,PASTUSA_SUPREMA,347.07,347.69,10939.88,31.46,0.0,0.21402217877085244
20210601,15774,PASTUSA_SUPREMA,17.93,18.27,492.69,26.97,0.0,0.009638733446675036
20210601,15776,PASTUSA_SUPREMA,42.34,43.14,678.64,15.73,0.0,0.013276563490737678
20210601,15790,CRIOLLA,1.74,1.71,23.32,13.64,1.7241379310344862,0.00045622047124248884
20210601,15790,PASTUSA_SUPREMA,14.46,14.5,353.51,24.38,0.0,0.006915887598153183
20210601,15804,PASTUSA_SUPREMA,24.29,24.75,500.64,20.23,0.0,0.00979426315278043
20210601,15806,PASTUSA_SUPREMA,20.25,20.63,695.33,33.7,0.0,0.013603078056133781
20210601,15808,CRIOLLA,1.16,1.18,11.92,10.1,0.0,0.00023319674173286737
20210601,15808,PASTUSA_SUPREMA,5.21,4.71,79.47,16.87,9.596928982725528,0.0015547101565025982
20210601,15814,PASTUSA_SUPREMA,520.6,530.38,10727.97,20.23,0.0,0.2098764806550293
20210601,15820,PASTUSA_SUPREMA,15.62,15.91,321.84,20.23,0.0,0.00629631202678742
20210601,15822,PASTUSA_SUPREMA,173.53,165.01,3893.85,23.6,4.909813865037749,0.07617727624131927
20210601,15835,PASTUSA_SUPREMA,144.61,147.33,3642.21,24.72,0.0,0.07125432086467004
20210601,15837,PASTUSA_SUPREMA,23.14,23.57,582.75,24.72,0.0,0.011400620909801045
20210601,15839,CRIOLLA,22.56,21.22,388.59,18.31,5.939716312056742,0.007602174653521387
20210601,15839,PASTUSA_SUPREMA,271.87,262.24,5746.41,21.91,3.5421341082134794,0.11241980609573544
20210601,15842,CRIOLLA,3.47,3.54,51.65,14.59,0.0,0.001010454002558943
20210601,15842,PASTUSA_SUPREMA,404.91,411.93,8794.95,21.35,0.0,0.17205987279391627
20210601,15861,CRIOLLA,57.84,58.93,1059.55,17.98,0.0,0.02072849057911574
20210601,15861,PASTUSA_SUPREMA,1214.73,1237.55,41388.76,33.44,0.0,0.8097083872788282
20210601,15879,CRIOLLA,18.68,14.44,231.11,16.0,22.69807280513919,0.004521317028681458
20210601,15879,PASTUSA_SUPREMA,299.63,228.65,3718.37,16.26,23.689216700597406,0.07274427588567467
20210601,17001,PASTUSA_SUPREMA,111.64,113.74,1661.51,14.61,0.0,0.032504926036625546
20210601,17653,PASTUSA_SUPREMA,31.81,32.41,582.75,17.98,0.0,0.011400620909801045
20210601,17873,PASTUSA_SUPREMA,67.68,68.36,921.81,13.48,0.0,0.018033816149058263
20210601,19001,CRIOLLA,1.16,1.18,1.99,1.69,0.0,3.893133523896024e-05
20210601,19001,PASTUSA_SUPREMA,1.74,1.77,1.99,1.12,0.0,3.893133523896024e-05
20210601,19022,PASTUSA_SUPREMA,57.84,58.93,397.99,6.75,0.0,0.007786071412941601
20210601,19364,CRIOLLA,8.68,8.84,30.4,3.44,0.0,0.0005947299453589906
20210601,19397,PASTUSA_SUPREMA,40.49,40.07,304.62,7.6,1.037293158804642,0.005959428814317623
20210601,19517,PASTUSA_SUPREMA,47.03,44.08,693.54,15.73,6.27259196257709,0.013568059417903762
20210601,19585,PASTUSA_SUPREMA,433.83,367.14,8663.83,23.6,15.372380886522375,0.16949470863485472
20210601,19622,PASTUSA_SUPREMA,2.6,2.36,19.87,8.42,9.230769230769242,0.0003887264478382613
20210601,19693,PASTUSA_SUPREMA,150.39,153.22,2927.01,19.1,0.0,0.057262516360698
20210601,19701,CRIOLLA,1.45,1.36,32.14,23.63,6.206896551724128,0.0006287704093367749
20210601,19701,PASTUSA_SUPREMA,1.45,1.41,32.14,22.79,2.758620689655178,0.0006287704093367749
20210601,19743,PASTUSA_SUPREMA,69.41,68.36,1843.62,26.97,1.5127503241607831,0.03606763229811653
20210601,19760,PASTUSA_SUPREMA,83.87,85.45,1728.39,20.23,0.0,0.03381333191641532
20210601,19821,CRIOLLA,3.47,3.54,35.76,10.1,0.0,0.0006995902251986021
20210601,19821,PASTUSA_SUPREMA,4.05,4.13,74.17,17.96,0.0,0.001451023685765669
20210601,19824,CRIOLLA,46.28,46.56,1255.57,26.97,0.0,0.02456332491757855
20210601,19824,PASTUSA_SUPREMA,520.6,518.59,16317.1,31.46,0.38609296965039785,0.31921934182293377
20210601,25019,PASTUSA_SUPREMA,2.89,2.36,39.73,16.83,18.339100346020764,0.0007772572608260756
20210601,25053,PASTUSA_SUPREMA,10.41,10.02,262.24,26.17,3.746397694524506,0.0051303283181230825
20210601,25099,CRIOLLA,52.06,53.04,1311.2,24.72,0.0,0.025651641590615414
20210601,25099,PASTUSA_SUPREMA,69.41,70.72,1390.66,19.66,0.0,0.027206156112267562
20210601,25120,PASTUSA_SUPREMA,11.57,11.2,188.73,16.85,3.1979256698357883,0.0036922165324869177
20210601,25126,PASTUSA_SUPREMA,13.48,12.43,237.54,19.11,7.789317507418403,0.004647110237518902
20210601,25151,CRIOLLA,34.71,34.77,586.06,16.86,0.0,0.011465376045299016
20210601,25151,PASTUSA_SUPREMA,45.7,45.38,1070.81,23.6,0.700218818380749,0.020948775420719105
20210601,25154,CRIOLLA,17.35,8.84,149.0,16.86,49.048991354466864,0.002914959271660842
20210601,25154,PASTUSA_SUPREMA,347.07,306.44,5165.32,16.86,11.706572161235485,0.1010516605711086
20210601,25175,PASTUSA_SUPREMA,11.57,11.79,238.4,20.22,0.0,0.004663934834657347
20210601,25178,PASTUSA_SUPREMA,20.25,20.63,463.55,22.47,0.0,0.009068653492472371
20210601,25181,CRIOLLA,57.84,58.93,927.11,15.73,0.0,0.01813750261979519
20210601,25181,PASTUSA_SUPREMA,11.57,10.61,143.04,13.48,8.297320656871221,0.0027983609007944084
20210601,25183,CRIOLLA,10.99,11.2,226.48,20.22,0.0,0.004430738092924481
20210601,25183,PASTUSA_SUPREMA,393.92,401.32,16685.96,41.58,0.0,0.3264355289165231
20210601,25200,PASTUSA_SUPREMA,289.22,282.87,6357.98,22.48,2.1955604729963385,0.12438424664452484
20210601,25214,PASTUSA_SUPREMA,3.18,3.24,94.7,29.23,0.0,0.0018526620337334346
20210601,25224,CRIOLLA,8.1,8.25,171.52,20.79,0.0,0.0033555289548675682
20210601,25224,PASTUSA_SUPREMA,75.2,76.61,1688.66,22.04,0.0,0.03303607465558925
20210601,25260,CRIOLLA,160.81,163.24,3118.39,19.1,0.0,0.06100657612855338
20210601,25260,PASTUSA_SUPREMA,242.95,246.92,6659.29,26.97,0.0,0.1302789203233445
20210601,25269,CRIOLLA,56.69,57.75,1103.26,19.1,0.0,0.021583610510419737
20210601,25269,PASTUSA_SUPREMA,190.89,194.47,4807.72,24.72,0.0,0.09405575831912258
20210601,25281,CRIOLLA,260.3,265.19,4261.39,16.07,0.0,0.08336763953464964
20210601,25281,PASTUSA_SUPREMA,216.92,220.99,5466.96,24.74,0.0,0.10695279019999301
20210601,25286,PASTUSA_SUPREMA,150.39,149.68,4705.07,31.43,0.47210585810225636,0.09204756657928376
20210601,25288,CRIOLLA,5.78,5.89,132.44,22.49,0.0,0.00259098795932055
20210601,25288,PASTUSA_SUPREMA,57.84,58.93,1324.44,22.47,0.0,0.025910662132607287
20210601,25293,PASTUSA_SUPREMA,1.16,1.18,13.24,11.22,0.0,0.0002590205419918762
20210601,25295,PASTUSA_SUPREMA,2.89,2.95,66.22,22.45,0.0,0.001295493979660275
20210601,25297,PASTUSA_SUPREMA,7.52,5.89,119.2,20.24,21.675531914893618,0.0023319674173286737
20210601,25299,PASTUSA_SUPREMA,4.63,3.54,79.47,22.45,23.54211663066954,0.0015547101565025982
20210601,25312,CRIOLLA,10.99,9.43,158.93,16.85,14.194722474977262,0.003109224678154749
20210601,25312,PASTUSA_SUPREMA,34.71,31.23,701.95,22.48,10.025929127052724,0.01373258832712972
20210601,25317,CRIOLLA,9.83,9.43,169.53,17.98,4.069175991861651,0.003316597619628608
20210601,25317,PASTUSA_SUPREMA,156.18,153.22,3443.54,22.47,1.8952490715840709,0.06736764329083877
20210601,25322,CRIOLLA,12.73,11.79,198.67,16.85,7.384131971720354,0.003886677573831272
20210601,25322,PASTUSA_SUPREMA,75.2,76.61,1893.95,24.72,0.0,0.03705226250041646
20210601,25326,CRIOLLA,32.39,32.41,619.18,19.1,0.0,0.0121133186699796
20210601,25326,PASTUSA_SUPREMA,468.54,471.45,11655.07,24.72,0.0,0.22801378763997404
20210601,25339,PASTUSA_SUPREMA,34.71,34.77,781.42,22.47,0.0,0.015287298483632318
20210601,25372,PASTUSA_SUPREMA,17.35,17.68,298.0,16.86,0.0,0.005829918543321684
20210601,25377,CRIOLLA,54.95,54.22,1340.33,24.72,1.328480436760704,0.026221525909967628
20210601,25377,PASTUSA_SUPREMA,439.62,446.11,12532.52,28.09,0.0,0.24517976759244925
20210601,25407,CRIOLLA,14.46,14.73,231.78,15.74,0.0,0.00453442456366141
20210601,25407,PASTUSA_SUPREMA,271.87,276.98,5291.14,19.1,0.0,0.10351313825943322
20210601,25426,CRIOLLA,13.3,12.67,199.33,15.73,4.736842105263161,0.0038995894739607766
20210601,25426,PASTUSA_SUPREMA,100.07,89.57,1711.18,19.1,10.49265514140102,0.03347664433879597
20210601,25430,PASTUSA_SUPREMA,256.77,253.76,6843.65,26.97,1.1722553257779267,0.13388564442618606
20210601,25436,PASTUSA_SUPREMA,16.2,15.91,321.84,20.23,1.7901234567901159,0.00629631202678742
20210601,25473,PASTUSA_SUPREMA,109.9,111.97,3648.83,32.59,0.0,0.07138383113566599
20210601,25513,CRIOLLA,150.39,123.75,2085.99,16.86,17.71394374625972,0.04080923416840134
20210601,25513,PASTUSA_SUPREMA,83.87,70.72,1907.19,26.97,15.679027065696916,0.037311283042408334
20210601,25535,PASTUSA_SUPREMA,694.13,471.45,13244.4,28.09,32.080446025960555,0.2591066213260729
20210601,25594,CRIOLLA,4.63,4.71,74.17,15.75,0.0,0.001451023685765669
20210601,25594,PASTUSA_SUPREMA,10.41,10.61,166.88,15.73,0.0,0.003264754384260143
20210601,25649,PASTUSA_SUPREMA,6.94,7.07,166.88,23.6,0.0,0.003264754384260143
20210601,25653,CRIOLLA,17.35,17.68,357.6,20.23,0.0,0.0069959022519860215
20210601,25653,PASTUSA_SUPREMA,590.01,601.1,13509.29,22.47,0.0,0.2642887928795644
20210601,25736,CRIOLLA,17.35,15.32,258.27,16.86,11.700288184438046,0.0050526612824956085
20210601,25736,PASTUSA_SUPREMA,578.44,559.84,22018.82,39.33,3.2155452596639322,0.4307648557720214
20210601,25740,CRIOLLA,296.16,301.73,8476.42,28.09,0.0,0.1658283159026268
20210601,25740,PASTUSA_SUPREMA,391.03,398.37,10743.86,26.97,0.0,0.21018734443238965
20210601,25745,PASTUSA_SUPREMA,40.49,41.25,1059.55,25.69,0.0,0.02072849057911574
20210601,25754,CRIOLLA,20.25,18.86,423.82,22.47,6.864197530864202,0.008291396231646297
20210601,25754,PASTUSA_SUPREMA,242.95,235.72,5330.87,22.62,2.9759209713932866,0.10429039552025929
20210601,25758,PASTUSA_SUPREMA,14.46,14.73,347.67,23.6,0.0,0.0068016368454921145
20210601,25769,CRIOLLA,40.49,41.25,834.4,20.23,0.0,0.016323771921300717
20210601,25769,PASTUSA_SUPREMA,109.9,111.97,3145.55,28.09,0.0,0.06153792038236753
20210601,25772,CRIOLLA,4.63,4.71,105.96,22.5,0.0,0.002072946875336798
20210601,25772,PASTUSA_SUPREMA,578.44,589.31,13244.4,22.47,0.0,0.2591066213260729
20210601,25779,CRIOLLA,23.14,23.57,410.58,17.42,0.0,0.00803237568965442
20210601,25779,PASTUSA_SUPREMA,240.05,244.56,5297.76,21.66,0.0,0.10364264853042915
20210601,25781,PASTUSA_SUPREMA,69.41,64.82,1493.31,23.04,6.612879988474285,0.02921434785210639
20210601,25785,CRIOLLA,4.63,3.83,82.12,21.44,17.278617710583156,0.0016065533918710629
20210601,25785,PASTUSA_SUPREMA,49.17,47.14,1357.55,28.8,4.128533658735001,0.026558409122437426
20210601,25793,CRIOLLA,54.95,54.22,852.94,15.73,1.328480436760704,0.01668647893402952
20210601,25793,PASTUSA_SUPREMA,4390.37,4384.46,88684.51,20.23,0.13461280028790323,1.7349780850818703
20210601,25799,CRIOLLA,2.89,2.95,49.67,16.84,0.0,0.0009717183021704297
20210601,25799,PASTUSA_SUPREMA,104.12,88.4,1986.66,22.47,15.097963887821741,0.03886599319891093
20210601,25807,PASTUSA_SUPREMA,173.53,165.01,2639.61,16.0,4.909813865037749,0.05163997075885017
20210601,25817,PASTUSA_SUPREMA,3.47,3.54,75.49,21.32,0.0,0.0014768474860246776
20210601,25843,CRIOLLA,11.57,11.79,198.67,16.85,0.0,0.003886677573831272
20210601,25843,PASTUSA_SUPREMA,318.14,312.33,7019.53,22.47,1.8262400201169315,0.13732647017584854
20210601,25845,CRIOLLA,144.61,147.33,3311.1,22.47,0.0,0.06477665533151822
20210601,25845,PASTUSA_SUPREMA,404.91,412.52,11588.85,28.09,0.0,0.22671829366031376
20210601,25873,CRIOLLA,12.15,8.66,118.17,13.65,28.72427983539094,0.002311817027732629
20210601,25873,PASTUSA_SUPREMA,3260.68,3246.5,91131.3,28.07,0.434878614276768,1.7828458246544008
20210601,25898,CRIOLLA,147.5,146.15,3777.3,25.85,0.9152542372881323,0.07389715205935905
20210601,25898,PASTUSA_SUPREMA,96.6,94.29,2542.93,26.97,2.391304347826073,0.049748573024728224
20210601,25899,CRIOLLA,104.12,106.08,2145.59,20.23,0.0,0.04197521787706568
20210601,25899,PASTUSA_SUPREMA,1099.04,1119.69,31455.45,28.09,0.0,0.6153782256494231
20210601,41001,PASTUSA_SUPREMA,1.74,0.59,6.62,11.22,66.0919540229885,0.0001295102709959381
20210601,41020,PASTUSA_SUPREMA,0.58,0.59,0.66,1.12,0.0,1.2911900129504401e-05
20210601,41206,PASTUSA_SUPREMA,2.31,2.36,13.51,5.72,0.0,0.00026430268295394617
20210601,41359,PASTUSA_SUPREMA,1.16,1.18,6.62,5.61,0.0,0.0001295102709959381
20210601,41396,PASTUSA_SUPREMA,1.74,1.77,13.91,7.86,0.0,0.00027212807697182763
20210601,41668,PASTUSA_SUPREMA,1.74,1.77,9.93,5.61,0.0,0.00019426540649390714
20210601,52001,CRIOLLA,75.2,76.61,1549.6,20.23,0.0,0.03031557642527276
20210601,52001,PASTUSA_SUPREMA,2834.37,2887.61,81121.96,28.09,0.0,1.5870282512570468
20210601,52022,PASTUSA_SUPREMA,104.12,106.08,1192.0,11.24,0.0,0.023319674173286738
20210601,52036,CRIOLLA,1.16,1.18,14.57,12.35,0.0,0.00028503997710133203
20210601,52036,PASTUSA_SUPREMA,14.46,14.73,198.67,13.49,0.0,0.003886677573831272
20210601,52083,PASTUSA_SUPREMA,5.21,4.71,37.08,7.87,9.596928982725528,0.0007254140254576109
20210601,52110,PASTUSA_SUPREMA,8.68,8.25,74.17,8.99,4.953917050691237,0.001451023685765669
20210601,52210,PASTUSA_SUPREMA,254.51,259.3,5827.54,22.47,0.0,0.11400699163741225
20210601,52215,CRIOLLA,31.81,32.41,437.07,13.49,0.0,0.00855061240848862
20210601,52215,PASTUSA_SUPREMA,231.38,235.72,5236.84,22.22,0.0,0.10245084102150581
20210601,52224,CRIOLLA,24.29,24.16,298.66,12.36,0.535199670646358,0.005842830443451189
20210601,52224,PASTUSA_SUPREMA,225.59,226.88,4079.28,17.98,0.0,0.07980493327315866
20210601,52227,CRIOLLA,12.73,12.96,116.55,8.99,0.0,0.002280124181960209
20210601,52227,PASTUSA_SUPREMA,231.38,235.72,4767.98,20.23,0.0,0.09327830542344606
20210601,52240,PASTUSA_SUPREMA,1.74,1.77,35.76,20.2,0.0,0.0006995902251986021
20210601,52258,PASTUSA_SUPREMA,3.47,2.95,33.11,11.22,14.98559077809798,0.0006477469898301375
20210601,52287,PASTUSA_SUPREMA,92.55,94.29,1218.48,12.92,0.0,0.023837715257270492
20210601,52317,CRIOLLA,11.57,11.2,226.48,20.22,3.1979256698357883,0.004430738092924481
20210601,52317,PASTUSA_SUPREMA,271.87,263.13,5913.63,22.47,3.2147717659175346,0.11569121206491079
20210601,52320,CRIOLLA,6.94,7.07,127.15,17.98,0.0,0.0024874971234340676
20210601,52320,PASTUSA_SUPREMA,28.92,29.47,794.66,26.97,0.0,0.015546319025624193
20210601,52323,CRIOLLA,8.68,8.84,89.4,10.11,0.0,0.0017489755629965054
20210601,52323,PASTUSA_SUPREMA,289.22,294.65,8277.75,28.09,0.0,0.16194163832879555
20210601,52352,CRIOLLA,14.46,11.79,92.71,7.86,18.464730290456444,0.0018137306984944744
20210601,52352,PASTUSA_SUPREMA,289.22,271.08,5330.87,19.67,6.272042044118676,0.10429039552025929
20210601,52354,CRIOLLA,15.62,14.73,218.53,14.84,5.697823303457095,0.004275208386819086
20210601,52354,PASTUSA_SUPREMA,205.35,207.44,4895.13,23.6,0.0,0.09576580254688012
20210601,52356,CRIOLLA,46.28,44.2,447.0,10.11,4.49438202247191,0.008744877814982528
20210601,52356,PASTUSA_SUPREMA,578.44,587.54,11884.2,20.23,0.0,0.232496368968267
20210601,52378,PASTUSA_SUPREMA,40.49,35.36,476.8,13.48,12.66979501111386,0.009327869669314695
20210601,52381,CRIOLLA,1.74,1.47,11.59,7.88,15.517241379310342,0.0002267407916681152
20210601,52381,PASTUSA_SUPREMA,4.05,3.83,30.13,7.87,5.432098765432092,0.0005894478043969207
20210601,52385,PASTUSA_SUPREMA,1.16,1.18,6.29,5.33,0.0,0.0001230543209311859
20210601,52435,PASTUSA_SUPREMA,30.66,31.23,365.02,11.69,0.0,0.0071410633110177224
20210601,52480,CRIOLLA,4.63,4.71,52.98,11.25,0.0,0.001036473437668399
20210601,52480,PASTUSA_SUPREMA,8.68,8.84,129.13,14.61,0.0,0.002526232823822581
20210601,52506,PASTUSA_SUPREMA,433.83,441.98,12416.63,28.09,0.0,0.24291255531061856
20210601,52560,CRIOLLA,539.11,549.24,10183.62,18.54,0.0,0.19922709757094487
20210601,52560,PASTUSA_SUPREMA,1908.86,1944.72,46984.52,24.16,0.0,0.9191809543525791
20210601,52565,PASTUSA_SUPREMA,5.78,5.89,66.22,11.24,0.0,0.001295493979660275
20210601,52573,CRIOLLA,49.17,50.09,562.89,11.24,0.0,0.011012090096813231
20210601,52573,PASTUSA_SUPREMA,115.69,117.86,2847.55,24.16,0.0,0.05570800183904585
20210601,52585,CRIOLLA,38.76,39.48,596.0,15.1,0.0,0.011659837086643369
20210601,52585,PASTUSA_SUPREMA,1156.88,1178.62,27813.24,23.6,0.0,0.544123904784753
20210601,52678,PASTUSA_SUPREMA,18.97,18.39,349.18,18.99,3.057459146020025,0.006831177707909617
20210601,52683,PASTUSA_SUPREMA,1.74,1.77,37.75,21.33,0.0,0.0007385215604375624
20210601,52685,PASTUSA_SUPREMA,6.94,6.48,88.74,13.69,6.6282420749279485,0.001736063662867001
20210601,52699,PASTUSA_SUPREMA,7.52,7.66,129.13,16.86,0.0,0.002526232823822581
20210601,52720,CRIOLLA,6.94,7.07,79.47,11.24,0.0,0.0015547101565025982
20210601,52720,PASTUSA_SUPREMA,375.99,383.05,9469.75,24.72,0.0,0.18526131250208228
20210601,52788,PASTUSA_SUPREMA,225.59,229.83,3873.99,16.86,0.0,0.07578874542833146
20210601,52838,CRIOLLA,175.27,178.56,3009.79,16.86,0.0,0.05888198165269857
20210601,52838,PASTUSA_SUPREMA,1622.53,1653.01,5618.28,3.4,0.0,0.10991313675695756
20210601,52885,PASTUSA_SUPREMA,138.83,141.43,3973.32,28.09,0.0,0.07773198639782186
20210601,54125,CRIOLLA,28.92,26.52,596.0,22.47,8.298755186721996,0.011659837086643369
20210601,54125,PASTUSA_SUPREMA,34.71,32.41,801.29,24.72,6.626332469029106,0.015676024931470578
20210601,54174,CRIOLLA,28.92,28.29,490.71,17.35,2.178423236514526,0.009599997746286523
20210601,54174,PASTUSA_SUPREMA,323.93,327.07,4966.65,15.19,0.0,0.09716498299727733
20210601,54347,CRIOLLA,1.74,1.77,23.84,13.47,0.0,0.00046639348346573474
20210601,54347,PASTUSA_SUPREMA,2.89,2.95,46.36,15.72,0.0,0.0009069631666724608
20210601,54377,CRIOLLA,2.31,2.36,39.73,16.83,0.0,0.0007772572608260756
20210601,54480,CRIOLLA,60.16,61.29,1377.42,22.47,0.0,0.02694713557027569
20210601,54480,PASTUSA_SUPREMA,34.71,35.36,993.33,28.09,0.0,0.019432996599455465
20210601,54518,CRIOLLA,52.64,52.45,766.19,14.61,0.36094224924011487,0.014989346606401482
20210601,54518,PASTUSA_SUPREMA,84.45,84.86,1430.4,16.86,0.0,0.027983609007944086
20210601,54743,CRIOLLA,98.34,100.18,2251.55,22.48,0.0,0.04404816475240248
20210601,54743,PASTUSA_SUPREMA,282.28,287.58,6463.27,22.47,0.0,0.1264440859848817
20210601,68020,PASTUSA_SUPREMA,52.06,53.04,1125.77,21.22,0.0,0.022023984558776015
20210601,68101,PASTUSA_SUPREMA,14.46,14.73,364.22,24.73,0.0,0.007125412522981959
20210601,68132,CRIOLLA,1.16,1.18,13.24,11.22,0.0,0.0002590205419918762
20210601,68162,PASTUSA_SUPREMA,156.18,159.11,3754.79,23.6,0.0,0.07345677801100278
20210601,68207,CRIOLLA,6.94,7.07,103.31,14.61,0.0,0.002021103639968333
20210601,68207,PASTUSA_SUPREMA,23.14,23.57,609.24,25.85,0.0,0.011918857628635246
20210601,68245,CRIOLLA,1.16,1.18,1.32,1.12,0.0,2.5823800259008803e-05
20210601,68245,PASTUSA_SUPREMA,1.16,1.18,3.97,3.36,0.0,7.766703562747345e-05
20210601,68264,PASTUSA_SUPREMA,49.75,50.68,341.71,6.74,0.0,0.006685038474625681
20210601,68298,PASTUSA_SUPREMA,4.63,4.71,37.08,7.87,0.0,0.0007254140254576109
20210601,68318,CRIOLLA,16.77,17.09,345.68,20.23,0.0,0.006762705510253154
20210601,68318,PASTUSA_SUPREMA,115.69,117.27,2899.2,24.72,0.0,0.056718455841604794
20210601,68368,CRIOLLA,1.16,1.18,13.24,11.22,0.0,0.0002590205419918762
20210601,68377,PASTUSA_SUPREMA,1.74,1.18,39.73,33.67,32.18390804597702,0.0007772572608260756
20210601,68432,CRIOLLA,0.58,0.59,15.89,26.93,0.0,0.00031086377736034085
20210601,68468,PASTUSA_SUPREMA,9.26,8.84,198.67,22.47,4.535637149028082,0.003886677573831272
20210601,68502,PASTUSA_SUPREMA,37.6,38.31,731.75,19.1,0.0,0.014315580181461889
20210601,68572,PASTUSA_SUPREMA,14.46,14.73,248.33,16.86,0.0,0.004858200241151254
20210601,68669,PASTUSA_SUPREMA,4.63,4.71,68.87,14.62,0.0,0.0013473372150287397
20210601,68773,PASTUSA_SUPREMA,1.45,1.47,33.11,22.52,0.0,0.0006477469898301375
20210601,68820,PASTUSA_SUPREMA,43.38,44.2,1241.66,28.09,0.0,0.02429119684060672
20210601,68867,CRIOLLA,0.29,0.29,4.97,17.14,0.0,9.723052067217709e-05
20210601,68867,PASTUSA_SUPREMA,2.89,2.95,66.22,22.45,0.0,0.001295493979660275
20210601,73043,PASTUSA_SUPREMA,60.74,61.88,1112.53,17.98,0.0,0.02176496401678414
20210601,73124,CRIOLLA,6.94,7.07,119.2,16.86,0.0,0.0023319674173286737
20210601,73124,PASTUSA_SUPREMA,7.52,7.66,103.31,13.49,0.0,0.002021103639968333
20210601,73152,PASTUSA_SUPREMA,49.17,50.09,1013.2,20.23,0.0,0.019821723047293727
20210601,73347,PASTUSA_SUPREMA,90.24,91.93,1446.29,15.73,0.0,0.028294472785304427
20210601,73461,CRIOLLA,10.41,8.84,139.07,15.73,15.081652257444766,0.002720693865166935
20210601,73622,CRIOLLA,34.71,35.36,596.0,16.86,0.0,0.011659837086643369
20210601,73622,PASTUSA_SUPREMA,28.92,29.47,662.22,22.47,0.0,0.012955331066303644
20210601,73686,CRIOLLA,0.58,0.59,7.95,13.47,0.0,0.00015552970610539394
20210601,73686,PASTUSA_SUPREMA,145.77,146.15,2052.88,14.05,0.0,0.04016148717857121
20210601,73870,PASTUSA_SUPREMA,12.73,12.38,111.25,8.99,2.749410840534172,0.0021764377112232797
20210601,76111,PASTUSA_SUPREMA,4.05,4.13,14.57,3.53,0.0,0.00028503997710133203
20210601,76736,PASTUSA_SUPREMA,9.26,9.43,116.55,12.36,0.0,0.002280124181960209
20210601,76834,PASTUSA_SUPREMA,135.93,135.54,2589.28,19.1,0.28691238137277253,0.05065534055655024
20220601,05001,PASTUSA_SUPREMA,24.4,25.0,440.0,17.6,0.0,0.0085199385441342
20220601,05002,PASTUSA_SUPREMA,56.04,54.25,578.53,10.66,3.1941470378301196,0.01120236374076809
20220601,05004,CRIOLLA,1.87,1.91,8.58,4.49,0.0,0.00016613880161061692
20220601,05004,PASTUSA_SUPREMA,1.25,0.51,2.23,4.37,59.199999999999996,4.318059762140743e-05
20220601,05079,PASTUSA_SUPREMA,15.57,15.32,117.61,7.68,1.6056518946692355,0.0022773408458536897
20220601,05086,PASTUSA_SUPREMA,124.53,95.73,1429.31,14.93,23.12695735967236,0.027676439455719216
20220601,05088,PASTUSA_SUPREMA,140.1,140.4,2500.6,17.81,0.0,0.04842035982604996
20220601,05093,CRIOLLA,2.49,0.0,0.0,0.0,100.0,0.0
20220601,05148,CRIOLLA,186.79,172.31,1837.68,10.66,7.752020986134156,0.03558391059951032
20220601,05148,PASTUSA_SUPREMA,112.08,84.24,1976.53,23.46,24.839400428265524,0.03827253211508539
20220601,05206,PASTUSA_SUPREMA,28.02,23.61,327.38,13.87,15.738758029978584,0.00633922154676967
20220601,05237,CRIOLLA,0.75,0.64,6.81,10.64,14.66666666666666,0.00013186541246716798
20220601,05237,PASTUSA_SUPREMA,28.02,31.27,833.76,26.66,0.0,0.01614450900126666
20220601,05264,PASTUSA_SUPREMA,348.68,223.37,7146.53,31.99,35.93839623723758,0.13838181000866226
20220601,05266,PASTUSA_SUPREMA,6.23,3.19,71.47,22.4,48.79614767255217,0.0013839091085210713
20220601,05308,CRIOLLA,3.74,3.51,104.82,29.86,6.149732620320869,0.0020296817231730616
20220601,05308,PASTUSA_SUPREMA,3.74,3.51,164.71,46.93,6.149732620320869,0.0031893615400098736
20220601,05313,CRIOLLA,0.93,0.96,13.27,13.82,0.0,0.000256953601092411
20220601,05313,PASTUSA_SUPREMA,3.11,4.15,77.42,18.66,0.0,0.0014991219138337953
20220601,05318,PASTUSA_SUPREMA,3.74,3.83,73.51,19.19,0.0,0.0014234106417711481
20220601,05376,PASTUSA_SUPREMA,5.6,5.74,73.51,12.81,0.0,0.0014234106417711481
20220601,05400,CRIOLLA,46.7,63.82,816.75,12.8,0.0,0.01581513592254911
20220601,05400,PASTUSA_SUPREMA,330.0,255.28,4355.98,17.06,22.64242424242424,0.08434700431699477
20220601,05440,PASTUSA_SUPREMA,99.62,100.83,1075.38,10.67,0.0,0.020823117071797813
20220601,05541,PASTUSA_SUPREMA,13.08,12.96,248.7,19.19,0.917431192660545,0.004815701627104946
20220601,05607,PASTUSA_SUPREMA,32.38,31.91,340.31,10.66,1.4515132798023522,0.006589591558987068
20220601,05615,PASTUSA_SUPREMA,4.36,4.47,66.7,14.92,0.0,0.0012915452293039802
20220601,05647,PASTUSA_SUPREMA,12.45,9.57,112.3,11.73,23.13253012048192,0.0021745206784233428
20220601,05658,PASTUSA_SUPREMA,6.85,0.0,0.0,0.0,100.0,0.0
20220601,05664,CRIOLLA,27.4,28.72,306.28,10.66,0.0,0.005930651766585053
20220601,05664,PASTUSA_SUPREMA,246.57,239.32,8422.69,35.19,2.940341485176623,0.16309272994612203
20220601,05674,PASTUSA_SUPREMA,373.59,319.09,8167.46,25.6,14.58818490858963,0.15815058468562346
20220601,05686,CRIOLLA,4.05,5.3,84.74,15.99,0.0,0.0016408627096134824
20220601,05686,PASTUSA_SUPREMA,172.29,334.99,9645.97,28.79,0.0,0.1867797081785504
20220601,05697,CRIOLLA,37.36,38.29,490.05,12.8,0.0,0.009489081553529467
20220601,05697,PASTUSA_SUPREMA,31.13,31.91,612.56,19.2,0.0,0.011861303533170105
20220601,05756,CRIOLLA,93.4,60.63,775.91,12.8,35.08565310492505,0.015024330717679928
20220601,05756,PASTUSA_SUPREMA,40.47,31.91,544.5,17.06,21.151470224857917,0.010543423948366075
20220601,05847,CRIOLLA,2.86,2.94,25.05,8.52,0.0,0.00048505559211491306
20220601,05847,PASTUSA_SUPREMA,3.11,2.87,91.88,32.01,7.717041800643076,0.001779118075988751
20220601,05887,PASTUSA_SUPREMA,21.79,37.65,883.45,23.46,0.0,0.01710668115185309
20220601,15001,CRIOLLA,130.76,129.55,1381.66,10.67,0.9253594371367191,0.026753768838382864
20220601,15001,PASTUSA_SUPREMA,1183.03,1033.87,22052.14,21.33,12.60830240991353,0.42700653992418997
20220601,15022,CRIOLLA,1.25,1.28,8.17,6.38,0.0,0.00015819976796721915
20220601,15022,PASTUSA_SUPREMA,3.11,0.0,0.0,0.0,100.0,0.0
20220601,15047,CRIOLLA,2.49,10.85,92.56,8.53,0.0,0.0017922852537387765
20220601,15047,PASTUSA_SUPREMA,5.6,73.39,782.71,10.67,0.0,0.015156002495180183
20220601,15051,PASTUSA_SUPREMA,747.18,791.35,21099.27,26.66,0.0,0.4085556448320328
20220601,15087,CRIOLLA,26.15,26.8,571.72,21.33,0.0,0.011070498328300923
20220601,15087,PASTUSA_SUPREMA,186.79,191.46,3675.36,19.2,0.0,0.07116782119902064
20220601,15092,CRIOLLA,4.36,4.47,38.11,8.53,0.0,0.0007379428589021691
20220601,15092,PASTUSA_SUPREMA,26.77,7.66,130.68,17.06,71.3858797161001,0.0025304217476078577
20220601,15104,PASTUSA_SUPREMA,105.85,121.26,2586.36,21.33,0.0,0.05008097330228849
20220601,15109,PASTUSA_SUPREMA,14.32,12.13,258.64,21.32,15.293296089385466,0.005008174784215613
20220601,15114,PASTUSA_SUPREMA,4.36,4.47,42.88,9.59,0.0,0.0008303067381192603
20220601,15131,CRIOLLA,87.17,79.77,1106.01,13.86,8.489159114374223,0.0214162209754497
20220601,15131,PASTUSA_SUPREMA,49.81,68.92,1323.13,19.2,0.0,0.025620423377046106
20220601,15162,PASTUSA_SUPREMA,31.13,45.95,490.05,10.66,0.0,0.009489081553529467
20220601,15172,PASTUSA_SUPREMA,2.49,3.19,51.05,16.0,0.0,0.0009885065060864795
20220601,15176,CRIOLLA,37.36,31.91,544.5,17.06,14.587794432548174,0.010543423948366075
20220601,15176,PASTUSA_SUPREMA,155.66,146.78,3913.57,26.66,5.704741102402666,0.07578039974583474
20220601,15180,PASTUSA_SUPREMA,37.36,51.06,980.1,19.2,0.0,0.018978163107058934
20220601,15183,PASTUSA_SUPREMA,24.91,18.51,217.12,11.73,25.692492974708948,0.004204202401596404
20220601,15187,PASTUSA_SUPREMA,46.7,8.93,238.22,26.68,80.87794432548179,0.004612772181781022
20220601,15189,PASTUSA_SUPREMA,186.79,165.93,3539.23,21.33,11.167621393008186,0.06853186839444565
20220601,15204,PASTUSA_SUPREMA,498.12,331.86,7078.46,21.33,33.37749939773549,0.1370637367888913
20220601,15215,CRIOLLA,0.62,0.64,10.21,15.95,0.0,0.0001977013012172959
20220601,15215,PASTUSA_SUPREMA,3.11,3.19,78.27,24.54,0.0,0.0015155808860213271
20220601,15224,PASTUSA_SUPREMA,74.72,63.82,1361.24,21.33,14.587794432548174,0.026358366235948272
20220601,15226,CRIOLLA,1.25,1.91,14.29,7.48,0.0,0.0002767043677174494
20220601,15226,PASTUSA_SUPREMA,13.08,12.76,163.35,12.8,2.4464831804281384,0.0031630271845098225
20220601,15232,CRIOLLA,21.79,22.34,238.22,10.66,0.0,0.004612772181781022
20220601,15232,PASTUSA_SUPREMA,342.46,408.44,8711.96,21.33,0.0,0.16869400863398953
20220601,15236,PASTUSA_SUPREMA,1.87,0.38,6.53,17.18,79.67914438502675,0.00012644363339362803
20220601,15238,CRIOLLA,2.49,2.43,46.55,19.16,2.409638554216864,0.0009013707709760161
20220601,15238,PASTUSA_SUPREMA,15.57,15.16,323.3,21.33,2.633269107257552,0.0062602184802695165
20220601,15244,PASTUSA_SUPREMA,74.72,89.35,857.58,9.6,0.0,0.016605747492451382
20220601,15248,PASTUSA_SUPREMA,14.94,11.49,147.01,12.79,23.092369477911646,0.002846627648575384
20220601,15272,PASTUSA_SUPREMA,49.81,76.58,1225.12,16.0,0.0,0.02372260706634021
20220601,15276,PASTUSA_SUPREMA,28.02,0.0,0.0,0.0,100.0,0.0
20220601,15293,PASTUSA_SUPREMA,65.38,57.44,1102.61,19.2,12.144386662587948,0.02135038508669957
20220601,15296,PASTUSA_SUPREMA,261.51,261.66,4185.82,16.0,0.0,0.08105211172001776
20220601,15299,PASTUSA_SUPREMA,2.49,2.55,19.06,7.47,0.0,0.00036906824693454064
20220601,15317,PASTUSA_SUPREMA,6.23,5.11,54.45,10.66,17.97752808988764,0.0010543423948366074
20220601,15332,CRIOLLA,1.25,1.28,9.53,7.45,0.0,0.00018453412346727032
20220601,15332,PASTUSA_SUPREMA,13.7,10.21,141.57,13.87,25.47445255474452,0.002741290226575179
20220601,15362,PASTUSA_SUPREMA,8.72,0.0,0.0,0.0,100.0,0.0
20220601,15367,PASTUSA_SUPREMA,249.06,223.37,4526.13,20.26,10.314783586284426,0.08764170327900485
20220601,15368,PASTUSA_SUPREMA,186.79,127.0,2167.1,17.06,32.00920820172386,0.04196263367953006
20220601,15377,PASTUSA_SUPREMA,0.0,5.11,54.45,10.66,0.0,0.0010543423948366074
20220601,15403,CRIOLLA,3.11,2.55,32.67,12.81,18.0064308681672,0.0006326054369019644
20220601,15403,PASTUSA_SUPREMA,11.21,7.02,149.74,21.33,37.37734165923283,0.0028994899945423984
20220601,15407,PASTUSA_SUPREMA,88.91,67.65,1377.99,20.37,23.91182094252614,0.02668270480552611
20220601,15425,PASTUSA_SUPREMA,7.47,1.91,34.71,18.17,74.43105756358767,0.0006721069701520412
20220601,15442,CRIOLLA,1.99,2.04,34.85,17.08,0.0,0.0006748178596888112
20220601,15442,PASTUSA_SUPREMA,2.99,3.06,52.27,17.08,0.0,0.0010121299720497606
20220601,15464,PASTUSA_SUPREMA,155.66,25.53,326.7,12.8,83.59886933059232,0.006326054369019645
20220601,15466,CRIOLLA,9.34,8.3,97.33,11.73,11.134903640256955,0.0018846491329558678
20220601,15466,PASTUSA_SUPREMA,37.36,35.1,786.12,22.4,6.049250535331896,0.015222032018897224
20220601,15476,PASTUSA_SUPREMA,498.12,478.64,14293.05,29.86,3.9107042479723853,0.2767634263823576
20220601,15491,PASTUSA_SUPREMA,28.64,29.36,594.86,20.26,0.0,0.011518569641735615
20220601,15494,PASTUSA_SUPREMA,105.85,108.49,1619.88,14.93,0.0,0.03136654102016389
20220601,15500,PASTUSA_SUPREMA,47.32,48.5,1008.68,20.8,0.0,0.019531571842493833
20220601,15511,PASTUSA_SUPREMA,8.09,7.66,49.0,6.4,5.315203955500614,0.0009488113378694907
20220601,15516,PASTUSA_SUPREMA,53.67,17.87,219.16,12.26,66.70393143283026,0.004243703934846481
20220601,15522,PASTUSA_SUPREMA,13.08,12.76,313.09,24.54,2.4464831804281384,0.006062517179052221
20220601,15531,CRIOLLA,9.34,8.3,61.94,7.46,11.134903640256955,0.001199374985053801
20220601,15531,PASTUSA_SUPREMA,24.91,24.25,387.95,16.0,2.649538338016866,0.007512068541356508
20220601,15537,PASTUSA_SUPREMA,15.57,15.95,255.23,16.0,0.0,0.0049421452604985735
20220601,15542,PASTUSA_SUPREMA,74.72,51.06,1361.24,26.66,31.66488222698073,0.026358366235948272
20220601,15599,CRIOLLA,9.34,9.57,153.14,16.0,0.0,0.0029653258832925264
20220601,15599,PASTUSA_SUPREMA,87.17,79.77,1786.63,22.4,8.489159114374223,0.034595404093423834
20220601,15600,PASTUSA_SUPREMA,155.66,171.03,2371.29,13.86,0.0,0.04591646606890907
20220601,15621,PASTUSA_SUPREMA,4.98,3.83,36.75,9.6,23.092369477911657,0.0007116085034021179
20220601,15632,CRIOLLA,261.51,459.5,2940.29,6.4,0.0,0.05693429568620989
20220601,15632,PASTUSA_SUPREMA,1556.62,1531.65,29402.85,19.2,1.6041166116328887,0.5693419886872644
20220601,15646,PASTUSA_SUPREMA,562.25,575.01,16465.5,28.64,0.0,0.3188296547691857
20220601,15676,CRIOLLA,3.11,1.91,30.63,16.04,38.58520900321544,0.0005931039036518877
20220601,15676,PASTUSA_SUPREMA,12.45,10.21,239.58,23.47,17.991967871485937,0.0046391065372810725
20220601,15693,CRIOLLA,18.68,15.95,238.22,14.94,14.614561027837258,0.004612772181781022
20220601,15693,PASTUSA_SUPREMA,17.43,25.53,408.37,16.0,0.0,0.0079074711437911
20220601,15696,PASTUSA_SUPREMA,21.79,0.0,0.0,0.0,100.0,0.0
20220601,15720,PASTUSA_SUPREMA,43.59,44.67,952.87,21.33,0.0,0.018450895092157173
20220601,15723,PASTUSA_SUPREMA,4.98,0.64,12.25,19.14,87.14859437751004,0.00023720283446737267
20220601,15740,CRIOLLA,40.47,40.21,514.55,12.8,0.642451198418581,0.00996348722246421
20220601,15740,PASTUSA_SUPREMA,2179.26,2233.66,47643.51,21.33,0.0,0.9225449482428256
20220601,15753,PASTUSA_SUPREMA,8.09,9.57,183.77,19.2,0.0,0.0035584297869444143
20220601,15755,CRIOLLA,3.11,2.55,33.95,13.31,18.0064308681672,0.0006573907126667185
20220601,15755,PASTUSA_SUPREMA,183.68,134.02,2858.61,21.33,27.036149825783973,0.055352685276471525
20220601,15757,PASTUSA_SUPREMA,15.57,17.23,275.65,16.0,0.0,0.005337547862933165
20220601,15759,CRIOLLA,1.87,1.91,24.5,12.83,0.0,0.00047440566893474533
20220601,15759,PASTUSA_SUPREMA,136.98,140.4,2246.05,16.0,0.0,0.043491381743301416
20220601,15761,PASTUSA_SUPREMA,6.23,1.91,26.54,13.9,69.34189406099519,0.000513907202184822
20220601,15762,PASTUSA_SUPREMA,124.53,121.26,2586.36,21.33,2.625873283546132,0.05008097330228849
20220601,15763,PASTUSA_SUPREMA,292.64,31.91,901.82,28.26,89.09581738655002,0.017462388586070694
20220601,15764,CRIOLLA,155.66,127.64,1769.62,13.86,18.000770910959783,0.03426603101470629
20220601,15764,PASTUSA_SUPREMA,217.93,255.28,6806.22,26.66,0.0,0.1317922184496752
20220601,15774,PASTUSA_SUPREMA,137.6,141.04,3477.65,24.66,0.0,0.0673394642682007
20220601,15776,PASTUSA_SUPREMA,75.96,46.59,695.6,14.93,38.6650868878357,0.013469248298408523
20220601,15790,CRIOLLA,3.11,3.19,44.24,13.87,0.0,0.0008566410936193115
20220601,15790,PASTUSA_SUPREMA,18.68,15.7,385.1,24.53,15.95289079229122,0.0074568825757865475
20220601,15804,PASTUSA_SUPREMA,99.62,26.8,528.84,19.73,73.09777153182092,0.010240191590181661
20220601,15806,PASTUSA_SUPREMA,31.13,31.91,680.62,21.33,0.0,0.013179183117974136
20220601,15808,CRIOLLA,1.25,1.28,12.25,9.57,0.0,0.00023720283446737267
20220601,15808,PASTUSA_SUPREMA,14.94,5.74,98.01,17.07,61.57965194109772,0.0018978163107058934
20220601,15810,CRIOLLA,0.62,0.64,4.63,7.23,0.0,8.965298968032126e-05
20220601,15810,PASTUSA_SUPREMA,1.87,0.0,0.0,0.0,100.0,0.0
20220601,15814,PASTUSA_SUPREMA,996.23,970.05,25863.62,26.66,2.6279072101823897,0.5008101202928187
20220601,15816,CRIOLLA,2.49,2.36,23.92,10.14,5.220883534136556,0.00046317484085384115
20220601,15816,PASTUSA_SUPREMA,2.49,0.0,0.0,0.0,100.0,0.0
20220601,15820,PASTUSA_SUPREMA,16.81,16.59,291.99,17.6,1.3087447947650155,0.005653947398867603
20220601,15822,PASTUSA_SUPREMA,93.4,185.07,3355.46,18.13,0.0,0.06497343860750124
20220601,15835,PASTUSA_SUPREMA,155.66,153.17,3593.68,23.46,1.5996402415521027,0.06958621078928226
20220601,15837,PASTUSA_SUPREMA,124.53,95.73,2552.33,26.66,23.12695735967236,0.04942203350988647
20220601,15839,CRIOLLA,16.19,15.95,272.25,17.07,1.4823965410747486,0.005271711974183037
20220601,15839,PASTUSA_SUPREMA,261.51,296.76,6962.76,23.46,0.0,0.13482338022171786
20220601,15842,CRIOLLA,3.74,3.19,40.84,12.8,14.70588235294118,0.0007908052048691836
20220601,15842,PASTUSA_SUPREMA,442.08,451.84,9637.6,21.33,0.0,0.18661763571124496
20220601,15861,CRIOLLA,43.59,50.42,967.84,19.2,0.0,0.01874076663762465
20220601,15861,PASTUSA_SUPREMA,996.23,1276.38,39476.05,30.93,0.0,0.7643943635572021
20220601,15879,CRIOLLA,22.1,21.7,337.86,15.57,1.8099547511312264,0.006542150992093594
20220601,15879,PASTUSA_SUPREMA,263.38,269.32,4250.89,15.78,0.0,0.08231209444971509
20220601,17001,PASTUSA_SUPREMA,28.02,121.26,1810.45,14.93,0.0,0.035056642584608555
20220601,17013,PASTUSA_SUPREMA,12.45,0.0,0.0,0.0,100.0,0.0
20220601,17446,CRIOLLA,3.74,3.19,20.42,6.4,14.70588235294118,0.0003954026024345918
20220601,17446,PASTUSA_SUPREMA,6.23,0.0,0.0,0.0,100.0,0.0
20220601,17541,PASTUSA_SUPREMA,9.34,0.0,0.0,0.0,100.0,0.0
20220601,17653,PASTUSA_SUPREMA,37.36,38.29,653.4,17.06,0.0,0.01265210873803929
20220601,17873,PASTUSA_SUPREMA,49.81,51.06,1143.44,22.39,0.0,0.022140996656601845
20220601,19022,PASTUSA_SUPREMA,77.83,63.82,816.75,12.8,18.000770910959783,0.01581513592254911
20220601,19100,CRIOLLA,9.96,0.0,0.0,0.0,100.0,0.0
20220601,19100,PASTUSA_SUPREMA,49.81,0.0,0.0,0.0,100.0,0.0
20220601,19212,CRIOLLA,1.25,1.28,9.53,7.45,0.0,0.00018453412346727032
20220601,19355,PASTUSA_SUPREMA,3.74,2.52,26.88,10.67,32.620320855614985,0.0005204907910598349
20220601,19364,CRIOLLA,11.21,11.49,37.98,3.31,0.0,0.0007354256043323112
20220601,19397,PASTUSA_SUPREMA,24.91,25.53,163.35,6.4,0.0,0.0031630271845098225
20220601,19517,PASTUSA_SUPREMA,49.87,41.48,619.37,14.93,16.82374172849409,0.011993168945637274
20220601,19585,PASTUSA_SUPREMA,560.38,536.08,11720.3,21.86,4.33634319568863,0.22694599027003654
20220601,19693,PASTUSA_SUPREMA,317.55,312.71,6670.09,21.33,1.5241694221382551,0.12915626564510022
20220601,19701,PASTUSA_SUPREMA,0.0,1.21,26.51,21.91,0.0,0.0005133262972840856
20220601,19743,PASTUSA_SUPREMA,82.19,76.58,1960.19,25.6,6.825647889037601,0.03795613257915095
20220601,19760,PASTUSA_SUPREMA,68.49,70.2,1497.37,21.33,0.0,0.02899431904052325
20220601,19821,CRIOLLA,3.11,2.87,27.57,9.61,7.717041800643076,0.0005338516037767726
20220601,19821,PASTUSA_SUPREMA,7.47,3.83,61.26,15.99,48.72824631860776,0.0011862078073037754
20220601,19824,CRIOLLA,93.4,49.78,1274.12,25.6,46.702355460385434,0.0246714184042097
20220601,19824,PASTUSA_SUPREMA,249.06,446.73,13340.18,29.86,0.0,0.25831253129020043
20220601,25019,PASTUSA_SUPREMA,4.36,1.91,40.84,21.38,56.192660550458726,0.0007908052048691836
20220601,25053,PASTUSA_SUPREMA,24.91,11.32,181.11,16.0,54.55640305098354,0.0035069228857457844
20220601,25099,CRIOLLA,93.4,76.58,1470.14,19.2,18.008565310492507,0.028467051025621488
20220601,25099,PASTUSA_SUPREMA,118.3,0.0,0.0,0.0,100.0,0.0
20220601,25120,PASTUSA_SUPREMA,21.79,6.06,80.82,13.34,72.18907755851308,0.001564957802583923
20220601,25126,PASTUSA_SUPREMA,6.23,14.04,224.61,16.0,0.0,0.004349234991813598
20220601,25151,CRIOLLA,34.25,34.46,588.06,17.07,0.0,0.01138689786423536
20220601,25151,PASTUSA_SUPREMA,34.25,49.14,1205.38,24.53,0.0,0.023340371641655644
20220601,25154,CRIOLLA,24.91,24.25,387.95,16.0,2.649538338016866,0.007512068541356508
20220601,25154,PASTUSA_SUPREMA,498.12,478.64,12761.66,26.66,3.9107042479723853,0.24711036118439925
20220601,25175,PASTUSA_SUPREMA,26.15,12.76,306.28,24.0,51.20458891013384,0.005930651766585053
20220601,25178,CRIOLLA,12.45,12.76,272.25,21.34,0.0,0.005271711974183037
20220601,25178,PASTUSA_SUPREMA,24.91,24.25,775.91,32.0,2.649538338016866,0.015024330717679928
20220601,25181,CRIOLLA,9.34,9.57,142.93,14.94,0.0,0.0027676245820752307
20220601,25181,PASTUSA_SUPREMA,9.34,9.57,163.35,17.07,0.0,0.0031630271845098225
20220601,25183,CRIOLLA,37.36,37.01,750.05,20.27,0.9368308351177745,0.01452359069324513
20220601,25183,PASTUSA_SUPREMA,728.5,625.42,20010.28,31.99,14.149622512010984,0.38746899057026757
20220601,25200,PASTUSA_SUPREMA,261.51,319.09,6806.22,21.33,0.0,0.1317922184496752
20220601,25214,PASTUSA_SUPREMA,3.74,3.51,97.33,27.73,6.149732620320869,0.0018846491329558678
20220601,25224,CRIOLLA,3.74,3.83,89.84,23.46,0.0,0.0017396165427386741
20220601,25224,PASTUSA_SUPREMA,56.04,57.44,1531.4,26.66,0.0,0.029653258832925265
20220601,25260,CRIOLLA,176.83,177.42,3216.62,18.13,0.0,0.06228501072689308
20220601,25260,PASTUSA_SUPREMA,280.19,268.04,6860.67,25.6,4.33634319568863,0.1328465608445118
20220601,25269,CRIOLLA,56.04,7.66,163.35,21.33,86.3311920057102,0.0031630271845098225
20220601,25269,PASTUSA_SUPREMA,249.06,23.61,554.03,23.47,90.52035654059263,0.010727958071833344
20220601,25281,CRIOLLA,56.04,285.27,3650.85,12.8,0.0,0.07069322189511898
20220601,25281,PASTUSA_SUPREMA,84.06,236.13,3525.62,14.93,0.0,0.06826833120447824
20220601,25286,PASTUSA_SUPREMA,80.94,70.2,2096.31,29.86,13.269088213491465,0.04059189174875902
20220601,25288,CRIOLLA,2.8,2.55,49.0,19.22,8.92857142857143,0.0009488113378694907
20220601,25288,PASTUSA_SUPREMA,62.26,63.82,1361.24,21.33,0.0,0.026358366235948272
20220601,25293,PASTUSA_SUPREMA,0.0,1.28,27.22,21.27,0.0,0.0005270743799348477
20220601,25295,PASTUSA_SUPREMA,3.11,3.19,74.87,23.47,0.0,0.0014497449972711992
20220601,25297,PASTUSA_SUPREMA,3.74,6.38,122.51,19.2,0.0,0.002372221979640639
20220601,25299,PASTUSA_SUPREMA,3.11,2.87,64.32,22.41,7.717041800643076,0.0012454601071788904
20220601,25312,CRIOLLA,15.57,15.95,255.23,16.0,0.0,0.0049421452604985735
20220601,25312,PASTUSA_SUPREMA,52.92,54.25,1099.2,20.26,0.0,0.021284355562982533
20220601,25317,CRIOLLA,6.85,7.02,119.79,17.06,0.0,0.0023195532686405363
20220601,25317,PASTUSA_SUPREMA,224.15,190.18,4056.5,21.33,15.155030113763102,0.07854802432790997
20220601,25322,CRIOLLA,10.58,10.85,86.78,8.0,0.0,0.001680364242863559
20220601,25322,PASTUSA_SUPREMA,95.26,97.64,1457.89,14.93,0.0,0.028229848191154115
20220601,25326,CRIOLLA,19.92,20.42,588.06,28.8,0.0,0.01138689786423536
20220601,25326,PASTUSA_SUPREMA,747.18,765.83,26135.87,34.13,0.0,0.5060818322670017
20220601,25372,PASTUSA_SUPREMA,18.68,19.15,306.28,15.99,0.0,0.005930651766585053
20220601,25377,CRIOLLA,85.93,73.39,1659.36,22.61,14.59327359478646,0.032131011869533016
20220601,25377,PASTUSA_SUPREMA,554.16,497.79,15926.55,31.99,10.172152446946725,0.3083936982274558
20220601,25407,CRIOLLA,16.19,14.68,219.16,14.93,9.326744904261897,0.004243703934846481
20220601,25407,PASTUSA_SUPREMA,280.81,287.82,5218.33,18.13,0.0,0.10104511568866324
20220601,25426,CRIOLLA,21.79,13.72,204.87,14.93,37.035337310692974,0.003966999567129032
20220601,25426,PASTUSA_SUPREMA,168.11,97.0,1758.73,18.13,42.299684730236166,0.03405516253573897
20220601,25430,PASTUSA_SUPREMA,373.59,371.43,9110.8,24.53,0.5781739339917991,0.17641694565431337
20220601,25436,PASTUSA_SUPREMA,19.92,17.23,330.78,19.2,13.50401606425703,0.006405057435519798
20220601,25473,PASTUSA_SUPREMA,155.66,121.26,2715.68,22.4,22.099447513812155,0.05258506069439629
20220601,25486,CRIOLLA,2.8,2.87,82.7,28.82,0.0,0.0016013611763634056
20220601,25486,PASTUSA_SUPREMA,11.21,11.49,367.54,31.99,0.0,0.0071168595738888285
20220601,25513,CRIOLLA,68.49,63.82,1020.93,16.0,6.818513651627967,0.019768774676961205
20220601,25513,PASTUSA_SUPREMA,31.13,28.72,704.44,24.53,7.74172823642788,0.013640421609158857
20220601,25535,PASTUSA_SUPREMA,653.78,478.64,11230.26,23.46,26.78882804613173,0.217457102351474
20220601,25594,PASTUSA_SUPREMA,12.45,11.49,196.02,17.06,7.71084337349397,0.003795632621411787
20220601,25649,PASTUSA_SUPREMA,6.23,6.38,170.16,26.67,0.0,0.00329489259697699
20220601,25653,CRIOLLA,16.19,14.68,266.12,18.13,9.326744904261897,0.0051530137394658945
20220601,25653,PASTUSA_SUPREMA,560.38,561.61,11978.94,21.33,0.0,0.23195416505425215
20220601,25736,CRIOLLA,24.91,19.15,367.54,19.19,23.123243677238058,0.0071168595738888285
20220601,25736,PASTUSA_SUPREMA,653.78,650.95,22215.49,34.13,0.432867325399966,0.4301695671086998
20220601,25740,CRIOLLA,547.93,477.36,11709.41,24.53,12.879382402861673,0.22673512179106922
20220601,25740,PASTUSA_SUPREMA,564.74,431.42,10582.31,24.53,23.607323724191666,0.20491052467040183
20220601,25745,PASTUSA_SUPREMA,43.59,63.82,1837.68,28.79,0.0,0.03558391059951032
20220601,25754,CRIOLLA,26.77,26.8,571.72,21.33,0.0,0.011070498328300923
20220601,25754,PASTUSA_SUPREMA,298.87,299.95,7037.63,23.46,0.0,0.13627312521898904
20220601,25758,PASTUSA_SUPREMA,43.59,44.67,1572.24,35.2,0.0,0.030444064037794448
20220601,25769,CRIOLLA,59.15,60.63,1163.86,19.2,0.0,0.022536399259036437
20220601,25769,PASTUSA_SUPREMA,112.08,120.62,3215.94,26.66,0.0,0.06227184354914305
20220601,25772,CRIOLLA,3.74,3.19,68.06,21.34,14.70588235294118,0.0013178795848040313
20220601,25772,PASTUSA_SUPREMA,373.59,638.19,13612.43,21.33,0.0,0.26358424326438346
20220601,25779,CRIOLLA,11.21,11.49,183.77,15.99,0.0,0.0035584297869444143
20220601,25779,PASTUSA_SUPREMA,99.62,261.66,5860.15,22.4,0.0,0.11347299513501827
20220601,25781,PASTUSA_SUPREMA,68.49,146.78,3130.86,21.33,0.0,0.060624397250654556
20220601,25785,CRIOLLA,7.0,4.47,81.95,18.33,36.142857142857146,0.001586838553844995
20220601,25785,PASTUSA_SUPREMA,74.09,54.25,1052.92,19.41,26.77824267782427,0.020388212936113145
20220601,25793,CRIOLLA,59.15,59.35,822.87,13.86,0.0,0.01593364052229934
20220601,25793,PASTUSA_SUPREMA,4663.62,4831.09,87589.2,18.13,0.0,1.6960331843860896
20220601,25799,PASTUSA_SUPREMA,93.4,63.82,2041.86,31.99,31.67023554603855,0.03953754935392241
20220601,25817,PASTUSA_SUPREMA,12.45,12.13,284.5,23.45,2.570281124497975,0.00550891480865041
20220601,25839,CRIOLLA,1.87,1.91,36.75,19.24,0.0,0.0007116085034021179
20220601,25839,PASTUSA_SUPREMA,4.98,5.11,98.01,19.18,0.0,0.0018978163107058934
20220601,25841,CRIOLLA,68.49,25.53,381.15,14.93,62.72448532632501,0.007380396763856252
20220601,25841,PASTUSA_SUPREMA,261.51,31.91,680.62,21.33,87.79778975947382,0.013179183117974136
20220601,25843,CRIOLLA,7.47,11.49,171.52,14.93,0.0,0.0033212269524770413
20220601,25843,PASTUSA_SUPREMA,297.0,347.81,6676.9,19.2,0.0,0.1292881310575674
20220601,25845,CRIOLLA,186.79,242.51,4396.82,18.13,0.0,0.08513780952186395
20220601,25845,PASTUSA_SUPREMA,529.25,523.31,12278.41,23.46,1.1223429381199912,0.23775295140837005
20220601,25873,CRIOLLA,9.53,9.57,122.51,12.8,0.0,0.002372221979640639
20220601,25873,PASTUSA_SUPREMA,4981.17,3097.13,82576.42,26.66,37.8232423306171,1.5989682354423054
20220601,25898,CRIOLLA,102.74,104.66,2120.82,20.26,0.0,0.04106649105266068
20220601,25898,PASTUSA_SUPREMA,84.06,86.16,2205.21,25.59,0.0,0.04270057653843223
20220601,25899,CRIOLLA,112.08,89.35,1715.17,19.2,20.28015703069237,0.03321168861986968
20220601,25899,PASTUSA_SUPREMA,996.23,938.14,22011.3,23.46,5.830982805175511,0.4262157347193208
20220601,41001,PASTUSA_SUPREMA,1.25,1.28,9.53,7.45,0.0,0.00018453412346727032
20220601,41206,PASTUSA_SUPREMA,6.23,6.38,34.71,5.44,0.0,0.0006721069701520412
20220601,41359,PASTUSA_SUPREMA,1.25,1.28,6.81,5.32,0.0,0.00013186541246716798
20220601,41396,PASTUSA_SUPREMA,6.23,1.91,14.29,7.48,69.34189406099519,0.0002767043677174494
20220601,41668,PASTUSA_SUPREMA,1.56,1.91,10.21,5.35,0.0,0.0001977013012172959
20220601,52001,CRIOLLA,56.04,57.44,1102.61,19.2,0.0,0.02135038508669957
20220601,52001,PASTUSA_SUPREMA,2677.38,2973.96,79292.42,26.66,0.0,1.5353785123083583
20220601,52022,PASTUSA_SUPREMA,124.53,114.87,1837.68,16.0,7.757166947723437,0.03558391059951032
20220601,52036,CRIOLLA,0.93,1.28,13.61,10.63,0.0,0.00026353718996742384
20220601,52036,PASTUSA_SUPREMA,12.45,15.95,255.23,16.0,0.0,0.0049421452604985735
20220601,52083,PASTUSA_SUPREMA,6.23,3.19,23.82,7.47,48.79614767255217,0.00046123849118471973
20220601,52110,PASTUSA_SUPREMA,37.36,8.93,76.23,8.54,76.09743040685225,0.0014760793527712503
20220601,52210,PASTUSA_SUPREMA,311.32,319.09,6806.22,21.33,0.0,0.1317922184496752
20220601,52215,CRIOLLA,46.7,41.48,530.88,12.8,11.177730192719492,0.010279693123431738
20220601,52215,PASTUSA_SUPREMA,249.06,223.37,4709.56,21.08,10.314783586284426,0.09119354947707425
20220601,52224,CRIOLLA,31.13,30.63,490.05,16.0,1.6061676839062011,0.009489081553529467
20220601,52224,PASTUSA_SUPREMA,249.06,248.89,6105.18,24.53,0.06825664498515405,0.11821763272926647
20220601,52227,CRIOLLA,40.47,14.04,149.74,10.67,65.30763528539659,0.0028994899945423984
20220601,52227,PASTUSA_SUPREMA,286.42,252.08,5376.91,21.33,11.989386216046361,0.10411577899395598
20220601,52240,PASTUSA_SUPREMA,3.11,1.28,20.42,15.95,58.84244372990353,0.0003954026024345918
20220601,52258,PASTUSA_SUPREMA,4.98,3.19,37.43,11.73,35.94377510040161,0.0007247756811521436
20220601,52287,PASTUSA_SUPREMA,43.59,102.11,1197.89,11.73,0.0,0.02319533905143845
20220601,52317,CRIOLLA,12.45,12.13,232.77,19.19,2.570281124497975,0.004507241124813904
20220601,52317,PASTUSA_SUPREMA,249.06,204.22,4791.58,23.46,18.00369388902273,0.09278174347568763
20220601,52320,CRIOLLA,18.68,19.15,347.12,18.13,0.0,0.006721456971454236
20220601,52320,PASTUSA_SUPREMA,90.28,92.54,1825.77,19.73,0.0,0.03535329135391796
20220601,52323,CRIOLLA,3.74,3.83,32.67,8.53,0.0,0.0006326054369019644
20220601,52323,PASTUSA_SUPREMA,186.79,191.46,3879.54,20.26,0.0,0.07512145995343272
20220601,52352,CRIOLLA,49.81,38.29,490.05,12.8,23.127885966673368,0.009489081553529467
20220601,52352,PASTUSA_SUPREMA,74.72,114.87,2450.24,21.33,0.0,0.04744521413268042
20220601,52354,CRIOLLA,16.81,12.76,149.74,11.74,24.09280190362879,0.0028994899945423984
20220601,52354,PASTUSA_SUPREMA,174.34,207.41,4424.04,21.33,0.0,0.0856648839017988
20220601,52356,CRIOLLA,31.13,28.72,275.65,9.6,7.74172823642788,0.005337547862933165
20220601,52356,PASTUSA_SUPREMA,435.85,440.35,8453.32,19.2,0.0,0.16368583384977392
20220601,52378,PASTUSA_SUPREMA,31.13,31.91,408.37,12.8,0.0,0.0079074711437911
20220601,52381,CRIOLLA,1.25,1.28,6.81,5.32,0.0,0.00013186541246716798
20220601,52381,PASTUSA_SUPREMA,5.6,5.11,81.67,15.98,8.749999999999991,0.001581416774771455
20220601,52385,PASTUSA_SUPREMA,1.37,1.4,7.19,5.14,0.0,0.00013922354120982934
20220601,52418,PASTUSA_SUPREMA,2.68,0.0,0.0,0.0,100.0,0.0
20220601,52435,PASTUSA_SUPREMA,49.81,51.06,544.5,10.66,0.0,0.010543423948366075
20220601,52480,CRIOLLA,3.74,3.83,40.84,10.66,0.0,0.0007908052048691836
20220601,52480,PASTUSA_SUPREMA,7.47,8.3,115.03,13.86,0.0,0.0022273830243903572
20220601,52506,PASTUSA_SUPREMA,373.59,861.55,22970.98,26.66,0.0,0.44479849522394516
20220601,52560,CRIOLLA,560.38,555.22,8289.97,14.93,0.920803740319065,0.16052280666526408
20220601,52560,PASTUSA_SUPREMA,1743.41,2106.02,35936.82,17.06,0.0,0.6958624951627564
20220601,52565,CRIOLLA,12.45,12.13,323.3,26.65,2.570281124497975,0.0062602184802695165
20220601,52565,PASTUSA_SUPREMA,56.04,56.16,718.74,12.8,0.0,0.013917319611843218
20220601,52573,CRIOLLA,43.59,41.48,353.92,8.53,4.8405597614131874,0.006853128748954492
20220601,52573,PASTUSA_SUPREMA,93.4,114.87,2327.73,20.26,0.0,0.04507299215303978
20220601,52585,CRIOLLA,45.45,44.67,857.58,19.2,1.7161716171617214,0.016605747492451382
20220601,52585,PASTUSA_SUPREMA,1276.42,1276.38,36753.57,28.8,0.003133764748275425,0.7116776310853056
20220601,52678,PASTUSA_SUPREMA,34.68,34.4,601.64,17.49,0.8073817762399127,0.011649854149302048
20220601,52683,CRIOLLA,1.25,1.28,23.14,18.08,0.0,0.00044807131343469413
20220601,52683,PASTUSA_SUPREMA,7.47,1.91,40.84,21.38,74.43105756358767,0.0007908052048691836
20220601,52685,PASTUSA_SUPREMA,6.23,7.02,89.84,12.8,0.0,0.0017396165427386741
20220601,52693,PASTUSA_SUPREMA,1.56,0.0,0.0,0.0,100.0,0.0
20220601,52699,PASTUSA_SUPREMA,9.96,7.02,112.3,16.0,29.51807228915664,0.0021745206784233428
20220601,52720,CRIOLLA,7.47,7.66,81.67,10.66,0.0,0.001581416774771455
20220601,52720,PASTUSA_SUPREMA,342.46,351.0,8235.52,23.46,0.0,0.1594684642704275
20220601,52788,PASTUSA_SUPREMA,261.51,248.89,4247.08,17.06,4.825819280333454,0.08223831952732155
20220601,52838,CRIOLLA,266.06,272.7,4944.1,18.13,0.0,0.0957350639910316
20220601,52838,PASTUSA_SUPREMA,1773.42,1817.69,42648.02,23.46,0.0,0.8258147941568326
20220601,52885,PASTUSA_SUPREMA,196.13,102.11,2177.99,21.33,47.93759241319533,0.042173502158497383
20220601,54125,CRIOLLA,37.36,12.76,272.25,21.34,65.8458244111349,0.005271711974183037
20220601,54125,PASTUSA_SUPREMA,43.59,37.65,883.45,23.46,13.626978664831391,0.01710668115185309
20220601,54174,CRIOLLA,32.38,31.91,510.47,16.0,1.4515132798023522,0.009884484155964058
20220601,54174,PASTUSA_SUPREMA,298.87,351.0,5240.79,14.93,0.0,0.10148001982434791
20220601,54347,CRIOLLA,1.87,1.91,29.61,15.5,0.0,0.0005733531370268494
20220601,54347,PASTUSA_SUPREMA,3.11,3.19,54.45,17.07,0.0,0.0010543423948366074
20220601,54377,PASTUSA_SUPREMA,3.74,0.0,0.0,0.0,100.0,0.0
20220601,54480,CRIOLLA,56.04,57.44,1225.12,21.33,0.0,0.02372260706634021
20220601,54480,PASTUSA_SUPREMA,31.13,35.1,954.57,27.2,0.0,0.018483813036532237
20220601,54518,CRIOLLA,62.26,61.9,858.26,13.87,0.578220366206228,0.016618914670201407
20220601,54518,PASTUSA_SUPREMA,99.62,93.18,1490.56,16.0,6.464565348323625,0.02886245362805608
20220601,54743,CRIOLLA,146.32,118.06,2518.3,21.33,19.313832695461997,0.048763093717484454
20220601,54743,PASTUSA_SUPREMA,643.82,509.27,10862.72,21.33,20.898698393961055,0.21034024277758517
20220601,68020,PASTUSA_SUPREMA,49.81,57.44,1102.61,19.2,0.0,0.02135038508669957
20220601,68101,PASTUSA_SUPREMA,21.17,14.68,344.39,23.46,30.65658951346245,0.006668594625487222
20220601,68132,CRIOLLA,1.87,1.91,20.42,10.69,0.0,0.0003954026024345918
20220601,68132,PASTUSA_SUPREMA,2.49,2.55,32.67,12.81,0.0,0.0006326054369019644
20220601,68152,PASTUSA_SUPREMA,510.57,366.32,6250.83,17.06,28.252737136925397,0.1210379260223418
20220601,68162,PASTUSA_SUPREMA,112.08,171.03,3739.34,21.86,0.0,0.07240669771732451
20220601,68207,CRIOLLA,7.47,7.66,106.18,13.86,0.0,0.0020560160786731126
20220601,68207,PASTUSA_SUPREMA,24.91,25.53,639.78,25.06,0.0,0.012388377913104954
20220601,68264,PASTUSA_SUPREMA,16.19,54.88,351.2,6.4,0.0,0.00680046003795439
20220601,68298,PASTUSA_SUPREMA,13.08,8.93,74.32,8.32,31.727828746177376,0.0014390950740910315
20220601,68318,CRIOLLA,18.68,19.15,367.54,19.19,0.0,0.0071168595738888285
20220601,68318,PASTUSA_SUPREMA,174.34,126.36,2695.26,21.33,27.520936101869907,0.0521896580919617
20220601,68368,PASTUSA_SUPREMA,1.25,1.28,20.83,16.27,0.0,0.0004033416360779896
20220601,68377,PASTUSA_SUPREMA,1.87,1.91,55.13,28.86,0.0,0.001067509572586633
20220601,68432,CRIOLLA,0.62,0.64,15.65,24.45,0.0,0.0003030387232175006
20220601,68468,PASTUSA_SUPREMA,11.21,9.57,204.19,21.34,14.62979482604817,0.003953832389379006
20220601,68502,PASTUSA_SUPREMA,86.55,41.48,619.37,14.93,52.07394569612941,0.011993168945637274
20220601,68572,PASTUSA_SUPREMA,21.79,15.95,255.23,16.0,26.801284993116102,0.0049421452604985735
20220601,68669,PASTUSA_SUPREMA,18.68,5.11,108.9,21.31,72.64453961456103,0.002108684789673215
20220601,68682,CRIOLLA,1.25,0.64,4.08,6.38,48.8,7.90030665001535e-05
20220601,68682,PASTUSA_SUPREMA,1.87,0.0,0.0,0.0,100.0,0.0
20220601,68773,PASTUSA_SUPREMA,0.31,0.96,15.31,15.95,0.0,0.00029645513434248776
20220601,68820,PASTUSA_SUPREMA,155.66,45.95,1225.12,26.66,70.48053449826544,0.02372260706634021
20220601,68867,CRIOLLA,0.62,0.0,0.0,0.0,100.0,0.0
20220601,68867,PASTUSA_SUPREMA,1.87,3.19,68.06,21.34,0.0,0.0013178795848040313
20220601,73043,PASTUSA_SUPREMA,62.89,67.01,1000.51,14.93,0.0,0.019373372074526614
20220601,73124,CRIOLLA,6.85,5.11,65.34,12.79,25.401459854014586,0.0012652108738039289
20220601,73124,PASTUSA_SUPREMA,8.72,5.74,79.63,13.87,34.174311926605505,0.0015419152415213782
20220601,73152,PASTUSA_SUPREMA,74.72,63.82,1259.15,19.73,14.587794432548174,0.024381546858742227
20220601,73347,PASTUSA_SUPREMA,97.13,99.56,1486.48,14.93,0.0,0.028783450561555925
20220601,73461,CRIOLLA,9.96,9.57,142.93,14.94,3.915662650602414,0.0027676245820752307
20220601,73461,PASTUSA_SUPREMA,80.94,79.77,2297.1,28.8,1.4455151964418156,0.044479888249387894
20220601,73622,CRIOLLA,34.25,35.1,476.54,13.58,0.0,0.009227480713231165
20220601,73622,PASTUSA_SUPREMA,31.13,31.91,612.56,19.2,0.0,0.011861303533170105
20220601,73686,CRIOLLA,0.62,0.64,8.17,12.77,0.0,0.00015819976796721915
20220601,73686,PASTUSA_SUPREMA,74.72,63.18,808.58,12.8,15.444325481798716,0.015656936154581892
20220601,73870,PASTUSA_SUPREMA,10.58,3.19,40.84,12.8,69.84877126654064,0.0007908052048691836
20220601,76111,PASTUSA_SUPREMA,4.36,3.83,57.17,14.93,12.155963302752292,0.0011070111058367098
20220601,76736,PASTUSA_SUPREMA,19.3,10.21,119.79,11.73,47.09844559585492,0.0023195532686405363
20220601,76834,PASTUSA_SUPREMA,155.66,149.97,2719.08,18.13,3.6554028009764816,0.052650896583146416
20220601,85136,PASTUSA_SUPREMA,7.47,6.38,27.22,4.27,14.591700133868812,0.0005270743799348477
20220601,86749,PASTUSA_SUPREMA,3.11,3.19,51.05,16.0,0.0,0.0009885065060864795
20220601,86755,PASTUSA_SUPREMA,1.25,0.0,0.0,0.0,100.0,0.0
20220601,86760,PASTUSA_SUPREMA,3.74,3.83,65.34,17.06,0.0,0.0012652108738039289
20221201,05001,PASTUSA_SUPREMA,26.26,26.92,473.69,17.6,0.0,0.009172294747661205
20221201,05002,PASTUSA_SUPREMA,52.92,51.06,544.5,10.66,3.5147392290249435,0.010543423948366075
20221201,05004,CRIOLLA,0.62,0.51,2.29,4.49,17.741935483870964,4.4342407422880274e-05
20221201,05004,PASTUSA_SUPREMA,0.62,1.28,5.58,4.36,0.0,0.00010804831153697465
20221201,05079,PASTUSA_SUPREMA,8.09,1.91,14.33,7.5,76.39060568603215,0.00027747890758509795
20221201,05086,PASTUSA_SUPREMA,130.76,127.64,2177.99,17.06,2.38605078005506,0.042173502158497383
20221201,05088,PASTUSA_SUPREMA,140.1,143.59,2756.52,19.2,0.0,0.053375865899265476
20221201,05093,CRIOLLA,0.0,2.55,6.81,2.67,0.0,0.00013186541246716798
20221201,05148,CRIOLLA,217.93,191.46,2450.24,12.8,12.146101959344746,0.04744521413268042
20221201,05148,PASTUSA_SUPREMA,124.53,114.87,2450.24,21.33,7.757166947723437,0.04744521413268042
20221201,05206,PASTUSA_SUPREMA,19.92,26.8,371.62,13.87,0.0,0.007195862640388981
20221201,05237,PASTUSA_SUPREMA,36.74,27.44,614.6,22.4,25.31301034295046,0.011900805066420182
20221201,05264,PASTUSA_SUPREMA,348.68,357.39,11434.44,31.99,0.0,0.2214107411058861
20221201,05266,PASTUSA_SUPREMA,12.45,12.76,285.86,22.4,0.0,0.005535249164150461
20221201,05308,CRIOLLA,3.74,3.19,17.02,5.34,14.70588235294118,0.0003295667136844639
20221201,05308,PASTUSA_SUPREMA,3.74,3.51,29.95,8.53,6.149732620320869,0.0005799367259018621
20221201,05313,CRIOLLA,0.93,0.96,13.27,13.82,0.0,0.000256953601092411
20221201,05313,PASTUSA_SUPREMA,3.11,3.19,57.85,18.13,0.0,0.0011201782835867354
20221201,05318,PASTUSA_SUPREMA,9.34,9.57,214.4,22.4,0.0,0.004151533690596302
20221201,05376,PASTUSA_SUPREMA,5.6,5.74,73.51,12.81,0.0,0.0014234106417711481
20221201,05400,CRIOLLA,74.72,47.86,648.29,13.55,35.9475374732334,0.012553161269947185
20221201,05400,PASTUSA_SUPREMA,437.1,338.24,5410.94,16.0,22.61725005719515,0.104774718786358
20221201,05440,CRIOLLA,21.79,21.7,185.13,8.53,0.4130335016062414,0.0035847641424444653
20221201,05440,PASTUSA_SUPREMA,71.6,71.48,762.3,10.66,0.16759776536311444,0.014760793527712503
20221201,05541,PASTUSA_SUPREMA,15.57,1.91,40.84,21.38,87.73281952472705,0.0007908052048691836
20221201,05607,PASTUSA_SUPREMA,31.75,32.55,347.12,10.66,0.0,0.006721456971454236
20221201,05615,PASTUSA_SUPREMA,4.36,4.15,61.94,14.93,4.816513761467888,0.001199374985053801
20221201,05647,PASTUSA_SUPREMA,12.45,11.49,147.01,12.79,7.71084337349397,0.002846627648575384
20221201,05658,PASTUSA_SUPREMA,6.23,7.02,149.74,21.33,0.0,0.0028994899945423984
20221201,05664,CRIOLLA,26.15,26.8,314.45,11.73,0.0,0.0060888515345522715
20221201,05664,PASTUSA_SUPREMA,191.78,252.72,9029.13,35.73,0.0,0.1748355288795419
20221201,05674,PASTUSA_SUPREMA,342.46,319.09,8167.46,25.6,6.824154645798053,0.15815058468562346
20221201,05686,CRIOLLA,7.5,7.7,123.12,15.99,0.0,0.002384033712622279
20221201,05686,PASTUSA_SUPREMA,171.66,189.86,5467.09,28.8,0.0,0.10586197912556966
20221201,05697,CRIOLLA,46.7,44.67,571.72,12.8,4.346895074946467,0.011070498328300923
20221201,05697,PASTUSA_SUPREMA,59.15,57.44,1163.86,20.26,2.8909551986475046,0.022536399259036437
20221201,05756,CRIOLLA,58.53,95.73,1327.21,13.86,0.0,0.025699426443546256
20221201,05756,PASTUSA_SUPREMA,34.25,41.48,707.85,17.06,0.0,0.013706451132875896
20221201,05847,CRIOLLA,2.8,2.94,25.05,8.52,0.0,0.00048505559211491306
20221201,05847,PASTUSA_SUPREMA,3.11,3.19,102.09,32.0,0.0,0.0019768193772060467
20221201,05887,PASTUSA_SUPREMA,18.68,20.42,544.5,26.67,0.0,0.010543423948366075
20221201,15001,CRIOLLA,124.53,37.01,394.76,10.67,70.28025375411548,0.007643933953823676
20221201,15001,PASTUSA_SUPREMA,933.97,357.39,7622.96,21.33,61.73431694808185,0.14760716073725738
20221201,15022,PASTUSA_SUPREMA,0.0,2.87,27.57,9.61,0.0,0.0005338516037767726
20221201,15047,CRIOLLA,12.45,1.91,16.33,8.55,84.65863453815261,0.00031620590096752613
20221201,15047,PASTUSA_SUPREMA,62.26,4.47,57.17,12.79,92.82043045293929,0.0011070111058367098
20221201,15051,PASTUSA_SUPREMA,840.57,305.05,8133.43,26.66,63.70914974362635,0.15749164489322146
20221201,15087,CRIOLLA,26.15,26.8,571.72,21.33,0.0,0.011070498328300923
20221201,15087,PASTUSA_SUPREMA,186.79,191.46,3675.36,19.2,0.0,0.07116782119902064
20221201,15092,CRIOLLA,2.49,2.55,27.22,10.67,0.0,0.0005270743799348477
20221201,15092,PASTUSA_SUPREMA,8.72,27.44,439.0,16.0,0.0,0.008500575047442987
20221201,15104,PASTUSA_SUPREMA,130.76,108.49,2314.11,21.33,17.03120220250841,0.04480926132810545
20221201,15109,PASTUSA_SUPREMA,13.08,14.04,299.47,21.33,0.0,0.0057987863541178845
20221201,15131,CRIOLLA,56.04,57.44,796.33,13.86,0.0,0.01541973332011452
20221201,15131,PASTUSA_SUPREMA,62.26,51.06,1034.54,20.26,17.98907805974943,0.02003231186692863
20221201,15162,PASTUSA_SUPREMA,37.36,22.97,245.02,10.67,38.51713062098501,0.004744443959281278
20221201,15172,PASTUSA_SUPREMA,0.62,2.55,40.84,16.02,0.0,0.0007908052048691836
20221201,15176,CRIOLLA,37.36,31.91,544.5,17.06,14.587794432548174,0.010543423948366075
20221201,15176,PASTUSA_SUPREMA,217.93,204.22,5444.97,26.66,6.291010875051628,0.10543365857876001
20221201,15180,PASTUSA_SUPREMA,56.04,35.1,673.82,19.2,37.366167023554596,0.013047511340473881
20221201,15183,PASTUSA_SUPREMA,12.45,23.61,277.01,11.73,0.0,0.005363882218433216
20221201,15187,PASTUSA_SUPREMA,6.23,44.67,1095.8,24.53,0.0,0.021218519674232404
20221201,15189,PASTUSA_SUPREMA,174.34,191.46,3675.36,19.2,0.0,0.07116782119902064
20221201,15204,PASTUSA_SUPREMA,373.59,446.73,9528.7,21.33,0.0,0.18450895092157174
20221201,15215,PASTUSA_SUPREMA,2.49,2.11,51.66,24.48,15.26104417670684,0.0010003182390681202
20221201,15224,PASTUSA_SUPREMA,45.45,44.67,905.23,20.26,1.7161716171617214,0.017528418109787735
20221201,15226,CRIOLLA,1.87,1.28,9.53,7.45,31.550802139037437,0.00018453412346727032
20221201,15226,PASTUSA_SUPREMA,12.45,12.76,163.35,12.8,0.0,0.0031630271845098225
20221201,15232,CRIOLLA,12.45,10.85,115.71,10.66,12.851405622489953,0.002240550202140383
20221201,15232,PASTUSA_SUPREMA,435.85,395.68,8439.71,21.33,9.216473557416549,0.1634222966598065
20221201,15236,PASTUSA_SUPREMA,3.11,2.55,43.56,17.08,18.0064308681672,0.000843473915869286
20221201,15238,CRIOLLA,2.49,2.43,46.55,19.16,2.409638554216864,0.0009013707709760161
20221201,15238,PASTUSA_SUPREMA,15.57,15.16,323.3,21.33,2.633269107257552,0.0062602184802695165
20221201,15244,PASTUSA_SUPREMA,49.81,70.2,673.82,9.6,0.0,0.013047511340473881
20221201,15248,PASTUSA_SUPREMA,7.66,15.32,196.02,12.8,0.0,0.003795632621411787
20221201,15272,PASTUSA_SUPREMA,80.94,44.67,1191.09,26.66,44.810971089696075,0.023063667273938195
20221201,15276,PASTUSA_SUPREMA,0.0,28.72,459.42,16.0,0.0,0.00889597764987758
20221201,15293,PASTUSA_SUPREMA,58.53,62.54,933.81,14.93,0.0,0.018081826845222634
20221201,15296,PASTUSA_SUPREMA,105.85,102.11,1633.49,16.0,3.5333018422295637,0.031630078210131314
20221201,15299,PASTUSA_SUPREMA,2.49,2.55,19.06,7.47,0.0,0.00036906824693454064
20221201,15317,PASTUSA_SUPREMA,18.68,19.15,204.19,10.66,0.0,0.003953832389379006
20221201,15332,CRIOLLA,2.49,2.55,19.06,7.47,0.0,0.00036906824693454064
20221201,15332,PASTUSA_SUPREMA,11.21,14.04,149.74,10.67,0.0,0.0028994899945423984
20221201,15362,PASTUSA_SUPREMA,6.23,8.3,176.96,21.32,0.0,0.003426564374477246
20221201,15367,PASTUSA_SUPREMA,217.93,252.08,5108.07,20.26,0.0,0.09891009654348998
20221201,15368,PASTUSA_SUPREMA,124.53,178.69,2858.61,16.0,0.0,0.055352685276471525
20221201,15377,PASTUSA_SUPREMA,6.23,0.0,0.0,0.0,100.0,0.0
20221201,15403,CRIOLLA,2.49,0.96,18.38,19.15,61.44578313253013,0.00035590106918451504
20221201,15403,PASTUSA_SUPREMA,6.23,11.49,343.03,29.85,0.0,0.00664226026998717
20221201,15407,PASTUSA_SUPREMA,60.4,54.12,986.96,18.24,10.397350993377486,0.01911099669436066
20221201,15425,PASTUSA_SUPREMA,2.49,7.66,138.85,18.13,0.0,0.002688621515575077
20221201,15442,CRIOLLA,3.11,3.19,54.45,17.07,0.0,0.0010543423948366074
20221201,15442,PASTUSA_SUPREMA,4.36,4.47,76.23,17.05,0.0,0.0014760793527712503
20221201,15464,PASTUSA_SUPREMA,28.02,153.17,1960.19,12.8,0.0,0.03795613257915095
20221201,15466,CRIOLLA,6.23,6.38,68.06,10.67,0.0,0.0013178795848040313
20221201,15466,PASTUSA_SUPREMA,37.36,38.29,735.07,19.2,0.0,0.014233525512810744
20221201,15476,CRIOLLA,3.11,3.19,34.03,10.67,0.0,0.0006589397924020156
20221201,15476,PASTUSA_SUPREMA,373.59,351.0,6738.15,19.2,6.046735726330999,0.13047414522990425
20221201,15491,PASTUSA_SUPREMA,24.91,24.25,646.59,26.66,2.649538338016866,0.012520243325572122
20221201,15494,PASTUSA_SUPREMA,124.53,127.64,1905.74,14.93,0.0,0.036901790184314345
20221201,15500,PASTUSA_SUPREMA,47.32,48.5,1034.54,21.33,0.0,0.02003231186692863
20221201,15511,PASTUSA_SUPREMA,7.47,7.66,49.0,6.4,0.0,0.0009488113378694907
20221201,15516,PASTUSA_SUPREMA,10.58,52.33,697.64,13.33,0.0,0.0135087498316586
20221201,15518,CRIOLLA,0.62,0.64,4.76,7.44,0.0,9.217024425017909e-05
20221201,15522,PASTUSA_SUPREMA,6.85,7.02,172.2,24.53,0.0,0.003334394130227067
20221201,15531,CRIOLLA,6.23,6.38,47.64,7.47,0.0,0.0009224769823694395
20221201,15531,PASTUSA_SUPREMA,6.23,6.38,102.09,16.0,0.0,0.0019768193772060467
20221201,15537,PASTUSA_SUPREMA,9.34,3.19,40.84,12.8,65.8458244111349,0.0007908052048691836
20221201,15542,PASTUSA_SUPREMA,62.26,70.2,1871.71,26.66,0.0,0.03624285039191233
20221201,15599,CRIOLLA,9.34,9.57,153.14,16.0,0.0,0.0029653258832925264
20221201,15599,PASTUSA_SUPREMA,87.17,89.35,2001.03,22.4,0.0,0.038746937784020136
20221201,15600,PASTUSA_SUPREMA,168.11,156.36,2167.78,13.86,6.989471179584794,0.04197580085728009
20221201,15621,PASTUSA_SUPREMA,3.74,3.83,32.67,8.53,0.0,0.0006326054369019644
20221201,15632,CRIOLLA,429.63,261.66,2511.49,9.6,39.09643181342084,0.04863122830501729
20221201,15632,PASTUSA_SUPREMA,1245.29,1531.65,32669.84,21.33,0.0,0.6326023387424938
20221201,15646,PASTUSA_SUPREMA,498.12,459.5,12741.24,27.73,7.753151850959606,0.24671495858196466
20221201,15676,CRIOLLA,1.25,1.28,25.86,20.2,0.0,0.0005007400244347965
20221201,15676,PASTUSA_SUPREMA,12.45,12.76,340.31,26.67,0.0,0.006589591558987068
20221201,15693,CRIOLLA,15.57,15.64,228.45,14.61,0.0,0.0044235908191078595
20221201,15693,PASTUSA_SUPREMA,18.68,18.51,300.02,16.21,0.9100642398286785,0.005809436277298053
20221201,15696,PASTUSA_SUPREMA,21.79,22.34,381.15,17.06,0.0,0.007380396763856252
20221201,15723,PASTUSA_SUPREMA,1.87,5.11,98.01,19.18,0.0,0.0018978163107058934
20221201,15740,CRIOLLA,29.89,29.36,375.7,12.8,1.7731682837069274,0.007274865706889135
20221201,15740,PASTUSA_SUPREMA,2117.0,1627.38,34711.7,21.33,23.12801133679735,0.6721398880964162
20221201,15753,PASTUSA_SUPREMA,9.34,9.57,183.77,19.2,0.0,0.0035584297869444143
20221201,15755,CRIOLLA,1.87,5.11,66.1,12.94,0.0,0.0012799271312892515
20221201,15755,PASTUSA_SUPREMA,143.21,188.27,4015.67,21.33,0.0,0.0777574127580077
20221201,15757,PASTUSA_SUPREMA,9.34,15.95,289.26,18.14,0.0,0.005601085052900589
20221201,15759,CRIOLLA,1.25,1.28,10.89,8.51,0.0,0.0002108684789673215
20221201,15759,PASTUSA_SUPREMA,112.08,114.87,1470.14,12.8,0.0,0.028467051025621488
20221201,15761,PASTUSA_SUPREMA,12.45,3.83,53.09,13.86,69.23694779116465,0.0010280080393365563
20221201,15762,PASTUSA_SUPREMA,112.08,118.06,2518.3,21.33,0.0,0.048763093717484454
20221201,15763,PASTUSA_SUPREMA,34.25,299.95,8477.14,28.26,0.0,0.16414707234095866
20221201,15764,CRIOLLA,261.51,299.95,4798.38,16.0,0.0,0.09291341525318789
20221201,15764,PASTUSA_SUPREMA,342.46,159.55,4253.89,26.66,53.410617298370596,0.08237018493978872
20221201,15774,PASTUSA_SUPREMA,23.66,20.42,457.38,22.4,13.693998309382916,0.008856476116627503
20221201,15776,PASTUSA_SUPREMA,74.72,70.2,1197.89,17.06,6.049250535331896,0.02319533905143845
20221201,15790,CRIOLLA,3.11,3.19,47.64,14.93,0.0,0.0009224769823694395
20221201,15790,PASTUSA_SUPREMA,18.68,19.15,469.63,24.52,0.0,0.009093678951094876
20221201,15804,PASTUSA_SUPREMA,42.34,102.11,1960.19,19.2,0.0,0.03795613257915095
20221201,15806,PASTUSA_SUPREMA,15.57,14.04,374.34,26.66,9.826589595375735,0.007248531351389084
20221201,15808,CRIOLLA,1.25,1.28,10.89,8.51,0.0,0.0002108684789673215
20221201,15808,PASTUSA_SUPREMA,6.23,15.32,264.63,17.27,0.0,0.005124162129395986
20221201,15810,PASTUSA_SUPREMA,0.0,1.91,22.46,11.76,0.0,0.00043490413568466853
20221201,15814,PASTUSA_SUPREMA,622.65,1135.98,21807.12,19.2,0.0,0.4222620959649087
20221201,15816,PASTUSA_SUPREMA,0.0,2.55,38.11,14.95,0.0,0.0007379428589021691
20221201,15820,PASTUSA_SUPREMA,14.94,16.59,283.14,17.07,0.0,0.005482580453150358
20221201,15822,PASTUSA_SUPREMA,155.66,89.35,2001.03,22.4,42.599254786072215,0.038746937784020136
20221201,15835,PASTUSA_SUPREMA,124.53,159.55,3743.42,23.46,0.0,0.07248570078382466
20221201,15837,PASTUSA_SUPREMA,31.13,31.91,850.78,26.66,0.0,0.016474075714951127
20221201,15839,CRIOLLA,21.17,21.7,370.26,17.06,0.0,0.007169528284888931
20221201,15839,PASTUSA_SUPREMA,289.53,264.85,6214.08,23.46,8.524159845266455,0.12032631751893968
20221201,15842,CRIOLLA,3.11,3.19,40.84,12.8,0.0,0.0007908052048691836
20221201,15842,PASTUSA_SUPREMA,510.57,516.93,11026.07,21.33,0.0,0.21350326996209498
20221201,15861,CRIOLLA,49.81,46.59,794.97,17.06,6.464565348323625,0.015393398964614469
20221201,15861,PASTUSA_SUPREMA,1494.35,1123.21,35936.82,31.99,24.836216415163783,0.6958624951627564
20221201,15879,CRIOLLA,19.61,19.78,312.27,15.79,0.0,0.006046639111765425
20221201,15879,PASTUSA_SUPREMA,321.29,328.99,5297.99,16.1,0.0,0.10258761183508536
20221201,17001,PASTUSA_SUPREMA,93.4,28.72,398.16,13.86,69.25053533190578,0.007709769842573804
20221201,17013,PASTUSA_SUPREMA,12.45,12.13,38.8,3.2,2.570281124497975,0.0007513036716191068
20221201,17446,CRIOLLA,3.74,3.83,40.84,10.66,0.0,0.0007908052048691836
20221201,17446,PASTUSA_SUPREMA,6.23,6.38,136.12,21.34,0.0,0.0026357591696080625
20221201,17541,PASTUSA_SUPREMA,7.47,9.57,214.4,22.4,0.0,0.004151533690596302
20221201,17653,PASTUSA_SUPREMA,37.36,38.29,653.4,17.06,0.0,0.01265210873803929
20221201,17873,PASTUSA_SUPREMA,49.81,50.42,1182.92,23.46,0.0,0.022905467505970976
20221201,19022,PASTUSA_SUPREMA,62.26,76.58,816.75,10.67,0.0,0.01581513592254911
20221201,19100,CRIOLLA,0.0,10.21,130.68,12.8,0.0,0.0025304217476078577
20221201,19100,PASTUSA_SUPREMA,0.0,51.06,1088.99,21.33,0.0,0.021086654261765238
20221201,19355,PASTUSA_SUPREMA,0.0,1.15,12.25,10.65,0.0,0.00023720283446737267
20221201,19364,CRIOLLA,11.21,11.49,37.98,3.31,0.0,0.0007354256043323112
20221201,19397,PASTUSA_SUPREMA,22.42,22.34,161.99,7.25,0.3568242640499597,0.003136692829009771
20221201,19517,PASTUSA_SUPREMA,53.17,47.74,712.75,14.93,10.212525860447618,0.013801332266662846
20221201,19585,PASTUSA_SUPREMA,423.4,403.34,8603.06,21.33,4.737836561171472,0.16658532384431632
20221201,19622,PASTUSA_SUPREMA,1.25,1.28,13.61,10.63,0.0,0.00026353718996742384
20221201,19693,PASTUSA_SUPREMA,317.55,306.33,6533.97,21.33,3.5333018422295748,0.12652050647549215
20221201,19701,CRIOLLA,1.25,1.24,27.87,22.48,0.8000000000000007,0.0005396606527841368
20221201,19701,PASTUSA_SUPREMA,1.25,0.0,0.0,0.0,100.0,0.0
20221201,19743,PASTUSA_SUPREMA,77.83,82.96,2123.54,25.6,0.0,0.041119159763660776
20221201,19760,PASTUSA_SUPREMA,68.49,70.2,1497.37,21.33,0.0,0.02899431904052325
20221201,19821,CRIOLLA,3.74,3.19,30.63,9.6,14.70588235294118,0.0005931039036518877
20221201,19821,PASTUSA_SUPREMA,4.36,4.47,71.47,15.99,0.0,0.0013839091085210713
20221201,19824,CRIOLLA,48.57,95.73,2450.24,25.6,0.0,0.04744521413268042
20221201,19824,PASTUSA_SUPREMA,435.85,255.28,7622.96,29.86,41.429390845474366,0.14760716073725738
20221201,25019,PASTUSA_SUPREMA,3.11,4.47,95.29,21.32,0.0,0.001845147599705791
20221201,25053,PASTUSA_SUPREMA,13.7,4.47,71.47,15.99,67.37226277372264,0.0013839091085210713
20221201,25099,CRIOLLA,62.26,54.25,1041.35,19.2,12.86540314808866,0.020164177279395793
20221201,25099,PASTUSA_SUPREMA,80.94,188.27,3433.4,18.24,0.0,0.06648262953961447
20221201,25120,PASTUSA_SUPREMA,11.21,18.51,270.41,14.61,0.0,0.005236083140271203
20221201,25126,PASTUSA_SUPREMA,8.72,5.11,81.67,15.98,41.399082568807344,0.001581416774771455
20221201,25151,CRIOLLA,38.6,39.57,675.18,17.06,0.0,0.013073845695973932
20221201,25151,PASTUSA_SUPREMA,51.06,35.1,860.99,24.53,31.257344300822567,0.016671777016168423
20221201,25154,CRIOLLA,19.92,19.15,408.37,21.32,3.865461847389573,0.0079074711437911
20221201,25154,PASTUSA_SUPREMA,466.98,446.73,11910.88,26.66,4.336374148785815,0.23063628546944814
20221201,25175,PASTUSA_SUPREMA,15.57,26.8,571.72,21.33,0.0,0.011070498328300923
20221201,25178,PASTUSA_SUPREMA,21.79,20.42,653.4,32.0,6.287287746672776,0.01265210873803929
20221201,25181,CRIOLLA,49.81,31.91,476.44,14.93,35.936558923910866,0.009225544363562044
20221201,25181,PASTUSA_SUPREMA,12.45,9.57,142.93,14.94,23.13253012048192,0.0027676245820752307
20221201,25183,CRIOLLA,6.23,6.38,129.32,20.27,0.0,0.0025040873921078066
20221201,25183,PASTUSA_SUPREMA,311.32,319.09,10209.32,32.0,0.0,0.19768813403954588
20221201,25200,PASTUSA_SUPREMA,249.06,255.28,5172.72,20.26,0.0,0.10016194660457697
20221201,25214,PASTUSA_SUPREMA,3.74,3.83,106.18,27.72,0.0,0.0020560160786731126
20221201,25224,CRIOLLA,3.74,3.83,89.84,23.46,0.0,0.0017396165427386741
20221201,25224,PASTUSA_SUPREMA,62.26,57.44,2143.96,37.33,7.74172823642788,0.04151456236609537
20221201,25260,CRIOLLA,171.23,172.31,3124.05,18.13,0.0,0.06049253183818739
20221201,25260,PASTUSA_SUPREMA,261.51,274.42,7024.02,25.6,0.0,0.13600958802902163
20221201,25269,CRIOLLA,61.02,62.54,1334.02,21.33,0.0,0.025831291856013426
20221201,25269,PASTUSA_SUPREMA,205.47,446.73,9528.7,21.33,0.0,0.18450895092157174
20221201,25281,CRIOLLA,155.66,57.44,857.58,14.93,63.099062058332265,0.016605747492451382
20221201,25281,PASTUSA_SUPREMA,186.79,86.16,1929.56,22.4,53.87333369024038,0.037363028675499066
20221201,25286,PASTUSA_SUPREMA,87.17,82.96,2654.42,32.0,4.829643225880476,0.05139885288709251
20221201,25288,CRIOLLA,5.6,5.11,98.01,19.18,8.749999999999991,0.0018978163107058934
20221201,25288,PASTUSA_SUPREMA,74.72,70.2,1497.37,21.33,6.049250535331896,0.02899431904052325
20221201,25293,PASTUSA_SUPREMA,1.25,0.0,0.0,0.0,100.0,0.0
20221201,25295,PASTUSA_SUPREMA,6.23,3.19,74.87,23.47,48.79614767255217,0.0014497449972711992
20221201,25297,PASTUSA_SUPREMA,9.34,3.83,73.51,19.19,58.99357601713062,0.0014234106417711481
20221201,25299,PASTUSA_SUPREMA,3.74,3.19,78.27,24.54,14.70588235294118,0.0015155808860213271
20221201,25312,CRIOLLA,11.83,12.13,193.98,15.99,0.0,0.00375613108816171
20221201,25312,PASTUSA_SUPREMA,38.6,39.57,843.97,21.33,0.0,0.016342210302483957
20221201,25317,CRIOLLA,10.58,10.85,185.13,17.06,0.0,0.0035847641424444653
20221201,25317,PASTUSA_SUPREMA,168.11,212.52,4532.94,21.33,0.0,0.08777356869147201
20221201,25322,CRIOLLA,8.72,8.93,133.4,14.94,0.0,0.0025830904586079603
20221201,25322,PASTUSA_SUPREMA,69.74,71.48,1067.21,14.93,0.0,0.020664917303830594
20221201,25326,CRIOLLA,31.13,31.91,952.87,29.86,0.0,0.018450895092157173
20221201,25326,PASTUSA_SUPREMA,622.65,638.19,23141.14,36.26,0.0,0.4480933878209221
20221201,25339,PASTUSA_SUPREMA,36.11,36.38,775.91,21.33,0.0,0.015024330717679928
20221201,25372,PASTUSA_SUPREMA,21.79,19.15,306.28,15.99,12.115649380449756,0.005930651766585053
20221201,25377,CRIOLLA,61.02,38.93,892.64,22.93,36.2012454932809,0.01728463168644535
20221201,25377,PASTUSA_SUPREMA,507.46,306.33,9800.95,31.99,39.634651006975915,0.18978066289575476
20221201,25407,CRIOLLA,15.57,17.87,262.99,14.72,0.0,0.005092405994822395
20221201,25407,PASTUSA_SUPREMA,280.19,287.18,4085.77,14.23,0.0,0.07911479387606181
20221201,25426,CRIOLLA,13.7,22.34,333.5,14.93,0.0,0.006457726146519901
20221201,25426,PASTUSA_SUPREMA,118.3,185.07,3355.46,18.13,0.0,0.06497343860750124
20221201,25430,PASTUSA_SUPREMA,336.23,334.28,7843.21,23.46,0.5799601463284176,0.1518719708834973
20221201,25436,PASTUSA_SUPREMA,16.19,16.59,318.53,19.2,0.0,0.006167854601052425
20221201,25473,PASTUSA_SUPREMA,124.53,159.55,3573.26,22.4,0.0,0.06919080818684767
20221201,25486,CRIOLLA,1.87,1.91,40.84,21.38,0.0,0.0007908052048691836
20221201,25513,CRIOLLA,130.76,121.26,1810.45,14.93,7.265218721321498,0.035056642584608555
20221201,25513,PASTUSA_SUPREMA,74.72,70.2,1572.24,22.4,6.049250535331896,0.030444064037794448
20221201,25535,PASTUSA_SUPREMA,591.51,668.18,12470.69,18.66,0.0,0.2414761645521567
20221201,25594,CRIOLLA,7.47,63.82,1088.99,17.06,0.0,0.021086654261765238
20221201,25594,PASTUSA_SUPREMA,12.45,11.49,196.02,17.06,7.71084337349397,0.003795632621411787
20221201,25649,PASTUSA_SUPREMA,6.23,6.38,136.12,21.34,0.0,0.0026357591696080625
20221201,25653,CRIOLLA,17.43,16.59,283.14,17.07,4.81927710843374,0.005482580453150358
20221201,25653,PASTUSA_SUPREMA,622.65,574.37,12251.19,21.33,7.7539548703123735,0.2372258770284352
20221201,25736,CRIOLLA,18.68,12.76,245.02,19.2,31.6916488222698,0.004744443959281278
20221201,25736,PASTUSA_SUPREMA,616.42,625.42,22011.3,35.19,0.0,0.4262157347193208
20221201,25740,CRIOLLA,322.53,330.58,7756.36,23.46,0.0,0.15019025119586535
20221201,25740,PASTUSA_SUPREMA,429.0,574.37,14395.15,25.06,0.0,0.2787404393945306
20221201,25745,PASTUSA_SUPREMA,43.59,25.53,680.62,26.66,41.43152099105299,0.013179183117974136
20221201,25754,CRIOLLA,24.91,24.89,530.88,21.33,0.08028904054596664,0.010279693123431738
20221201,25754,PASTUSA_SUPREMA,292.64,293.57,6887.89,23.46,0.0,0.13337363522444665
20221201,25758,PASTUSA_SUPREMA,15.57,15.95,561.51,35.2,0.0,0.010872797027083625
20221201,25769,CRIOLLA,49.81,51.06,980.1,19.2,0.0,0.018978163107058934
20221201,25769,PASTUSA_SUPREMA,136.98,114.87,3246.57,28.26,16.141042487954437,0.06286494745279494
20221201,25772,CRIOLLA,3.74,3.83,81.67,21.32,0.0,0.001581416774771455
20221201,25772,PASTUSA_SUPREMA,498.12,382.91,8167.46,21.33,23.128964908054282,0.15815058468562346
20221201,25779,CRIOLLA,24.91,25.53,435.6,17.06,0.0,0.00843473915869286
20221201,25779,PASTUSA_SUPREMA,124.53,102.11,2286.89,22.4,18.00369388902273,0.0442821869481706
20221201,25781,PASTUSA_SUPREMA,74.72,0.0,0.0,0.0,100.0,0.0
20221201,25785,CRIOLLA,6.85,4.47,81.95,18.33,34.74452554744526,0.001586838553844995
20221201,25785,PASTUSA_SUPREMA,60.4,40.21,814.7,20.26,33.42715231788079,0.015775440754332123
20221201,25793,CRIOLLA,59.15,59.35,886.17,14.93,0.0,0.017159349862853192
20221201,25793,PASTUSA_SUPREMA,4719.66,4773.65,96729.95,20.26,0.0,1.8730300667663047
20221201,25799,CRIOLLA,3.11,3.19,78.27,24.54,0.0,0.0015155808860213271
20221201,25799,PASTUSA_SUPREMA,62.26,95.73,3062.8,31.99,0.0,0.05930651766585053
20221201,25807,PASTUSA_SUPREMA,186.79,191.46,2041.86,10.66,0.0,0.03953754935392241
20221201,25817,PASTUSA_SUPREMA,9.34,8.3,185.81,22.39,11.134903640256955,0.0035979313201944907
20221201,25841,CRIOLLA,95.26,62.54,1334.02,21.33,34.34809993701449,0.025831291856013426
20221201,25841,PASTUSA_SUPREMA,323.78,245.7,5240.79,21.33,24.11513990981531,0.10148001982434791
20221201,25843,CRIOLLA,9.34,7.02,104.82,14.93,24.839400428265524,0.0020296817231730616
20221201,25843,PASTUSA_SUPREMA,299.49,302.5,5807.06,19.2,0.0,0.11244498709568172
20221201,25845,CRIOLLA,186.79,140.4,2695.26,19.2,24.83537662615771,0.0521896580919617
20221201,25845,PASTUSA_SUPREMA,519.29,159.55,4253.89,26.66,69.27535673708331,0.08237018493978872
20221201,25873,CRIOLLA,11.21,11.49,171.52,14.93,0.0,0.0033212269524770413
20221201,25873,PASTUSA_SUPREMA,3362.29,4441.79,118428.16,26.66,0.0,2.2931832843065734
20221201,25898,CRIOLLA,56.04,57.44,1163.86,20.26,0.0,0.022536399259036437
20221201,25898,PASTUSA_SUPREMA,74.72,76.58,1960.19,25.6,0.0,0.03795613257915095
20221201,25899,CRIOLLA,74.72,70.2,898.42,12.8,6.049250535331896,0.017396552697320565
20221201,25899,PASTUSA_SUPREMA,684.91,574.37,12251.19,21.33,16.13934677548875,0.2372258770284352
20221201,41001,PASTUSA_SUPREMA,1.87,1.91,14.29,7.48,0.0,0.0002767043677174494
20221201,41020,PASTUSA_SUPREMA,0.62,0.64,0.68,1.06,0.0,1.3167177750025585e-05
20221201,41206,PASTUSA_SUPREMA,2.49,2.55,13.61,5.34,0.0,0.00026353718996742384
20221201,41359,PASTUSA_SUPREMA,0.93,1.28,6.81,5.32,0.0,0.00013186541246716798
20221201,41396,PASTUSA_SUPREMA,1.87,5.11,38.11,7.46,0.0,0.0007379428589021691
20221201,41668,PASTUSA_SUPREMA,2.18,1.6,8.51,5.32,26.60550458715596,0.00016478335684223195
20221201,52001,CRIOLLA,68.49,70.2,1347.63,19.2,0.0,0.02609482904598085
20221201,52001,PASTUSA_SUPREMA,2926.44,3146.27,83886.62,26.66,0.0,1.624338288807134
20221201,52022,PASTUSA_SUPREMA,136.98,127.64,2041.86,16.0,6.818513651627967,0.03953754935392241
20221201,52036,CRIOLLA,0.93,0.96,10.21,10.64,0.0,0.0001977013012172959
20221201,52036,PASTUSA_SUPREMA,12.45,12.76,204.19,16.0,0.0,0.003953832389379006
20221201,52083,PASTUSA_SUPREMA,4.98,3.83,28.59,7.46,23.092369477911657,0.0005536023704018109
20221201,52110,PASTUSA_SUPREMA,12.45,37.01,315.81,8.53,0.0,0.006115185890052323
20221201,52210,PASTUSA_SUPREMA,311.32,319.09,6806.22,21.33,0.0,0.1317922184496752
20221201,52215,CRIOLLA,43.59,44.67,571.72,12.8,0.0,0.011070498328300923
20221201,52215,PASTUSA_SUPREMA,217.93,223.37,4764.35,21.33,0.0,0.09225447546078587
20221201,52224,CRIOLLA,28.02,27.44,439.0,16.0,2.0699500356887834,0.008500575047442987
20221201,52224,PASTUSA_SUPREMA,249.06,229.75,5635.55,24.53,7.753151850959606,0.10912395377817159
20221201,52227,CRIOLLA,76.59,40.84,435.6,10.67,46.6771118945032,0.00843473915869286
20221201,52227,PASTUSA_SUPREMA,349.3,291.65,6842.97,23.46,16.50443744632122,0.1325038269530773
20221201,52240,PASTUSA_SUPREMA,0.62,2.55,49.0,19.22,0.0,0.0009488113378694907
20221201,52258,PASTUSA_SUPREMA,2.49,4.15,53.09,12.79,0.0,0.0010280080393365563
20221201,52260,PASTUSA_SUPREMA,4.98,3.19,64.66,20.27,35.94377510040161,0.0012520436960539033
20221201,52287,PASTUSA_SUPREMA,24.91,44.67,524.08,11.73,0.0,0.010148021345931483
20221201,52317,CRIOLLA,12.45,12.13,232.77,19.19,2.570281124497975,0.004507241124813904
20221201,52317,PASTUSA_SUPREMA,280.19,272.51,6393.76,23.46,2.7409971804846722,0.12380555060441703
20221201,52320,CRIOLLA,7.47,7.02,119.79,17.06,6.024096385542165,0.0023195532686405363
20221201,52320,PASTUSA_SUPREMA,93.4,95.73,2450.24,25.6,0.0,0.04744521413268042
20221201,52323,CRIOLLA,9.34,9.57,81.67,8.53,0.0,0.001581416774771455
20221201,52323,PASTUSA_SUPREMA,311.32,319.09,6465.91,20.26,0.0,0.12520262689068812
20221201,52352,CRIOLLA,49.81,51.06,544.5,10.66,0.0,0.010543423948366075
20221201,52352,PASTUSA_SUPREMA,80.94,82.96,1769.62,21.33,0.0,0.03426603101470629
20221201,52354,CRIOLLA,18.68,17.87,247.75,13.86,4.336188436830824,0.004797306305248292
20221201,52354,PASTUSA_SUPREMA,249.06,209.33,4688.12,22.4,15.951979442704566,0.09077839610801462
20221201,52356,CRIOLLA,43.59,41.48,398.16,9.6,4.8405597614131874,0.007709769842573804
20221201,52356,PASTUSA_SUPREMA,529.25,271.23,5206.76,19.2,48.75200755786489,0.1008210800319459
20221201,52378,PASTUSA_SUPREMA,46.7,47.86,1020.93,21.33,0.0,0.019768774676961205
20221201,52381,CRIOLLA,1.56,1.28,6.81,5.32,17.948717948717952,0.00013186541246716798
20221201,52381,PASTUSA_SUPREMA,3.11,3.19,51.05,16.0,0.0,0.0009885065060864795
20221201,52385,PASTUSA_SUPREMA,1.37,1.4,7.19,5.14,0.0,0.00013922354120982934
20221201,52418,PASTUSA_SUPREMA,0.0,2.55,24.5,9.61,0.0,0.00047440566893474533
20221201,52435,PASTUSA_SUPREMA,12.45,12.76,136.12,10.67,0.0,0.0026357591696080625
20221201,52480,CRIOLLA,4.98,4.79,51.05,10.66,3.81526104417671,0.0009885065060864795
20221201,52480,PASTUSA_SUPREMA,9.34,6.38,88.48,13.87,31.6916488222698,0.001713282187238623
20221201,52506,PASTUSA_SUPREMA,579.06,0.0,0.0,0.0,100.0,0.0
20221201,52560,CRIOLLA,448.31,179.33,2677.57,14.93,59.998661640382764,0.05184711783549412
20221201,52560,PASTUSA_SUPREMA,1718.5,1786.93,49549.25,27.73,0.0,0.9594467384271399
20221201,52565,PASTUSA_SUPREMA,6.23,5.11,54.45,10.66,17.97752808988764,0.0010543423948366074
20221201,52573,CRIOLLA,43.59,38.29,367.54,9.6,12.158752007341144,0.0071168595738888285
20221201,52573,PASTUSA_SUPREMA,93.4,82.96,1504.17,18.13,11.177730192719492,0.029125990818023504
20221201,52585,CRIOLLA,41.72,14.04,269.53,19.2,66.3470757430489,0.005219043263182935
20221201,52585,PASTUSA_SUPREMA,933.97,1308.29,37672.41,28.8,0.0,0.7294695863850608
20221201,52678,PASTUSA_SUPREMA,25.03,24.57,445.47,18.13,1.8377946464242956,0.008625856871035143
20221201,52683,PASTUSA_SUPREMA,2.49,7.66,163.35,21.33,0.0,0.0031630271845098225
20221201,52685,PASTUSA_SUPREMA,6.23,6.38,81.67,12.8,0.0,0.001581416774771455
20221201,52699,PASTUSA_SUPREMA,8.72,6.38,102.09,16.0,26.834862385321113,0.0019768193772060467
20221201,52720,CRIOLLA,5.6,5.74,61.26,10.67,0.0,0.0011862078073037754
20221201,52720,PASTUSA_SUPREMA,435.85,191.46,4492.1,23.46,56.07204313410576,0.08698276348660283
20221201,52788,PASTUSA_SUPREMA,242.83,268.04,5717.22,21.33,0.0,0.11070537055294305
20221201,52838,CRIOLLA,256.72,263.13,4770.55,18.13,0.0,0.0923745291402714
20221201,52838,PASTUSA_SUPREMA,2001.81,2042.2,54449.73,26.66,0.0,1.0543371666925008
20221201,52885,PASTUSA_SUPREMA,155.66,159.55,3403.11,21.33,0.0,0.0658961092248376
20221201,54125,CRIOLLA,31.13,44.04,939.26,21.33,0.0,0.01818735790218975
20221201,54125,PASTUSA_SUPREMA,34.25,44.67,1048.16,23.46,0.0,0.020296042691862966
20221201,54174,CRIOLLA,43.59,31.91,503.66,15.78,26.79513649919707,0.00975261874349689
20221201,54174,PASTUSA_SUPREMA,348.68,306.33,4083.73,13.33,12.145807043707702,0.07907529234281173
20221201,54347,CRIOLLA,0.93,0.96,14.8,15.42,0.0,0.0002865797510299686
20221201,54347,PASTUSA_SUPREMA,1.56,1.6,27.22,17.01,0.0,0.0005270743799348477
20221201,54377,CRIOLLA,2.49,2.55,40.84,16.02,0.0,0.0007908052048691836
20221201,54377,PASTUSA_SUPREMA,3.74,3.83,61.26,15.99,0.0,0.0011862078073037754
20221201,54480,CRIOLLA,56.04,57.44,1470.14,25.59,0.0,0.028467051025621488
20221201,54480,PASTUSA_SUPREMA,31.13,35.1,823.55,23.46,0.0,0.015946807700049366
20221201,54518,CRIOLLA,54.79,54.88,760.93,13.87,0.0,0.014734265537245541
20221201,54518,PASTUSA_SUPREMA,87.17,100.2,1602.86,16.0,0.0,0.031036974306479424
20221201,54743,CRIOLLA,140.1,145.51,3103.63,21.33,0.0,0.0600971292357528
20221201,54743,PASTUSA_SUPREMA,323.78,561.61,11978.94,21.33,0.0,0.23195416505425215
20221201,68020,PASTUSA_SUPREMA,56.04,51.06,980.1,19.2,8.886509635974294,0.018978163107058934
20221201,68101,PASTUSA_SUPREMA,14.94,20.42,479.16,23.47,0.0,0.009278213074562145
20221201,68132,CRIOLLA,1.25,1.28,12.25,9.57,0.0,0.00023720283446737267
20221201,68152,PASTUSA_SUPREMA,0.0,156.99,2678.93,17.06,0.0,0.05187345219099417
20221201,68162,PASTUSA_SUPREMA,124.53,114.87,2450.24,21.33,7.757166947723437,0.04744521413268042
20221201,68207,CRIOLLA,7.47,7.66,106.18,13.86,0.0,0.0020560160786731126
20221201,68207,PASTUSA_SUPREMA,24.91,25.53,626.17,24.53,0.0,0.012124840723137529
20221201,68245,CRIOLLA,1.87,1.91,3.68,1.93,0.0,7.125766782366787e-05
20221201,68245,PASTUSA_SUPREMA,1.25,1.28,4.08,3.19,0.0,7.90030665001535e-05
20221201,68264,PASTUSA_SUPREMA,16.19,16.59,106.18,6.4,0.0,0.0020560160786731126
20221201,68298,PASTUSA_SUPREMA,6.23,9.57,79.63,8.32,0.0,0.0015419152415213782
20221201,68318,CRIOLLA,18.68,18.89,362.64,19.2,0.0,0.007021978440101879
20221201,68318,PASTUSA_SUPREMA,133.87,175.5,4117.76,23.46,0.0,0.07973423213521375
20221201,68368,CRIOLLA,1.25,1.28,20.83,16.27,0.0,0.0004033416360779896
20221201,68377,PASTUSA_SUPREMA,1.87,1.91,55.13,28.86,0.0,0.001067509572586633
20221201,68432,CRIOLLA,0.62,0.64,15.65,24.45,0.0,0.0003030387232175006
20221201,68468,PASTUSA_SUPREMA,5.6,11.49,220.52,19.19,0.0,0.004270038290346532
20221201,68502,PASTUSA_SUPREMA,46.7,82.96,1459.93,17.6,0.0,0.028269349724404192
20221201,68572,PASTUSA_SUPREMA,15.57,22.34,357.33,16.0,0.0,0.006919158272671532
20221201,68669,PASTUSA_SUPREMA,12.45,19.15,306.28,15.99,0.0,0.005930651766585053
20221201,68682,CRIOLLA,1.25,1.91,12.25,6.41,0.0,0.00023720283446737267
20221201,68682,PASTUSA_SUPREMA,0.0,1.91,16.33,8.55,0.0,0.00031620590096752613
20221201,68773,PASTUSA_SUPREMA,0.25,0.19,3.06,16.11,24.0,5.925229987511513e-05
20221201,68820,PASTUSA_SUPREMA,93.4,159.55,4594.2,28.79,0.0,0.08895977649877579
20221201,68867,CRIOLLA,0.31,0.96,12.76,13.29,0.0,0.00024707821777989185
20221201,68867,PASTUSA_SUPREMA,1.87,1.91,40.84,21.38,0.0,0.0007908052048691836
20221201,73043,PASTUSA_SUPREMA,69.74,64.46,1099.88,17.06,7.57097791798107,0.021297522740732558
20221201,73124,CRIOLLA,6.23,6.38,78.27,12.27,0.0,0.0015155808860213271
20221201,73124,PASTUSA_SUPREMA,8.09,8.3,119.45,14.39,0.0,0.0023129696797655236
20221201,73152,PASTUSA_SUPREMA,74.72,63.82,1259.15,19.73,14.587794432548174,0.024381546858742227
20221201,73347,PASTUSA_SUPREMA,97.13,99.56,1486.48,14.93,0.0,0.028783450561555925
20221201,73461,CRIOLLA,9.34,9.57,142.93,14.94,0.0,0.0027676245820752307
20221201,73461,PASTUSA_SUPREMA,99.62,89.35,2572.75,28.79,10.30917486448505,0.04981743611232106
20221201,73622,CRIOLLA,37.36,38.29,816.75,21.33,0.0,0.01581513592254911
20221201,73622,PASTUSA_SUPREMA,31.13,31.91,612.56,19.2,0.0,0.011861303533170105
20221201,73686,PASTUSA_SUPREMA,74.72,63.82,816.75,12.8,14.587794432548174,0.01581513592254911
20221201,73870,PASTUSA_SUPREMA,12.45,7.66,49.0,6.4,38.47389558232931,0.0009488113378694907
20221201,76111,PASTUSA_SUPREMA,6.85,4.47,80.99,18.12,34.74452554744526,0.0015682495970214295
20221201,76736,PASTUSA_SUPREMA,7.47,19.78,232.09,11.73,0.0,0.004494073947063879
20221201,76834,PASTUSA_SUPREMA,140.1,159.55,2892.64,18.13,0.0,0.056011625068873534
20221201,86755,PASTUSA_SUPREMA,0.0,1.28,2.72,2.12,0.0,5.266871100010234e-05
20230601,05001,PASTUSA_SUPREMA,23.99,0.0,0.0,0.0,100.0,0.0
20230601,05002,PASTUSA_SUPREMA,51.4,52.07,586.14,11.26,0.0,0.011246603727719367
20230601,05004,CRIOLLA,1.71,0.61,2.07,3.39,64.32748538011697,3.971827501344233e-05
20230601,05004,PASTUSA_SUPREMA,1.14,0.31,1.03,3.32,72.80701754385966,1.9763199644369857e-05
20230601,05079,PASTUSA_SUPREMA,11.42,7.96,67.23,8.45,30.297723292469346,0.001289980497175714
20230601,05086,PASTUSA_SUPREMA,239.88,128.64,2027.34,15.76,46.37318659329666,0.038899733171860955
20230601,05088,PASTUSA_SUPREMA,128.51,137.83,2792.77,20.26,0.0,0.053586476767773596
20230601,05093,CRIOLLA,2.28,0.0,0.0,0.0,100.0,0.0
20230601,05148,CRIOLLA,199.9,275.66,3413.39,12.38,0.0,0.06549466799426759
20230601,05148,PASTUSA_SUPREMA,142.79,110.26,2234.22,20.26,22.781707402479157,0.04286925816450876
20230601,05206,PASTUSA_SUPREMA,22.85,20.83,351.68,16.88,8.840262582056901,0.006747885486341739
20230601,05237,CRIOLLA,0.86,0.8,8.96,11.2,6.976744186046502,0.00017192064933354748
20230601,05237,PASTUSA_SUPREMA,26.27,33.69,948.16,28.14,0.0,0.018192888713403615
20230601,05264,PASTUSA_SUPREMA,274.15,343.04,11584.83,33.77,0.0,0.22228476518066528
20230601,05266,PASTUSA_SUPREMA,7.25,11.64,206.88,17.77,0.0,0.003969524992647802
20230601,05308,CRIOLLA,2.74,2.76,15.52,5.62,0.0,0.0002977911247384662
20230601,05308,PASTUSA_SUPREMA,2.86,2.94,26.48,9.01,0.0,0.0005080869190125377
20230601,05313,CRIOLLA,0.86,0.92,13.45,14.62,0.0,0.0002580728497250239
20230601,05313,PASTUSA_SUPREMA,2.86,3.06,60.34,19.72,0.0,0.0011577781228556089
20230601,05318,PASTUSA_SUPREMA,3.43,3.68,37.24,10.12,0.0,0.0007145451987925568
20230601,05376,PASTUSA_SUPREMA,11.42,5.51,99.3,18.02,51.75131348511384,0.0019053259462970163
20230601,05400,CRIOLLA,65.68,71.55,1022.88,14.3,0.0,0.019626584128381593
20230601,05400,PASTUSA_SUPREMA,479.2,486.84,8768.61,18.01,0.0,0.16824833983846404
20230601,05440,PASTUSA_SUPREMA,97.1,103.52,932.3,9.01,0.0,0.01788857381402526
20230601,05541,PASTUSA_SUPREMA,10.28,21.44,362.03,16.89,0.0,0.006946476861408951
20230601,05607,PASTUSA_SUPREMA,28.56,30.63,344.79,11.26,0.0,0.006615683112021634
20230601,05615,PASTUSA_SUPREMA,4.0,3.06,46.55,15.21,23.5,0.0008931814984906959
20230601,05647,PASTUSA_SUPREMA,1.14,1.23,13.79,11.21,0.0,0.00026459662436491293
20230601,05658,PASTUSA_SUPREMA,21.7,6.13,172.39,28.12,71.75115207373271,0.0033077456181484655
20230601,05664,CRIOLLA,27.42,25.73,289.62,11.26,6.163384390955507,0.00555710473883728
20230601,05664,PASTUSA_SUPREMA,233.6,188.67,8495.54,45.03,19.233732876712327,0.1630087894240096
20230601,05674,PASTUSA_SUPREMA,314.13,336.91,8343.83,24.77,0.0,0.16009784280454617
20230601,05686,CRIOLLA,46.89,3.98,67.23,16.89,91.51204947750054,0.001289980497175714
20230601,05686,PASTUSA_SUPREMA,185.85,30.63,1206.75,39.4,83.51896690879742,0.023154603078488666
20230601,05697,CRIOLLA,35.98,38.29,517.18,13.51,0.0,0.009923428730170098
20230601,05697,PASTUSA_SUPREMA,31.41,31.24,633.03,20.26,0.541228907991087,0.012146309000849951
20230601,05756,CRIOLLA,85.67,57.58,842.66,14.63,32.78860744718105,0.016168599817790973
20230601,05756,PASTUSA_SUPREMA,39.98,33.69,606.82,18.01,15.732866433216607,0.011643402726404385
20230601,05847,CRIOLLA,4.57,7.72,104.26,13.51,0.0,0.0020004963057495156
20230601,05847,PASTUSA_SUPREMA,2.86,3.06,62.06,20.28,0.0,0.0011907807475044596
20230601,05887,PASTUSA_SUPREMA,31.41,18.38,455.12,24.76,41.48360394778733,0.00873264798266564
20230601,15001,CRIOLLA,171.35,165.39,1861.85,11.26,3.4782608695652195,0.035724381803757296
20230601,15001,PASTUSA_SUPREMA,1599.23,1396.66,31444.53,22.51,12.666720859413594,0.6033441981683275
20230601,15022,CRIOLLA,1.14,1.23,7.45,6.06,0.0,0.00014294741490345189
20230601,15022,PASTUSA_SUPREMA,2.86,0.0,0.0,0.0,100.0,0.0
20230601,15047,CRIOLLA,1.71,7.35,57.92,7.88,0.0,0.0011113441974775749
20230601,15047,PASTUSA_SUPREMA,4.0,39.82,806.8,20.26,0.0,0.01548053346900738
20230601,15051,PASTUSA_SUPREMA,708.23,823.91,23186.89,28.14,0.0,0.4449001322349932
20230601,15087,CRIOLLA,22.85,24.5,331.0,13.51,0.0,0.006351086487656721
20230601,15087,PASTUSA_SUPREMA,159.92,174.58,3537.51,20.26,0.0,0.06787622948927652
20230601,15092,CRIOLLA,4.0,4.29,48.27,11.25,0.0,0.0009261841231395466
20230601,15092,PASTUSA_SUPREMA,25.13,7.96,143.43,18.02,68.32471150019896,0.0027520735194096783
20230601,15104,PASTUSA_SUPREMA,97.1,30.63,689.57,22.51,68.4552008238929,0.013231174348318565
20230601,15109,CRIOLLA,1.14,1.23,13.79,11.21,0.0,0.00026459662436491293
20230601,15109,PASTUSA_SUPREMA,11.42,11.03,248.25,22.51,3.4150612959719884,0.00476331486574254
20230601,15114,PASTUSA_SUPREMA,2.86,3.06,30.0,9.8,0.0,0.0005756271741078599
20230601,15131,CRIOLLA,68.54,73.51,1075.73,14.63,0.0,0.020640647333434937
20230601,15131,PASTUSA_SUPREMA,51.4,61.26,1241.23,20.26,0.0,0.023816190577263297
20230601,15162,PASTUSA_SUPREMA,31.41,34.3,463.39,13.51,0.0,0.008891329206994706
20230601,15172,PASTUSA_SUPREMA,2.28,0.61,10.34,16.95,73.24561403508771,0.00019839949934250906
20230601,15176,CRIOLLA,28.56,30.63,551.66,18.01,0.0,0.010585016228944734
20230601,15176,PASTUSA_SUPREMA,171.35,110.26,3103.08,28.14,35.65217391304347,0.0595405723810206
20230601,15180,PASTUSA_SUPREMA,28.56,52.07,1055.05,20.26,0.0,0.02024384833474992
20230601,15183,PASTUSA_SUPREMA,19.99,18.38,310.31,16.88,8.054027013506747,0.0059540956132470004
20230601,15187,PASTUSA_SUPREMA,68.54,5.51,161.36,29.28,91.96089874525825,0.003096106693801476
20230601,15189,PASTUSA_SUPREMA,142.79,171.52,3861.61,22.51,0.0,0.07409492172688843
20230601,15204,PASTUSA_SUPREMA,342.69,245.03,5516.58,22.51,28.49805947065861,0.10584977853799793
20230601,15215,CRIOLLA,0.29,0.31,4.48,14.45,0.0,8.596032466677374e-05
20230601,15215,PASTUSA_SUPREMA,1.14,1.59,35.86,22.55,0.0,0.0006880663487835952
20230601,15224,PASTUSA_SUPREMA,62.83,81.47,1834.26,22.51,0.0,0.03519499667930277
20230601,15226,CRIOLLA,1.14,1.84,14.48,7.87,0.0,0.0002778360493693937
20230601,15226,PASTUSA_SUPREMA,11.99,12.25,165.5,13.51,0.0,0.0031755432438283606
20230601,15232,CRIOLLA,11.42,11.03,124.12,11.25,3.4150612959719884,0.002381561495008919
20230601,15232,PASTUSA_SUPREMA,371.25,110.26,2482.46,22.51,70.3003367003367,0.047632381154526594
20230601,15236,PASTUSA_SUPREMA,0.11,1.23,22.07,17.94,0.0,0.00042346972441868226
20230601,15238,CRIOLLA,2.28,2.45,49.65,20.27,0.0,0.0009526629731485081
20230601,15238,PASTUSA_SUPREMA,22.85,15.31,344.79,22.52,32.99781181619256,0.006615683112021634
20230601,15244,PASTUSA_SUPREMA,114.23,45.94,620.62,13.51,59.782894160903446,0.011908191226494001
20230601,15248,PASTUSA_SUPREMA,7.03,7.53,67.85,9.01,0.0,0.0013018767921072765
20230601,15272,PASTUSA_SUPREMA,57.12,76.57,1723.93,22.51,0.0,0.033078031808658766
20230601,15276,PASTUSA_SUPREMA,28.56,0.0,0.0,0.0,100.0,0.0
20230601,15293,PASTUSA_SUPREMA,85.67,55.74,1255.02,22.52,34.936383798295786,0.02408078720162821
20230601,15296,PASTUSA_SUPREMA,239.88,0.0,0.0,0.0,100.0,0.0
20230601,15299,PASTUSA_SUPREMA,2.28,2.45,19.31,7.88,0.0,0.00037051202440075917
20230601,15317,PASTUSA_SUPREMA,6.85,7.35,82.75,11.26,0.0,0.0015877716219141803
20230601,15332,CRIOLLA,1.14,1.23,9.65,7.85,0.0,0.00018516007433802827
20230601,15332,PASTUSA_SUPREMA,14.28,11.03,148.95,13.5,22.75910364145658,0.0028579889194455246
20230601,15362,PASTUSA_SUPREMA,8.0,6.13,137.91,22.5,23.375,0.002646158119373832
20230601,15367,PASTUSA_SUPREMA,257.02,245.03,5240.75,21.39,4.665006614271261,0.10055727042352557
20230601,15368,PASTUSA_SUPREMA,171.35,122.51,2068.72,16.89,28.503063904289462,0.03969371492068039
20230601,15377,PASTUSA_SUPREMA,1.71,5.82,65.51,11.26,0.0,0.0012569778725268635
20230601,15403,CRIOLLA,3.14,2.45,41.37,16.89,21.974522292993626,0.0007937898730947388
20230601,15403,PASTUSA_SUPREMA,8.57,6.13,137.91,22.5,28.471411901983668,0.002646158119373832
20230601,15407,PASTUSA_SUPREMA,81.1,59.42,1137.11,19.14,26.732429099876686,0.02181838053165962
20230601,15425,PASTUSA_SUPREMA,4.57,1.84,31.03,16.86,59.73741794310723,0.0005953903737522298
20230601,15442,CRIOLLA,1.71,1.84,32.07,17.43,0.0,0.0006153454491213022
20230601,15442,PASTUSA_SUPREMA,4.85,5.21,99.64,19.12,0.0,0.0019118497209369054
20230601,15464,PASTUSA_SUPREMA,142.79,70.45,951.61,13.51,50.66181105119405,0.018259085838426017
20230601,15466,CRIOLLA,8.57,5.51,68.27,12.39,35.70595099183198,0.0013099355725447865
20230601,15466,PASTUSA_SUPREMA,34.27,35.53,799.9,22.51,0.0,0.01534813921896257
20230601,15476,PASTUSA_SUPREMA,514.04,55.13,1861.85,33.77,89.27515368453817,0.035724381803757296
20230601,15491,PASTUSA_SUPREMA,26.27,28.18,793.01,28.14,0.0,0.015215936844642466
20230601,15494,PASTUSA_SUPREMA,99.95,61.26,1379.15,22.51,38.709354677338666,0.026462540572361835
20230601,15500,PASTUSA_SUPREMA,43.41,46.56,1021.95,21.95,0.0,0.01960873968598425
20230601,15511,PASTUSA_SUPREMA,8.0,8.45,142.74,16.89,0.0,0.0027388340944051975
20230601,15516,PASTUSA_SUPREMA,24.33,23.28,412.71,17.73,4.315659679408124,0.007918903034201829
20230601,15522,PASTUSA_SUPREMA,13.14,14.09,364.78,25.89,0.0,0.006999242685702171
20230601,15531,CRIOLLA,8.57,9.19,72.41,7.88,0.0,0.0013893721225716712
20230601,15531,PASTUSA_SUPREMA,19.99,18.38,310.31,16.88,8.054027013506747,0.0059540956132470004
20230601,15537,PASTUSA_SUPREMA,15.42,16.54,279.28,16.89,0.0,0.0053587052394947704
20230601,15542,PASTUSA_SUPREMA,62.83,56.97,1603.26,28.14,9.326754734999199,0.03076266743867225
20230601,15599,CRIOLLA,8.57,9.19,155.15,16.88,0.0,0.0029769518687611488
20230601,15599,PASTUSA_SUPREMA,82.82,85.76,2027.34,23.64,0.0,0.038899733171860955
20230601,15600,PASTUSA_SUPREMA,142.79,159.27,2330.76,14.63,0.0,0.04472162641078785
20230601,15621,PASTUSA_SUPREMA,3.43,3.68,57.92,15.74,0.0,0.0011113441974775749
20230601,15632,CRIOLLA,291.29,398.17,4034.0,10.13,0.0,0.0774026673450369
20230601,15632,PASTUSA_SUPREMA,1542.11,1163.88,26203.77,22.51,24.526784730012764,0.5027867358690772
20230601,15646,PASTUSA_SUPREMA,502.61,586.84,15854.66,27.02,0.0,0.3042124377413641
20230601,15676,CRIOLLA,4.0,4.29,91.71,21.38,0.0,0.0017596922712477278
20230601,15676,PASTUSA_SUPREMA,15.42,16.54,465.46,28.14,0.0,0.00893104748200815
20230601,15693,CRIOLLA,18.85,20.21,318.58,15.76,0.0,0.006112776837576067
20230601,15693,PASTUSA_SUPREMA,16.56,17.46,294.79,16.88,0.0,0.005656304488508534
20230601,15696,PASTUSA_SUPREMA,17.13,18.38,372.37,20.26,0.0,0.00714487636075146
20230601,15720,PASTUSA_SUPREMA,34.27,36.75,827.49,22.52,0.0,0.0158775243434171
20230601,15723,PASTUSA_SUPREMA,5.71,1.84,31.03,16.86,67.77583187390543,0.0005953903737522298
20230601,15740,CRIOLLA,28.56,30.63,413.74,13.51,0.0,0.007938666233846198
20230601,15740,PASTUSA_SUPREMA,1827.69,2536.04,57096.64,22.51,0.0,1.09554591780846
20230601,15753,PASTUSA_SUPREMA,6.74,8.58,173.77,20.25,0.0,0.003334224468157427
20230601,15755,CRIOLLA,2.86,2.45,33.1,13.51,14.335664335664323,0.000635108648765672
20230601,15755,PASTUSA_SUPREMA,171.35,140.89,3172.04,22.51,17.77648088707324,0.060863747378569866
20230601,15757,PASTUSA_SUPREMA,14.85,9.19,206.87,22.51,38.11447811447811,0.003969333116923099
20230601,15759,CRIOLLA,1.71,1.84,24.82,13.49,0.0,0.0004762355487119028
20230601,15759,PASTUSA_SUPREMA,125.65,110.26,3103.08,28.14,12.248308794269802,0.0595405723810206
20230601,15761,CRIOLLA,5.71,6.13,103.44,16.87,0.0,0.001984762496323901
20230601,15761,PASTUSA_SUPREMA,17.13,12.25,275.83,22.52,28.48803269118505,0.005292508114472367
20230601,15762,PASTUSA_SUPREMA,102.81,107.2,2413.51,22.51,0.0,0.04630939803270203
20230601,15763,PASTUSA_SUPREMA,271.3,30.63,827.49,27.02,88.70991522300037,0.0158775243434171
20230601,15764,CRIOLLA,159.92,165.39,2792.77,16.89,0.0,0.053586476767773596
20230601,15764,PASTUSA_SUPREMA,228.46,318.54,8964.45,28.14,0.0,0.17200603403104014
20230601,15774,PASTUSA_SUPREMA,131.36,140.89,3666.87,26.03,0.0,0.0703583338640296
20230601,15776,PASTUSA_SUPREMA,49.12,61.26,965.4,15.76,0.0,0.01852368246279093
20230601,15778,PASTUSA_SUPREMA,1.71,1.84,31.03,16.86,0.0,0.0005953903737522298
20230601,15790,CRIOLLA,2.28,2.45,38.62,15.76,0.0,0.0007410240488015183
20230601,15790,PASTUSA_SUPREMA,14.28,18.38,475.81,25.89,0.0,0.009129638857075361
20230601,15804,PASTUSA_SUPREMA,97.1,41.65,867.48,20.83,57.106076210092695,0.016644835366502877
20230601,15806,PASTUSA_SUPREMA,22.85,24.5,689.57,28.15,0.0,0.013231174348318565
20230601,15808,CRIOLLA,1.14,1.23,11.03,8.97,0.0,0.00021163892434698981
20230601,15808,PASTUSA_SUPREMA,13.71,6.13,193.08,31.5,55.288110867979576,0.0037047364925581862
20230601,15810,CRIOLLA,0.57,0.61,3.45,5.66,0.0,6.619712502240389e-05
20230601,15810,PASTUSA_SUPREMA,1.71,0.0,0.0,0.0,100.0,0.0
20230601,15814,PASTUSA_SUPREMA,1028.07,392.04,11033.17,28.14,61.86640987481397,0.21169974895172056
20230601,15816,CRIOLLA,2.28,2.45,26.2,10.69,0.0,0.0005027143987208643
20230601,15816,PASTUSA_SUPREMA,2.86,0.0,0.0,0.0,100.0,0.0
20230601,15820,PASTUSA_SUPREMA,14.85,14.7,264.8,18.01,1.0101010101010166,0.005080869190125376
20230601,15822,PASTUSA_SUPREMA,171.35,122.51,2482.46,20.26,28.503063904289462,0.047632381154526594
20230601,15835,PASTUSA_SUPREMA,142.79,122.51,3447.86,28.14,14.202675257370956,0.06615606361731753
20230601,15837,PASTUSA_SUPREMA,74.25,27.57,775.77,28.14,62.86868686868687,0.01488514309525515
20230601,15839,CRIOLLA,12.57,13.48,242.73,18.01,0.0,0.004657399465706694
20230601,15839,PASTUSA_SUPREMA,235.31,284.84,7374.98,25.89,0.0,0.1415079632167328
20230601,15842,CRIOLLA,4.0,4.29,57.92,13.5,0.0,0.0011113441974775749
20230601,15842,PASTUSA_SUPREMA,456.92,428.8,9654.02,22.51,6.154250196971023,0.18523720837935873
20230601,15861,CRIOLLA,39.98,34.3,656.47,19.14,14.20710355177589,0.012596065699552893
20230601,15861,PASTUSA_SUPREMA,856.73,1176.13,39719.4,33.77,0.0,0.7621188659753244
20230601,15879,CRIOLLA,19.7,20.89,350.37,16.77,0.0,0.006722749766405696
20230601,15879,PASTUSA_SUPREMA,242.17,259.42,4438.92,17.11,0.0,0.08517209918969539
20230601,17001,PASTUSA_SUPREMA,28.56,91.89,1241.23,13.51,0.0,0.023816190577263297
20230601,17013,PASTUSA_SUPREMA,11.42,12.25,55.17,4.5,0.0,0.0010585783731843544
20230601,17446,CRIOLLA,3.43,3.68,41.37,11.24,0.0,0.0007937898730947388
20230601,17446,PASTUSA_SUPREMA,6.85,6.13,137.91,22.5,10.510948905109485,0.002646158119373832
20230601,17541,PASTUSA_SUPREMA,17.13,7.35,174.6,23.76,57.09281961471103,0.0033501501533077446
20230601,17653,PASTUSA_SUPREMA,37.12,39.82,717.16,18.01,0.0,0.013760559472773094
20230601,17873,PASTUSA_SUPREMA,45.69,41.65,844.04,20.27,8.842197417377983,0.016195078667799935
20230601,19001,PASTUSA_SUPREMA,1.71,1.41,6.34,4.5,17.543859649122805,0.00012164920946146106
20230601,19022,PASTUSA_SUPREMA,77.39,60.64,682.68,11.26,21.643623207132702,0.01309897197399846
20230601,19100,CRIOLLA,11.42,0.0,0.0,0.0,100.0,0.0
20230601,19100,PASTUSA_SUPREMA,48.55,0.0,0.0,0.0,100.0,0.0
20230601,19212,CRIOLLA,2.28,2.45,19.31,7.88,0.0,0.00037051202440075917
20230601,19355,PASTUSA_SUPREMA,6.85,0.0,0.0,0.0,100.0,0.0
20230601,19364,CRIOLLA,11.42,12.25,42.75,3.49,0.0,0.0008202687231037004
20230601,19397,PASTUSA_SUPREMA,22.85,23.28,157.22,6.75,0.0,0.003016670143774591
20230601,19517,PASTUSA_SUPREMA,40.27,41.65,656.47,15.76,0.0,0.012596065699552893
20230601,19585,PASTUSA_SUPREMA,400.09,249.93,5626.92,22.51,37.53155540003499,0.10796693528436664
20230601,19693,PASTUSA_SUPREMA,291.29,312.41,7033.64,22.51,0.0,0.1349584772297336
20230601,19701,PASTUSA_SUPREMA,0.0,1.23,28.27,22.98,0.0,0.0005424326737343067
20230601,19743,PASTUSA_SUPREMA,73.11,76.57,2154.92,28.14,0.0,0.041347683667616986
20230601,19760,PASTUSA_SUPREMA,65.68,67.38,1365.35,20.26,0.0,0.026197752072272217
20230601,19821,CRIOLLA,2.86,4.29,48.27,11.25,0.0,0.0009261841231395466
20230601,19821,PASTUSA_SUPREMA,6.0,4.9,82.75,16.89,18.333333333333325,0.0015877716219141803
20230601,19824,CRIOLLA,88.53,47.78,1290.88,27.02,46.02959448774426,0.024768853550411807
20230601,19824,PASTUSA_SUPREMA,231.32,428.8,13515.63,31.52,0.0,0.25933213010624717
20230601,25019,PASTUSA_SUPREMA,4.0,3.06,68.96,22.54,23.5,0.0013231749975492672
20230601,25053,PASTUSA_SUPREMA,21.7,13.48,227.56,16.88,37.88018433179723,0.00436632399133282
20230601,25099,CRIOLLA,91.38,98.01,1985.97,20.26,0.0,0.038105943298766216
20230601,25099,PASTUSA_SUPREMA,108.52,116.39,2096.3,18.01,0.0,0.04022290816941023
20230601,25120,PASTUSA_SUPREMA,21.13,7.35,107.57,14.64,65.21533364884051,0.0020640071706260832
20230601,25126,PASTUSA_SUPREMA,17.13,0.0,0.0,0.0,100.0,0.0
20230601,25151,CRIOLLA,33.13,35.53,639.92,18.01,0.0,0.012278511375170057
20230601,25151,PASTUSA_SUPREMA,34.27,50.23,1300.53,25.89,0.0,0.024954013624749836
20230601,25154,CRIOLLA,25.7,24.5,441.33,18.01,4.669260700389099,0.008468051358300727
20230601,25154,PASTUSA_SUPREMA,468.34,496.18,11171.08,22.51,0.0,0.21434590707109438
20230601,25175,PASTUSA_SUPREMA,28.56,15.31,379.27,24.77,46.39355742296918,0.0072772706107962675
20230601,25178,CRIOLLA,10.85,11.64,262.04,22.51,0.0,0.005027911490107454
20230601,25178,PASTUSA_SUPREMA,28.56,21.44,724.05,33.77,24.929971988795508,0.0138927618470932
20230601,25181,CRIOLLA,8.57,27.57,434.43,15.76,0.0,0.00833565710825592
20230601,25181,PASTUSA_SUPREMA,8.57,12.25,220.66,18.01,0.0,0.004233929741288012
20230601,25183,CRIOLLA,28.56,30.63,655.09,21.39,0.0,0.012569586849543932
20230601,25183,PASTUSA_SUPREMA,685.38,428.8,14481.03,33.77,37.43616679798068,0.2778558125690381
20230601,25200,PASTUSA_SUPREMA,234.17,226.65,5102.84,22.51,3.211342187299815,0.09791111230415173
20230601,25214,PASTUSA_SUPREMA,22.27,3.68,107.57,29.23,83.4755276156264,0.0020640071706260832
20230601,25224,CRIOLLA,9.71,10.41,234.45,22.52,0.0,0.0044985263656529256
20230601,25224,PASTUSA_SUPREMA,68.54,61.26,1517.06,24.76,10.62153487014883,0.029108698691735664
20230601,25260,CRIOLLA,162.21,168.46,3223.75,19.14,0.0,0.06185593675100711
20230601,25260,PASTUSA_SUPREMA,257.02,257.28,6950.9,27.02,0.0,0.1333708974835441
20230601,25269,CRIOLLA,53.69,55.13,1241.23,22.51,0.0,0.023816190577263297
20230601,25269,PASTUSA_SUPREMA,230.75,18.38,455.12,24.76,92.03466955579631,0.00873264798266564
20230601,25281,CRIOLLA,48.55,153.14,2413.51,15.76,0.0,0.04630939803270203
20230601,25281,PASTUSA_SUPREMA,74.25,183.77,4344.31,23.64,0.0,0.0833567629582839
20230601,25286,PASTUSA_SUPREMA,99.95,113.33,3571.99,31.52,0.0,0.06853781698805116
20230601,25288,CRIOLLA,2.57,2.76,55.86,20.24,0.0,0.0010718177981888352
20230601,25288,PASTUSA_SUPREMA,85.67,91.89,2275.59,24.76,0.0,0.0436630480376035
20230601,25293,PASTUSA_SUPREMA,0.0,1.23,19.31,15.7,0.0,0.00037051202440075917
20230601,25295,PASTUSA_SUPREMA,3.43,6.13,127.57,20.81,0.0,0.002447758620031323
20230601,25297,PASTUSA_SUPREMA,3.43,9.19,186.18,20.26,0.0,0.003572342242513379
20230601,25299,PASTUSA_SUPREMA,3.43,3.68,86.89,23.61,0.0,0.001667208171941065
20230601,25312,CRIOLLA,14.28,15.31,258.59,16.89,0.0,0.004961714365085049
20230601,25312,PASTUSA_SUPREMA,48.55,52.07,1113.66,21.39,0.0,0.021368431957231974
20230601,25317,CRIOLLA,6.28,6.74,121.36,18.01,0.0,0.002328603794990996
20230601,25317,PASTUSA_SUPREMA,205.61,115.78,2606.59,22.51,43.68950926511357,0.05001413452526022
20230601,25322,CRIOLLA,11.99,12.86,202.73,15.76,0.0,0.0038898965668962148
20230601,25322,PASTUSA_SUPREMA,80.53,0.0,0.0,0.0,100.0,0.0
20230601,25326,CRIOLLA,22.85,24.5,468.91,19.14,0.0,0.008997244607030552
20230601,25326,PASTUSA_SUPREMA,856.73,912.73,32878.84,36.02,0.0,0.6308651252381489
20230601,25372,PASTUSA_SUPREMA,29.7,18.38,289.62,15.76,38.11447811447811,0.00555710473883728
20230601,25377,CRIOLLA,62.83,127.41,2581.76,20.26,0.0,0.049537707100823614
20230601,25377,PASTUSA_SUPREMA,516.89,774.9,23552.37,30.39,0.0,0.45191280622142455
20230601,25407,CRIOLLA,17.71,18.99,363.4,19.14,0.0,0.00697276383569321
20230601,25407,PASTUSA_SUPREMA,263.87,272.59,9205.8,33.77,0.0,0.1766369546467379
20230601,25426,CRIOLLA,19.99,13.48,273.07,20.26,32.56628314157077,0.005239550414454444
20230601,25426,PASTUSA_SUPREMA,154.21,98.01,2427.3,24.77,36.443810388431366,0.04657399465706694
20230601,25430,PASTUSA_SUPREMA,428.36,367.54,9516.11,25.89,14.198337846671027,0.1825910502599849
20230601,25436,PASTUSA_SUPREMA,18.28,15.31,310.31,20.27,16.247264770240697,0.0059540956132470004
20230601,25473,PASTUSA_SUPREMA,131.36,140.89,4599.45,32.65,0.0,0.08825228019834654
20230601,25486,CRIOLLA,2.86,3.06,68.96,22.54,0.0,0.0013231749975492672
20230601,25486,PASTUSA_SUPREMA,12.57,13.48,424.78,31.51,0.0,0.00815049703391789
20230601,25506,CRIOLLA,2.86,3.06,51.72,16.9,0.0,0.0009923812481619505
20230601,25513,CRIOLLA,65.68,69.22,1168.83,16.89,0.0,0.02242701033041633
20230601,25513,PASTUSA_SUPREMA,25.7,24.5,634.41,25.89,4.669260700389099,0.012172787850858914
20230601,25535,PASTUSA_SUPREMA,571.15,581.94,11791.7,20.26,0.0,0.22625409829758839
20230601,25594,PASTUSA_SUPREMA,12.57,12.25,206.87,16.89,2.545743834526648,0.003969333116923099
20230601,25649,PASTUSA_SUPREMA,5.14,6.13,151.71,24.75,0.0,0.0029109466194634477
20230601,25653,CRIOLLA,12.57,14.7,264.8,18.01,0.0,0.005080869190125376
20230601,25653,PASTUSA_SUPREMA,342.69,0.0,0.0,0.0,100.0,0.0
20230601,25736,CRIOLLA,25.7,17.15,347.54,20.26,33.268482490272376,0.006668448936314854
20230601,25736,PASTUSA_SUPREMA,571.15,600.32,21625.01,36.02,0.0,0.41493144654514036
20230601,25740,CRIOLLA,348.4,373.67,9254.07,24.77,0.0,0.17756313876987745
20230601,25740,PASTUSA_SUPREMA,522.6,422.06,10927.66,25.89,19.23842326827402,0.2096752681803832
20230601,25745,PASTUSA_SUPREMA,34.27,42.88,1255.02,29.27,0.0,0.02408078720162821
20230601,25754,CRIOLLA,24.56,26.34,177.91,6.75,0.0,0.003413661018184312
20230601,25754,PASTUSA_SUPREMA,274.72,294.03,1985.97,6.75,0.0,0.038105943298766216
20230601,25758,PASTUSA_SUPREMA,39.98,12.25,462.01,37.72,69.35967983991995,0.008864850356985745
20230601,25769,CRIOLLA,55.97,52.07,1037.46,19.92,6.968018581382884,0.019906338934998012
20230601,25769,PASTUSA_SUPREMA,119.94,122.51,3447.86,28.14,0.0,0.06615606361731753
20230601,25772,CRIOLLA,17.13,18.38,413.74,22.51,0.0,0.007938666233846198
20230601,25772,PASTUSA_SUPREMA,399.81,612.57,17239.32,28.14,0.0,0.33078070183803704
20230601,25779,CRIOLLA,11.42,12.25,220.66,18.01,0.0,0.004233929741288012
20230601,25779,PASTUSA_SUPREMA,97.1,116.39,2751.4,23.64,0.0,0.05279268689467886
20230601,25781,PASTUSA_SUPREMA,39.98,116.39,2620.38,22.51,0.0,0.05027873114962513
20230601,25785,CRIOLLA,6.85,8.58,164.12,19.13,0.0,0.003149064393819399
20230601,25785,PASTUSA_SUPREMA,68.54,59.42,1672.21,28.14,13.306098628538088,0.032085650560496816
20230601,25793,CRIOLLA,54.83,58.81,992.99,16.88,0.0,0.01905306758724546
20230601,25793,PASTUSA_SUPREMA,5155.22,4631.02,83410.75,18.01,10.168334232098719,1.6004498104239058
20230601,25799,PASTUSA_SUPREMA,285.58,91.89,3620.26,39.4,67.82337698718396,0.06946400111119069
20230601,25817,PASTUSA_SUPREMA,14.28,1.84,47.58,25.86,87.11484593837535,0.0009129446981350658
20230601,25839,CRIOLLA,1.71,1.84,37.24,20.24,0.0,0.0007145451987925568
20230601,25839,PASTUSA_SUPREMA,4.57,4.9,121.36,24.77,0.0,0.002328603794990996
20230601,25841,CRIOLLA,54.26,95.56,2043.89,21.39,0.0,0.03921728749624379
20230601,25841,PASTUSA_SUPREMA,222.75,339.98,7462.9,21.95,0.0,0.14319493458831825
20230601,25843,CRIOLLA,8.0,6.74,106.19,15.76,15.749999999999996,0.0020375283206171216
20230601,25843,PASTUSA_SUPREMA,314.13,290.97,6550.94,22.51,7.372743768503476,0.12569663599833814
20230601,25845,CRIOLLA,199.9,214.4,4102.96,19.14,0.0,0.07872584234258616
20230601,25845,PASTUSA_SUPREMA,485.48,489.44,15427.13,31.52,0.0,0.296009174883153
20230601,25873,CRIOLLA,10.91,9.92,189.91,19.14,9.074243813015581,0.0036439118878274558
20230601,25873,PASTUSA_SUPREMA,5140.37,3307.87,93092.35,28.14,35.64918478630916,1.7862162120519944
20230601,25898,CRIOLLA,68.54,73.51,1654.98,22.51,0.0,0.0317550486868342
20230601,25898,PASTUSA_SUPREMA,68.54,73.51,2565.21,34.9,0.0,0.049220152776440776
20230601,25899,CRIOLLA,57.12,122.51,2344.55,19.14,0.0,0.04498622303515276
20230601,25899,PASTUSA_SUPREMA,514.04,673.83,13653.55,20.26,0.0,0.26197848010134567
20230601,41001,PASTUSA_SUPREMA,1.14,1.23,9.65,7.85,0.0,0.00018516007433802827
20230601,41206,PASTUSA_SUPREMA,5.71,2.45,13.79,5.63,57.09281961471103,0.00026459662436491293
20230601,41359,PASTUSA_SUPREMA,1.14,0.92,6.21,6.75,19.298245614035082,0.000119154825040327
20230601,41396,PASTUSA_SUPREMA,5.14,5.51,49.65,9.01,0.0,0.0009526629731485081
20230601,41668,PASTUSA_SUPREMA,1.71,2.14,9.65,4.51,0.0,0.00018516007433802827
20230601,52001,CRIOLLA,48.55,52.07,1055.05,20.26,0.0,0.02024384833474992
20230601,52001,PASTUSA_SUPREMA,2455.95,2634.05,74129.1,28.14,0.0,1.4223574784052986
20230601,52022,PASTUSA_SUPREMA,85.67,134.77,3034.12,22.51,0.0,0.05821739738347133
20230601,52036,CRIOLLA,0.86,0.92,10.34,11.24,0.0,0.00019839949934250906
20230601,52036,PASTUSA_SUPREMA,11.42,12.25,206.87,16.89,0.0,0.003969333116923099
20230601,52083,PASTUSA_SUPREMA,6.85,4.9,66.2,13.51,28.46715328467152,0.001270217297531344
20230601,52110,PASTUSA_SUPREMA,34.27,12.25,275.83,22.52,64.25444995622995,0.005292508114472367
20230601,52210,PASTUSA_SUPREMA,291.29,306.28,8619.66,28.14,0.0,0.16539035091901852
20230601,52215,CRIOLLA,42.84,45.94,620.62,13.51,0.0,0.011908191226494001
20230601,52215,PASTUSA_SUPREMA,228.46,91.89,2275.59,24.76,59.77851702705068,0.0436630480376035
20230601,52224,CRIOLLA,34.27,36.75,620.62,16.89,0.0,0.011908191226494001
20230601,52224,PASTUSA_SUPREMA,285.58,245.03,6068.24,24.77,14.199173611597448,0.11643479476694266
20230601,52227,CRIOLLA,37.7,75.35,848.17,11.26,0.0,0.016274323342102118
20230601,52227,PASTUSA_SUPREMA,231.32,343.65,8510.71,24.77,0.0,0.16329986489838347
20230601,52240,PASTUSA_SUPREMA,2.86,0.61,8.27,13.56,78.67132867132867,0.00015868122432906672
20230601,52258,PASTUSA_SUPREMA,5.71,2.45,41.37,16.89,57.09281961471103,0.0007937898730947388
20230601,52287,PASTUSA_SUPREMA,17.13,24.5,303.41,12.38,0.0,0.005821701363202193
20230601,52317,CRIOLLA,9.14,15.31,206.87,13.51,0.0,0.003969333116923099
20230601,52317,PASTUSA_SUPREMA,205.61,275.66,6206.16,22.51,0.0,0.1190811447620412
20230601,52320,CRIOLLA,17.13,18.38,331.0,18.01,0.0,0.006351086487656721
20230601,52320,PASTUSA_SUPREMA,45.69,30.63,827.49,27.02,32.9612606697308,0.0158775243434171
20230601,52323,CRIOLLA,8.57,9.19,103.44,11.26,0.0,0.001984762496323901
20230601,52323,PASTUSA_SUPREMA,257.02,306.28,7930.09,25.89,0.0,0.15215917657069997
20230601,52352,CRIOLLA,57.12,85.76,1158.48,13.51,0.0,0.02222841895534912
20230601,52352,PASTUSA_SUPREMA,68.54,107.2,2413.51,22.51,0.0,0.04630939803270203
20230601,52354,CRIOLLA,11.99,18.38,258.59,14.07,0.0,0.004961714365085049
20230601,52354,PASTUSA_SUPREMA,202.76,245.03,5516.58,22.51,0.0,0.10584977853799793
20230601,52356,CRIOLLA,17.13,17.76,179.98,10.13,0.0,0.003453379293197754
20230601,52356,PASTUSA_SUPREMA,427.22,566.63,11481.39,20.26,0.0,0.22030000268434138
20230601,52378,PASTUSA_SUPREMA,34.27,36.75,827.49,22.52,0.0,0.0158775243434171
20230601,52381,CRIOLLA,1.14,1.23,12.41,10.09,0.0,0.0002381177743559514
20230601,52381,PASTUSA_SUPREMA,4.57,0.0,0.0,0.0,100.0,0.0
20230601,52385,PASTUSA_SUPREMA,1.2,1.29,6.66,5.16,0.0,0.0001277892326519449
20230601,52418,PASTUSA_SUPREMA,2.46,0.0,0.0,0.0,100.0,0.0
20230601,52435,PASTUSA_SUPREMA,48.55,52.07,586.14,11.26,0.0,0.011246603727719367
20230601,52480,CRIOLLA,3.43,3.68,41.37,11.24,0.0,0.0007937898730947388
20230601,52480,PASTUSA_SUPREMA,3.43,9.19,124.12,13.51,0.0,0.002381561495008919
20230601,52506,PASTUSA_SUPREMA,371.25,569.69,17956.48,31.52,0.0,0.34454126131081014
20230601,52560,CRIOLLA,371.25,441.05,5957.91,13.51,0.0,0.11431782989629866
20230601,52560,PASTUSA_SUPREMA,1576.38,1690.69,40919.26,24.2,0.0,0.7851412666794929
20230601,52565,CRIOLLA,11.42,12.25,165.5,13.51,0.0,0.0031755432438283606
20230601,52565,PASTUSA_SUPREMA,57.12,6.13,103.44,16.87,89.26820728291315,0.001984762496323901
20230601,52573,CRIOLLA,39.98,42.88,917.13,21.39,0.0,0.017597498339651386
20230601,52573,PASTUSA_SUPREMA,91.38,91.89,2068.72,22.51,0.0,0.03969371492068039
20230601,52585,CRIOLLA,39.98,83.92,1794.96,21.39,0.0,0.03444092508122147
20230601,52585,PASTUSA_SUPREMA,1142.3,918.85,27927.71,30.39,19.561411187954125,0.5358649595534607
20230601,52678,PASTUSA_SUPREMA,23.99,12.25,206.87,16.89,48.93705710712797,0.003969333116923099
20230601,52683,CRIOLLA,0.57,0.61,10.34,16.95,0.0,0.00019839949934250906
20230601,52683,PASTUSA_SUPREMA,5.71,2.45,55.17,22.52,57.09281961471103,0.0010585783731843544
20230601,52685,PASTUSA_SUPREMA,5.71,6.13,82.75,13.5,0.0,0.0015877716219141803
20230601,52693,PASTUSA_SUPREMA,1.71,0.0,0.0,0.0,100.0,0.0
20230601,52699,PASTUSA_SUPREMA,11.42,8.58,193.08,22.5,24.868651488616468,0.0037047364925581862
20230601,52720,CRIOLLA,6.85,7.35,99.3,13.51,0.0,0.0019053259462970163
20230601,52720,PASTUSA_SUPREMA,302.71,245.03,7723.22,31.52,19.054540649466478,0.14818984345377686
20230601,52788,PASTUSA_SUPREMA,239.88,238.9,4840.8,20.26,0.4085376021343956,0.09288320081404428
20230601,52838,CRIOLLA,207.9,222.98,4518.08,20.26,0.0,0.08669098742644132
20230601,52838,PASTUSA_SUPREMA,1752.24,1225.14,34478.65,28.14,30.08149568552253,0.6615615955517988
20230601,52885,CRIOLLA,4.57,4.9,82.75,16.89,0.0,0.0015877716219141803
20230601,52885,PASTUSA_SUPREMA,182.77,196.02,4413.27,22.51,0.0,0.08467993795583316
20230601,54125,CRIOLLA,31.41,30.63,689.57,22.51,2.483285577841454,0.013231174348318565
20230601,54125,PASTUSA_SUPREMA,34.27,32.47,804.04,24.76,5.2524073533703035,0.015427575768989456
20230601,54172,PASTUSA_SUPREMA,0.57,0.0,0.0,0.0,100.0,0.0
20230601,54174,CRIOLLA,39.98,41.65,633.03,15.2,0.0,0.012146309000849951
20230601,54174,PASTUSA_SUPREMA,285.58,340.59,5367.64,15.76,0.0,0.1029919814942771
20230601,54347,CRIOLLA,4.0,4.29,69.99,16.31,0.0,0.0013429381971936372
20230601,54347,PASTUSA_SUPREMA,4.0,4.29,77.23,18.0,0.0,0.001481856221878334
20230601,54377,PASTUSA_SUPREMA,3.43,3.68,62.06,16.86,0.0,0.0011907807475044596
20230601,54480,CRIOLLA,57.12,61.13,1514.03,24.77,0.0,0.02905056034715077
20230601,54480,PASTUSA_SUPREMA,34.27,24.5,661.99,27.02,28.508899912459885,0.01270198109958874
20230601,54518,CRIOLLA,59.97,62.48,914.37,14.63,0.0,0.01754454063963346
20230601,54518,PASTUSA_SUPREMA,97.1,84.53,1427.42,16.89,12.945417095777545,0.02738872469550138
20230601,54743,CRIOLLA,155.92,110.87,2496.25,22.52,28.893022062596195,0.04789697777889151
20230601,54743,PASTUSA_SUPREMA,751.64,222.98,5020.09,22.51,70.33420254377096,0.09632334068223755
20230601,68013,PASTUSA_SUPREMA,2.28,2.45,52.41,21.39,0.0,0.0010056206731664313
20230601,68020,PASTUSA_SUPREMA,39.98,55.13,1117.11,20.26,0.0,0.02143462908225438
20230601,68101,PASTUSA_SUPREMA,19.99,19.91,493.04,24.76,0.4002001000500188,0.009460240730737975
20230601,68132,CRIOLLA,1.71,1.84,19.65,10.68,0.0,0.0003770357990406482
20230601,68132,PASTUSA_SUPREMA,2.28,2.45,33.1,13.51,0.0,0.000635108648765672
20230601,68152,PASTUSA_SUPREMA,468.34,355.29,6399.24,18.01,24.138446427808844,0.12278588125459938
20230601,68162,PASTUSA_SUPREMA,114.23,119.45,2689.33,22.51,0.0,0.051601714271449696
20230601,68207,CRIOLLA,8.57,9.19,134.47,14.63,0.0,0.0025801528700761306
20230601,68207,PASTUSA_SUPREMA,39.98,23.28,594.83,25.55,41.77088544272135,0.011413343732485943
20230601,68264,PASTUSA_SUPREMA,12.57,15.93,107.57,6.75,0.0,0.0020640071706260832
20230601,68298,PASTUSA_SUPREMA,11.99,10.41,91.2,8.76,13.177648040033363,0.001749906609287894
20230601,68318,CRIOLLA,17.13,18.07,366.16,20.26,0.0,0.007025721535711133
20230601,68318,PASTUSA_SUPREMA,199.9,129.86,3069.98,23.64,35.03751875937968,0.05890546373225493
20230601,68368,PASTUSA_SUPREMA,1.14,1.23,22.07,17.94,0.0,0.00042346972441868226
20230601,68377,PASTUSA_SUPREMA,2.57,1.84,54.82,29.79,28.404669260700377,0.0010518627228197626
20230601,68432,CRIOLLA,0.57,0.61,15.86,26.0,0.0,0.0003043148993783553
20230601,68468,PASTUSA_SUPREMA,9.14,5.51,124.12,22.53,39.71553610503283,0.002381561495008919
20230601,68502,PASTUSA_SUPREMA,82.82,105.97,1908.74,18.01,0.0,0.036624087076887885
20230601,68572,PASTUSA_SUPREMA,19.99,15.31,258.59,16.89,23.411705852926456,0.004961714365085049
20230601,68669,PASTUSA_SUPREMA,19.99,12.25,275.83,22.52,38.71935967983992,0.005292508114472367
20230601,68682,CRIOLLA,1.14,0.61,4.14,6.79,46.49122807017544,7.943655002688466e-05
20230601,68682,PASTUSA_SUPREMA,1.71,0.0,0.0,0.0,100.0,0.0
20230601,68773,PASTUSA_SUPREMA,1.14,0.25,4.14,16.56,78.0701754385965,7.943655002688466e-05
20230601,68820,PASTUSA_SUPREMA,154.21,91.89,2896.21,31.52,40.41242461578367,0.055571239264097495
20230601,68867,CRIOLLA,0.57,0.61,8.62,14.13,0.0,0.0001653968746936584
20230601,68867,PASTUSA_SUPREMA,1.14,1.84,41.37,22.48,0.0,0.0007937898730947388
20230601,73043,PASTUSA_SUPREMA,55.97,68.61,1235.71,18.01,0.0,0.02371027517722745
20230601,73124,CRIOLLA,7.42,7.96,107.57,13.51,0.0,0.0020640071706260832
20230601,73124,PASTUSA_SUPREMA,9.71,10.41,164.12,15.77,0.0,0.003149064393819399
20230601,73152,PASTUSA_SUPREMA,114.23,61.26,1034.36,16.88,46.37135603606759,0.019846857460340196
20230601,73347,PASTUSA_SUPREMA,89.1,95.56,1957.84,20.49,0.0,0.03756619688517775
20230601,73461,CRIOLLA,9.14,9.8,154.46,15.76,0.0,0.002963712443756668
20230601,73461,PASTUSA_SUPREMA,57.12,12.25,303.41,24.77,78.55392156862744,0.005821701363202193
20230601,73622,CRIOLLA,25.7,25.73,434.43,16.88,0.0,0.00833565710825592
20230601,73622,PASTUSA_SUPREMA,42.84,42.88,965.4,22.51,0.0,0.01852368246279093
20230601,73686,CRIOLLA,0.86,0.92,12.41,13.49,0.0,0.0002381177743559514
20230601,73686,PASTUSA_SUPREMA,68.54,61.26,827.49,13.51,10.62153487014883,0.0158775243434171
20230601,73870,PASTUSA_SUPREMA,12.57,12.86,86.89,6.76,0.0,0.001667208171941065
20230601,76111,PASTUSA_SUPREMA,4.57,6.74,121.36,18.01,0.0,0.002328603794990996
20230601,76736,PASTUSA_SUPREMA,17.71,7.35,91.02,12.38,58.49802371541502,0.001746452846243247
20230601,76834,PASTUSA_SUPREMA,145.64,137.83,2637.62,19.14,5.362537764350439,0.05060952489901245
20230601,85136,PASTUSA_SUPREMA,8.0,8.58,38.62,4.5,0.0,0.0007410240488015183
20230601,86749,PASTUSA_SUPREMA,3.43,3.06,44.82,14.65,10.787172011661806,0.0008599869981171427
20230601,86755,PASTUSA_SUPREMA,1.14,0.0,0.0,0.0,100.0,0.0
20230601,86760,PASTUSA_SUPREMA,3.71,3.98,67.23,16.89,0.0,0.001289980497175714
20231201,05001,PASTUSA_SUPREMA,23.99,49.01,882.65,18.01,0.0,0.016935910840876752
20231201,05002,PASTUSA_SUPREMA,48.55,52.07,586.14,11.26,0.0,0.011246603727719367
20231201,05004,CRIOLLA,0.57,0.31,1.03,3.32,45.614035087719294,1.9763199644369857e-05
20231201,05004,PASTUSA_SUPREMA,0.57,0.49,1.65,3.37,14.035087719298245,3.1659494575932295e-05
20231201,05079,PASTUSA_SUPREMA,7.42,12.25,103.44,8.44,0.0,0.001984762496323901
20231201,05086,CRIOLLA,102.81,110.26,1613.6,14.63,0.0,0.03096106693801476
20231201,05086,PASTUSA_SUPREMA,228.46,257.28,4054.69,15.76,0.0,0.07779965821944662
20231201,05088,PASTUSA_SUPREMA,119.94,137.83,2792.77,20.26,0.0,0.053586476767773596
20231201,05093,CRIOLLA,0.0,2.45,8.27,3.38,0.0,0.00015868122432906672
20231201,05148,CRIOLLA,114.23,245.03,3034.12,12.38,0.0,0.05821739738347133
20231201,05148,PASTUSA_SUPREMA,102.81,262.18,5312.47,20.26,0.0,0.10193340312109275
20231201,05206,PASTUSA_SUPREMA,22.85,24.5,413.74,16.89,0.0,0.007938666233846198
20231201,05237,PASTUSA_SUPREMA,31.41,27.57,775.77,28.14,12.225405921680988,0.01488514309525515
20231201,05264,PASTUSA_SUPREMA,274.15,294.03,9929.85,33.77,0.0,0.1905297164938311
20231201,05266,PASTUSA_SUPREMA,10.91,7.35,140.67,19.14,32.630614115490374,0.002699115819391755
20231201,05308,CRIOLLA,2.28,2.33,13.1,5.62,0.0,0.00025135719936043215
20231201,05308,PASTUSA_SUPREMA,2.28,2.33,20.96,9.0,0.0,0.0004021715189766915
20231201,05313,CRIOLLA,0.86,0.92,13.45,14.62,0.0,0.0002580728497250239
20231201,05313,PASTUSA_SUPREMA,2.86,3.06,62.06,20.28,0.0,0.0011907807475044596
20231201,05318,PASTUSA_SUPREMA,8.57,9.19,93.09,10.13,0.0,0.0017861711212566894
20231201,05376,PASTUSA_SUPREMA,11.42,12.25,220.66,18.01,0.0,0.004233929741288012
20231201,05400,CRIOLLA,71.97,58.57,811.03,13.85,18.618868973183268,0.015561696900556587
20231201,05400,PASTUSA_SUPREMA,392.38,455.6,8308.49,18.24,0.0,0.1594197539934471
20231201,05440,CRIOLLA,17.13,18.38,165.5,9.0,0.0,0.0031755432438283606
20231201,05440,PASTUSA_SUPREMA,51.4,51.46,463.39,9.0,0.0,0.008891329206994706
20231201,05541,PASTUSA_SUPREMA,10.28,9.19,155.15,16.88,10.603112840466922,0.0029769518687611488
20231201,05607,PASTUSA_SUPREMA,29.13,30.63,344.79,11.26,0.0,0.006615683112021634
20231201,05615,PASTUSA_SUPREMA,4.0,4.29,65.16,15.19,0.0,0.0012502622221622717
20231201,05647,PASTUSA_SUPREMA,3.43,3.68,41.37,11.24,0.0,0.0007937898730947388
20231201,05658,PASTUSA_SUPREMA,6.85,23.28,655.09,28.14,0.0,0.012569586849543932
20231201,05664,CRIOLLA,27.99,30.02,337.89,11.26,0.0,0.006483288861976826
20231201,05664,PASTUSA_SUPREMA,241.03,250.54,11281.41,45.03,0.0,0.21646287194173838
20231201,05674,PASTUSA_SUPREMA,285.58,327.72,8116.27,24.77,0.0,0.15573151881321334
20231201,05686,CRIOLLA,28.56,61.62,1040.57,16.89,0.0,0.019966012285380523
20231201,05686,PASTUSA_SUPREMA,174.2,245.27,9663.68,39.4,0.0,0.18542256032942145
20231201,05697,CRIOLLA,42.84,44.72,604.07,13.51,0.0,0.011590636902111165
20231201,05697,PASTUSA_SUPREMA,57.12,56.97,1154.35,20.26,0.2626050420168058,0.022149174281046936
20231201,05756,CRIOLLA,54.26,91.89,1344.67,14.63,0.0,0.0258009530735872
20231201,05756,PASTUSA_SUPREMA,34.27,42.88,772.32,18.01,0.0,0.014818945970232745
20231201,05847,CRIOLLA,2.57,2.76,24.82,8.99,0.0,0.0004762355487119028
20231201,05847,PASTUSA_SUPREMA,2.86,3.06,62.06,20.28,0.0,0.0011907807475044596
20231201,05887,PASTUSA_SUPREMA,27.42,33.08,930.92,28.14,0.0,0.0178620949640163
20231201,15001,CRIOLLA,171.35,128.64,1448.1,11.26,24.925590895827256,0.0277855236941864
20231201,15001,PASTUSA_SUPREMA,1028.07,1212.89,27307.09,22.51,0.0,0.5239567683269667
20231201,15022,PASTUSA_SUPREMA,5.14,3.06,31.03,10.14,40.46692607003891,0.0005953903737522298
20231201,15047,CRIOLLA,4.0,1.53,13.79,9.01,61.74999999999999,0.00026459662436491293
20231201,15047,PASTUSA_SUPREMA,45.69,3.68,74.47,20.24,91.94572116436856,0.0014288985218604108
20231201,15051,PASTUSA_SUPREMA,856.73,753.46,21204.37,28.14,12.053972663499579,0.40686038606124936
20231201,15087,CRIOLLA,22.85,24.5,331.0,13.51,0.0,0.006351086487656721
20231201,15087,PASTUSA_SUPREMA,159.92,165.39,3351.32,20.26,0.0,0.06430369537103843
20231201,15092,CRIOLLA,2.28,2.45,27.58,11.26,0.0,0.0005291932487298259
20231201,15092,PASTUSA_SUPREMA,8.0,26.34,474.43,18.01,0.0,0.009103160007066399
20231201,15104,PASTUSA_SUPREMA,119.94,104.14,2344.55,22.51,13.173253293313325,0.04498622303515276
20231201,15109,CRIOLLA,1.71,1.23,13.79,11.21,28.07017543859649,0.00026459662436491293
20231201,15109,PASTUSA_SUPREMA,12.57,11.03,248.25,22.51,12.251392203659517,0.00476331486574254
20231201,15131,CRIOLLA,51.4,42.88,627.51,14.63,16.57587548638132,0.012040393600814105
20231201,15131,PASTUSA_SUPREMA,68.54,49.01,1048.15,21.39,28.494309892033854,0.020111454084705115
20231201,15162,PASTUSA_SUPREMA,34.27,30.63,413.74,13.51,10.62153487014883,0.007938666233846198
20231201,15172,PASTUSA_SUPREMA,0.57,2.45,41.37,16.89,0.0,0.0007937898730947388
20231201,15176,CRIOLLA,34.27,36.75,661.99,18.01,0.0,0.01270198109958874
20231201,15176,PASTUSA_SUPREMA,217.04,124.96,3516.82,28.14,42.42535938075931,0.0674792386148668
20231201,15180,PASTUSA_SUPREMA,51.4,27.57,558.55,20.26,46.36186770428016,0.010717218603264838
20231201,15183,PASTUSA_SUPREMA,17.13,21.44,362.03,16.89,0.0,0.006946476861408951
20231201,15187,PASTUSA_SUPREMA,8.57,70.45,2061.82,29.27,0.0,0.03956132067063559
20231201,15189,PASTUSA_SUPREMA,114.23,147.02,2978.96,20.26,0.0,0.05715901088601168
20231201,15204,PASTUSA_SUPREMA,342.69,367.54,8274.88,22.51,0.0,0.15877485968272156
20231201,15215,PASTUSA_SUPREMA,0.57,0.8,17.93,22.41,0.0,0.0003440331743917976
20231201,15224,PASTUSA_SUPREMA,41.12,44.1,992.99,22.52,0.0,0.01905306758724546
20231201,15226,CRIOLLA,1.71,1.23,9.65,7.85,28.07017543859649,0.00018516007433802827
20231201,15226,PASTUSA_SUPREMA,10.28,12.86,173.77,13.51,0.0,0.003334224468157427
20231201,15232,CRIOLLA,11.42,10.41,117.23,11.26,8.84413309982487,0.002249359120688814
20231201,15232,PASTUSA_SUPREMA,399.81,379.79,8550.71,22.51,5.007378504789772,0.16406736779719397
20231201,15236,PASTUSA_SUPREMA,0.86,0.11,1.99,18.09,87.20930232558139,3.818326921582137e-05
20231201,15238,CRIOLLA,2.28,2.45,49.65,20.27,0.0,0.0009526629731485081
20231201,15238,PASTUSA_SUPREMA,8.57,9.19,206.87,22.51,0.0,0.003969333116923099
20231201,15244,PASTUSA_SUPREMA,68.54,116.39,1572.23,13.51,0.0,0.03016727706492002
20231201,15248,PASTUSA_SUPREMA,2.86,7.53,67.85,9.01,0.0,0.0013018767921072765
20231201,15272,PASTUSA_SUPREMA,57.12,58.19,1310.19,22.52,0.0,0.025139365574812566
20231201,15276,PASTUSA_SUPREMA,0.0,27.57,465.46,16.88,0.0,0.00893104748200815
20231201,15293,PASTUSA_SUPREMA,68.54,90.66,2041.14,22.51,0.0,0.03916452167195057
20231201,15296,PASTUSA_SUPREMA,97.1,251.15,4240.87,16.89,0.0,0.08137200046196
20231201,15299,PASTUSA_SUPREMA,2.28,2.45,19.31,7.88,0.0,0.00037051202440075917
20231201,15317,PASTUSA_SUPREMA,17.13,17.15,154.46,9.01,0.0,0.002963712443756668
20231201,15332,CRIOLLA,2.28,2.45,19.31,7.88,0.0,0.00037051202440075917
20231201,15332,PASTUSA_SUPREMA,10.28,15.31,206.87,13.51,0.0,0.003969333116923099
20231201,15362,PASTUSA_SUPREMA,5.71,7.35,165.5,22.52,0.0,0.0031755432438283606
20231201,15367,PASTUSA_SUPREMA,217.04,223.59,4782.19,21.39,0.0,0.09175861719156223
20231201,15368,PASTUSA_SUPREMA,114.23,183.77,3103.08,16.89,0.0,0.0595405723810206
20231201,15377,PASTUSA_SUPREMA,4.57,1.53,17.24,11.27,66.52078774617067,0.0003307937493873168
20231201,15403,CRIOLLA,2.28,3.37,56.89,16.88,0.0,0.001091580997833205
20231201,15403,PASTUSA_SUPREMA,5.71,9.19,258.59,28.14,0.0,0.004961714365085049
20231201,15407,PASTUSA_SUPREMA,53.12,85.76,1834.26,21.39,0.0,0.03519499667930277
20231201,15425,PASTUSA_SUPREMA,1.71,4.9,82.75,16.89,0.0,0.0015877716219141803
20231201,15442,CRIOLLA,2.28,2.45,44.13,18.01,0.0,0.0008467475731126619
20231201,15442,PASTUSA_SUPREMA,5.14,5.51,107.37,19.49,0.0,0.002060169656132031
20231201,15464,PASTUSA_SUPREMA,28.56,140.89,1903.22,13.51,0.0,0.036518171676852035
20231201,15466,CRIOLLA,5.71,4.9,55.17,11.26,14.185639229422065,0.0010585783731843544
20231201,15466,PASTUSA_SUPREMA,34.27,27.57,620.62,22.51,19.550627370878328,0.011908191226494001
20231201,15476,CRIOLLA,2.86,2.45,27.58,11.26,14.335664335664323,0.0005291932487298259
20231201,15476,PASTUSA_SUPREMA,285.58,490.06,16549.75,33.77,0.0,0.3175495274897185
20231201,15491,PASTUSA_SUPREMA,22.85,24.5,689.57,28.15,0.0,0.013231174348318565
20231201,15494,PASTUSA_SUPREMA,114.23,105.97,2147.33,20.26,7.231025124748314,0.04120204999256769
20231201,15500,PASTUSA_SUPREMA,43.41,46.56,1048.15,22.51,0.0,0.020111454084705115
20231201,15511,PASTUSA_SUPREMA,8.0,8.58,144.81,16.88,0.0,0.00277855236941864
20231201,15516,PASTUSA_SUPREMA,34.27,31.24,553.9,17.73,8.841552378173345,0.01062799639127812
20231201,15518,CRIOLLA,0.57,0.61,6.9,11.31,0.0,0.00013239425004480778
20231201,15522,PASTUSA_SUPREMA,7.42,7.96,206.18,25.9,0.0,0.003956093691918619
20231201,15531,CRIOLLA,5.71,6.13,48.27,7.87,0.0,0.0009261841231395466
20231201,15531,PASTUSA_SUPREMA,5.14,4.9,82.75,16.89,4.6692607003890885,0.0015877716219141803
20231201,15537,PASTUSA_SUPREMA,15.42,16.54,279.28,16.89,0.0,0.0053587052394947704
20231201,15542,PASTUSA_SUPREMA,85.67,61.26,1723.93,28.14,28.493054744951564,0.033078031808658766
20231201,15550,PASTUSA_SUPREMA,1.14,1.23,6.9,5.61,0.0,0.00013239425004480778
20231201,15599,CRIOLLA,8.57,9.19,155.15,16.88,0.0,0.0029769518687611488
20231201,15599,PASTUSA_SUPREMA,79.96,88.82,2099.75,23.64,0.0,0.04028910529443263
20231201,15600,PASTUSA_SUPREMA,148.5,147.02,2482.46,16.89,0.9966329966329845,0.047632381154526594
20231201,15621,PASTUSA_SUPREMA,4.57,3.68,57.92,15.74,19.474835886214446,0.0011113441974775749
20231201,15632,CRIOLLA,257.02,294.03,2978.96,10.13,0.0,0.05715901088601168
20231201,15632,PASTUSA_SUPREMA,1085.19,1592.68,35857.8,22.51,0.0,0.6880241361241606
20231201,15646,PASTUSA_SUPREMA,514.04,306.28,8274.88,27.02,40.41708816434518,0.15877485968272156
20231201,15676,CRIOLLA,2.86,3.06,65.51,21.41,0.0,0.0012569778725268635
20231201,15676,PASTUSA_SUPREMA,14.28,15.31,413.74,27.02,0.0,0.007938666233846198
20231201,15693,CRIOLLA,14.28,15.31,236.18,15.43,0.0,0.004531720866026478
20231201,15693,PASTUSA_SUPREMA,19.99,21.13,361.61,17.11,0.0,0.0069384180809714405
20231201,15696,PASTUSA_SUPREMA,17.13,17.15,308.93,18.01,0.0,0.005927616763238039
20231201,15723,PASTUSA_SUPREMA,4.57,5.82,98.26,16.88,0.0,0.0018853708709279438
20231201,15740,CRIOLLA,25.7,27.57,372.37,13.51,0.0,0.00714487636075146
20231201,15740,PASTUSA_SUPREMA,1827.69,1274.14,28686.24,22.51,30.286864840317552,0.5504193088993286
20231201,15753,PASTUSA_SUPREMA,1.37,6.74,136.54,20.26,0.0,0.002619871145089573
20231201,15755,CRIOLLA,1.14,1.23,16.55,13.46,0.0,0.000317554324382836
20231201,15755,PASTUSA_SUPREMA,131.36,183.77,4137.44,22.51,0.0,0.07938742984136078
20231201,15757,PASTUSA_SUPREMA,8.57,15.93,358.58,22.51,0.0,0.006880279736386547
20231201,15759,CRIOLLA,1.14,1.23,16.55,13.46,0.0,0.000317554324382836
20231201,15759,PASTUSA_SUPREMA,102.81,134.77,3792.65,28.14,0.0,0.07277174672933916
20231201,15761,CRIOLLA,5.71,6.13,103.44,16.87,0.0,0.001984762496323901
20231201,15761,PASTUSA_SUPREMA,14.28,18.38,413.74,22.51,0.0,0.007938666233846198
20231201,15762,PASTUSA_SUPREMA,91.38,107.2,2413.51,22.51,0.0,0.04630939803270203
20231201,15763,PASTUSA_SUPREMA,35.41,287.91,7778.38,27.02,0.0,0.14924822995123652
20231201,15764,CRIOLLA,234.17,245.03,4137.44,16.89,0.0,0.07938742984136078
20231201,15764,PASTUSA_SUPREMA,314.13,214.4,6033.76,28.14,31.748002419380505,0.11577320726816803
20231201,15774,PASTUSA_SUPREMA,25.13,26.95,637.17,23.64,0.0,0.012225745550876837
20231201,15776,PASTUSA_SUPREMA,62.83,46.56,838.52,18.01,25.89527295877765,0.01608916326776409
20231201,15790,CRIOLLA,2.86,3.06,48.27,15.77,0.0,0.0009261841231395466
20231201,15790,PASTUSA_SUPREMA,17.13,15.31,396.5,25.9,10.62463514302393,0.007607872484458882
20231201,15804,PASTUSA_SUPREMA,39.98,104.14,2168.71,20.82,0.0,0.0416122802919819
20231201,15806,PASTUSA_SUPREMA,14.28,15.31,430.98,28.15,0.0,0.008269459983233515
20231201,15808,CRIOLLA,0.86,1.23,9.65,7.85,0.0,0.00018516007433802827
20231201,15808,PASTUSA_SUPREMA,6.28,14.09,475.81,33.77,0.0,0.009129638857075361
20231201,15810,CRIOLLA,0.0,0.61,3.45,5.66,0.0,6.619712502240389e-05
20231201,15814,PASTUSA_SUPREMA,685.38,735.08,20687.19,28.14,0.0,0.39693695733107925
20231201,15816,PASTUSA_SUPREMA,0.0,3.06,48.27,15.77,0.0,0.0009261841231395466
20231201,15820,PASTUSA_SUPREMA,13.71,15.93,286.86,18.01,0.0,0.005504147038819357
20231201,15822,PASTUSA_SUPREMA,199.9,183.77,4344.31,23.64,8.069034517258622,0.0833567629582839
20231201,15835,PASTUSA_SUPREMA,114.23,153.14,3792.65,24.77,0.0,0.07277174672933916
20231201,15837,PASTUSA_SUPREMA,28.56,76.57,2154.92,28.14,0.0,0.041347683667616986
20231201,15839,CRIOLLA,18.16,19.48,350.85,18.01,0.0,0.006731959801191421
20231201,15839,PASTUSA_SUPREMA,255.3,252.38,6250.29,24.77,1.143752448100277,0.11992789233515386
20231201,15842,CRIOLLA,2.86,3.06,37.93,12.4,0.0,0.0007277846237970376
20231201,15842,PASTUSA_SUPREMA,485.48,520.68,13481.15,25.89,0.0,0.2586705426074725
20231201,15861,CRIOLLA,39.98,42.88,820.59,19.14,0.0,0.015745130093372292
20231201,15861,PASTUSA_SUPREMA,1256.53,918.85,26893.35,29.27,26.87401017086739,0.5160181020931205
20231201,15879,CRIOLLA,18.33,19.6,326.58,16.66,0.0,0.006266277417338163
20231201,15879,PASTUSA_SUPREMA,295.29,316.15,5409.51,17.11,0.0,0.10379536515360697
20231201,17001,PASTUSA_SUPREMA,28.56,30.63,344.79,11.26,0.0,0.006615683112021634
20231201,17013,PASTUSA_SUPREMA,11.42,12.25,41.37,3.38,0.0,0.0007937898730947388
20231201,17446,CRIOLLA,3.43,3.68,41.37,11.24,0.0,0.0007937898730947388
20231201,17446,PASTUSA_SUPREMA,5.71,7.35,165.5,22.52,0.0,0.0031755432438283606
20231201,17541,PASTUSA_SUPREMA,13.14,18.38,448.91,24.42,0.0,0.008613493157625314
20231201,17653,PASTUSA_SUPREMA,37.12,39.82,717.16,18.01,0.0,0.013760559472773094
20231201,17873,PASTUSA_SUPREMA,50.26,49.01,1048.15,21.39,2.487067250298447,0.020111454084705115
20231201,19001,PASTUSA_SUPREMA,0.0,0.43,1.93,4.49,0.0,3.7032014867605655e-05
20231201,19022,PASTUSA_SUPREMA,71.39,82.08,924.03,11.26,0.0,0.017729892589696192
20231201,19100,CRIOLLA,0.0,12.25,165.5,13.51,0.0,0.0031755432438283606
20231201,19100,PASTUSA_SUPREMA,0.0,52.07,1172.27,22.51,0.0,0.022493015579714032
20231201,19355,PASTUSA_SUPREMA,0.0,6.74,75.85,11.25,0.0,0.0014553773718693724
20231201,19364,CRIOLLA,11.42,12.25,42.75,3.49,0.0,0.0008202687231037004
20231201,19397,PASTUSA_SUPREMA,21.7,22.67,168.39,7.43,0.0,0.0032309953282674175
20231201,19517,PASTUSA_SUPREMA,39.98,42.88,675.78,15.76,0.0,0.012966577723953652
20231201,19585,PASTUSA_SUPREMA,391.24,428.8,9654.02,22.51,0.0,0.18523720837935873
20231201,19693,PASTUSA_SUPREMA,291.29,312.41,7033.64,22.51,0.0,0.1349584772297336
20231201,19701,CRIOLLA,1.14,1.23,28.96,23.54,0.0,0.0005556720987387874
20231201,19701,PASTUSA_SUPREMA,1.43,0.0,0.0,0.0,100.0,0.0
20231201,19743,PASTUSA_SUPREMA,71.39,78.41,2118.37,27.02,0.0,0.040646377893828904
20231201,19760,PASTUSA_SUPREMA,57.12,70.45,1586.02,22.51,0.0,0.030431873689284933
20231201,19821,CRIOLLA,2.86,3.06,34.48,11.27,0.0,0.0006615874987746336
20231201,19821,PASTUSA_SUPREMA,4.57,5.82,98.26,16.88,0.0,0.0018853708709279438
20231201,19824,CRIOLLA,44.55,91.89,2482.46,27.02,0.0,0.047632381154526594
20231201,19824,PASTUSA_SUPREMA,399.81,245.03,7723.22,31.52,38.71338885970837,0.14818984345377686
20231201,25019,PASTUSA_SUPREMA,2.86,4.29,96.54,22.5,0.0,0.0018523682462790931
20231201,25053,PASTUSA_SUPREMA,14.28,23.28,393.06,16.88,0.0,0.00754186723516118
20231201,25099,CRIOLLA,62.83,67.38,455.12,6.75,0.0,0.00873264798266564
20231201,25099,PASTUSA_SUPREMA,91.38,98.01,661.99,6.75,0.0,0.01270198109958874
20231201,25120,PASTUSA_SUPREMA,10.85,22.67,331.68,14.63,0.0,0.0063641340369364995
20231201,25126,PASTUSA_SUPREMA,12.39,18.38,310.31,16.88,0.0,0.0059540956132470004
20231201,25151,CRIOLLA,37.12,39.82,761.98,19.14,0.0,0.014620546470890236
20231201,25151,PASTUSA_SUPREMA,51.4,36.75,1034.36,28.15,28.501945525291827,0.019846857460340196
20231201,25154,CRIOLLA,18.28,18.99,342.03,18.01,0.0,0.006562725412003711
20231201,25154,PASTUSA_SUPREMA,456.92,477.8,10757.34,22.51,0.0,0.20640724083724818
20231201,25175,PASTUSA_SUPREMA,31.41,30.63,861.97,28.14,2.483285577841454,0.016539111842191735
20231201,25178,CRIOLLA,5.71,6.13,137.91,22.5,0.0,0.002646158119373832
20231201,25178,PASTUSA_SUPREMA,19.99,30.63,1034.36,33.77,0.0,0.019846857460340196
20231201,25181,CRIOLLA,51.4,42.88,675.78,15.76,16.57587548638132,0.012966577723953652
20231201,25181,PASTUSA_SUPREMA,8.57,9.19,144.81,15.76,0.0,0.00277855236941864
20231201,25183,CRIOLLA,6.85,7.35,124.12,16.89,0.0,0.002381561495008919
20231201,25183,PASTUSA_SUPREMA,314.13,306.28,8619.66,28.14,2.4989653964919034,0.16539035091901852
20231201,25200,PASTUSA_SUPREMA,188.48,196.02,4413.27,22.51,0.0,0.08467993795583316
20231201,25214,PASTUSA_SUPREMA,19.13,23.89,699.23,29.27,0.0,0.013416526298381297
20231201,25224,CRIOLLA,4.0,4.29,86.89,20.25,0.0,0.001667208171941065
20231201,25224,PASTUSA_SUPREMA,68.54,73.51,1820.47,24.76,0.0,0.03493040005493786
20231201,25260,CRIOLLA,154.21,164.17,3141.69,19.14,0.0,0.06028140455409741
20231201,25260,PASTUSA_SUPREMA,239.88,256.67,6934.35,27.02,0.0,0.13305334315916129
20231201,25269,CRIOLLA,58.26,63.71,1434.31,22.51,0.0,0.027520927069821486
20231201,25269,PASTUSA_SUPREMA,190.19,434.31,9778.14,22.51,0.0,0.18761876987436765
20231201,25281,CRIOLLA,141.65,52.07,820.59,15.76,63.24038122132016,0.015745130093372292
20231201,25281,PASTUSA_SUPREMA,170.2,79.63,1882.53,23.64,53.213866039953,0.03612118080244232
20231201,25286,PASTUSA_SUPREMA,85.67,61.26,1930.8,31.52,28.493054744951564,0.03704736492558186
20231201,25288,CRIOLLA,5.71,6.13,124.12,20.25,0.0,0.002381561495008919
20231201,25288,PASTUSA_SUPREMA,74.25,79.63,1972.18,24.77,0.0,0.037841346674401304
20231201,25293,PASTUSA_SUPREMA,1.14,0.0,0.0,0.0,100.0,0.0
20231201,25295,PASTUSA_SUPREMA,6.28,3.68,76.54,20.8,41.40127388535032,0.0014686167968738532
20231201,25297,PASTUSA_SUPREMA,8.57,3.68,74.47,20.24,57.05950991831972,0.0014288985218604108
20231201,25299,PASTUSA_SUPREMA,4.0,3.68,95.16,25.86,7.9999999999999964,0.0018258893962701315
20231201,25312,CRIOLLA,10.85,11.64,196.53,16.88,0.0,0.00377093361758059
20231201,25312,PASTUSA_SUPREMA,35.41,37.98,855.07,22.51,0.0,0.016406717592146926
20231201,25317,CRIOLLA,9.71,10.41,187.56,18.02,0.0,0.00359882109252234
20231201,25317,PASTUSA_SUPREMA,154.21,220.52,4964.93,22.51,0.0,0.0952649541847779
20231201,25322,CRIOLLA,11.42,12.25,193.08,15.76,0.0,0.0037047364925581862
20231201,25322,PASTUSA_SUPREMA,75.39,86.37,2722.43,31.52,0.0,0.05223682292021537
20231201,25326,CRIOLLA,22.85,24.5,468.91,19.14,0.0,0.008997244607030552
20231201,25326,PASTUSA_SUPREMA,685.38,732.02,27193.31,37.15,0.0,0.5217736063313002
20231201,25339,PASTUSA_SUPREMA,33.7,35.84,806.8,22.51,0.0,0.01548053346900738
20231201,25372,PASTUSA_SUPREMA,32.56,31.85,502.01,15.76,2.180589680589684,0.009632353255796224
20231201,25377,CRIOLLA,54.26,57.58,1199.17,20.83,0.0,0.023009161279164077
20231201,25377,PASTUSA_SUPREMA,468.34,563.56,17128.99,30.39,0.0,0.32866373696739304
20231201,25407,CRIOLLA,13.71,14.7,281.35,19.14,0.0,0.005398423514508213
20231201,25407,PASTUSA_SUPREMA,246.74,264.63,8936.87,33.77,0.0,0.17147684078231032
20231201,25426,CRIOLLA,12.57,21.44,579.24,27.02,0.0,0.01111420947767456
20231201,25426,PASTUSA_SUPREMA,108.52,165.39,4654.62,28.14,0.0,0.0893108585715309
20231201,25430,PASTUSA_SUPREMA,380.5,469.35,12152.07,25.89,0.0,0.2331687237886967
20231201,25436,PASTUSA_SUPREMA,15.99,18.38,372.37,20.26,0.0,0.00714487636075146
20231201,25473,PASTUSA_SUPREMA,131.36,140.89,4599.45,32.65,0.0,0.08825228019834654
20231201,25486,CRIOLLA,1.71,1.84,41.37,22.48,0.0,0.0007937898730947388
20231201,25513,CRIOLLA,108.52,98.01,1323.98,13.51,9.684850718761506,0.02540396219917748
20231201,25513,PASTUSA_SUPREMA,51.4,45.94,1189.51,25.89,10.62256809338522,0.022823809329101347
20231201,25535,PASTUSA_SUPREMA,576.86,612.57,13101.89,21.39,0.0,0.25139346387240097
20231201,25594,CRIOLLA,5.71,7.35,115.85,15.76,0.0,0.0022228802706798522
20231201,25594,PASTUSA_SUPREMA,10.28,12.25,248.25,20.27,0.0,0.00476331486574254
20231201,25649,PASTUSA_SUPREMA,6.85,6.13,151.71,24.75,10.510948905109485,0.0029109466194634477
20231201,25653,CRIOLLA,12.57,15.93,286.86,18.01,0.0,0.005504147038819357
20231201,25653,PASTUSA_SUPREMA,456.92,551.31,12412.31,22.51,0.0,0.2381620976483577
20231201,25736,CRIOLLA,15.42,16.54,335.13,20.26,0.0,0.006430331161958903
20231201,25736,PASTUSA_SUPREMA,685.38,735.08,25652.12,34.9,0.0,0.4922019115158572
20231201,25740,CRIOLLA,314.13,336.91,8343.83,24.77,0.0,0.16009784280454617
20231201,25740,PASTUSA_SUPREMA,469.49,560.5,14512.06,25.89,0.0,0.2784512029427903
20231201,25745,PASTUSA_SUPREMA,39.98,36.75,1034.36,28.15,8.079039519759867,0.019846857460340196
20231201,25754,CRIOLLA,23.47,25.18,170.05,6.75,0.0,0.0032628466985680526
20231201,25754,PASTUSA_SUPREMA,283.45,301.24,2034.67,6.75,0.0,0.039040378078067976
20231201,25758,PASTUSA_SUPREMA,14.28,39.82,1501.55,37.71,0.0,0.0288110994427219
20231201,25769,CRIOLLA,55.97,58.81,1191.58,20.26,0.0,0.02286352760411479
20231201,25769,PASTUSA_SUPREMA,148.5,128.64,3620.26,28.14,13.373737373737383,0.06946400111119069
20231201,25772,CRIOLLA,5.71,6.13,137.91,22.5,0.0,0.002646158119373832
20231201,25772,PASTUSA_SUPREMA,571.15,612.57,16549.75,27.02,0.0,0.3175495274897185
20231201,25779,CRIOLLA,17.13,18.38,372.37,20.26,0.0,0.00714487636075146
20231201,25779,PASTUSA_SUPREMA,97.1,104.14,2344.55,22.51,0.0,0.04498622303515276
20231201,25781,PASTUSA_SUPREMA,51.4,0.0,0.0,0.0,100.0,0.0
20231201,25785,CRIOLLA,6.85,7.35,140.67,19.14,0.0,0.002699115819391755
20231201,25785,PASTUSA_SUPREMA,57.12,73.51,2068.72,28.14,0.0,0.03969371492068039
20231201,25793,CRIOLLA,54.83,58.81,926.79,15.76,0.0,0.017782850289714117
20231201,25793,PASTUSA_SUPREMA,4454.98,5529.05,99585.37,18.01,0.0,1.910801503852855
20231201,25799,CRIOLLA,14.28,15.31,379.27,24.77,0.0,0.0072772706107962675
20231201,25799,PASTUSA_SUPREMA,85.67,214.4,8447.27,39.4,0.0,0.16208260530087007
20231201,25807,PASTUSA_SUPREMA,228.46,245.03,5516.58,22.51,0.0,0.10584977853799793
20231201,25817,PASTUSA_SUPREMA,11.42,15.31,396.5,25.9,0.0,0.007607872484458882
20231201,25841,CRIOLLA,91.38,30.63,689.57,22.51,66.4806303348654,0.013231174348318565
20231201,25841,PASTUSA_SUPREMA,274.15,205.21,4620.14,22.51,25.146817435710368,0.08864927107275626
20231201,25843,CRIOLLA,9.14,7.35,115.85,15.76,19.584245076586438,0.0022228802706798522
20231201,25843,PASTUSA_SUPREMA,319.85,330.79,7447.39,22.51,0.0,0.1428973353393045
20231201,25845,CRIOLLA,183.91,197.25,3774.72,19.14,0.0,0.07242771355494737
20231201,25845,PASTUSA_SUPREMA,519.75,520.68,16411.84,31.52,0.0,0.31490336937034463
20231201,25873,CRIOLLA,19.99,21.44,434.43,20.26,0.0,0.00833565710825592
20231201,25873,PASTUSA_SUPREMA,3426.91,4189.97,117916.98,28.14,0.0,2.2625405992244345
20231201,25898,CRIOLLA,51.4,55.13,1241.23,22.51,0.0,0.023816190577263297
20231201,25898,PASTUSA_SUPREMA,68.54,73.51,1985.97,27.02,0.0,0.038105943298766216
20231201,25899,CRIOLLA,68.54,36.75,744.74,20.27,46.38167493434491,0.01428975272150292
20231201,25899,PASTUSA_SUPREMA,685.38,496.18,12288.19,24.77,27.60512416469696,0.23578053615334876
20231201,41001,PASTUSA_SUPREMA,1.71,1.84,14.48,7.87,0.0,0.0002778360493693937
20231201,41206,PASTUSA_SUPREMA,6.85,6.13,34.48,5.62,10.510948905109485,0.0006615874987746336
20231201,41359,PASTUSA_SUPREMA,0.86,1.23,8.27,6.72,0.0,0.00015868122432906672
20231201,41396,PASTUSA_SUPREMA,4.0,4.29,38.62,9.0,0.0,0.0007410240488015183
20231201,41668,PASTUSA_SUPREMA,1.71,1.84,8.27,4.49,0.0,0.00015868122432906672
20231201,41676,PASTUSA_SUPREMA,0.29,0.31,7.59,24.48,0.0,0.00014563367504928857
20231201,52001,CRIOLLA,63.97,67.38,1365.35,20.26,0.0,0.026197752072272217
20231201,52001,PASTUSA_SUPREMA,2684.41,1408.91,39650.45,28.14,47.51509642714786,0.7607958828534997
20231201,52022,PASTUSA_SUPREMA,142.79,91.89,1551.54,16.88,35.646753974367954,0.0297702861905103
20231201,52036,CRIOLLA,0.86,0.92,10.34,11.24,0.0,0.00019839949934250906
20231201,52036,PASTUSA_SUPREMA,11.42,12.25,193.08,15.76,0.0,0.0037047364925581862
20231201,52083,PASTUSA_SUPREMA,5.14,7.35,124.12,16.89,0.0,0.002381561495008919
20231201,52110,PASTUSA_SUPREMA,11.42,36.75,661.99,18.01,0.0,0.01270198109958874
20231201,52210,PASTUSA_SUPREMA,314.13,312.41,8088.69,25.89,0.5475440104415252,0.15520232556448352
20231201,52215,CRIOLLA,45.69,49.01,606.82,12.38,0.0,0.011643402726404385
20231201,52215,PASTUSA_SUPREMA,257.02,245.03,5516.58,22.51,4.665006614271261,0.10584977853799793
20231201,52224,CRIOLLA,31.41,33.69,455.12,13.51,0.0,0.00873264798266564
20231201,52224,PASTUSA_SUPREMA,257.02,306.28,6206.16,20.26,0.0,0.1190811447620412
20231201,52227,CRIOLLA,74.25,40.43,455.12,11.26,45.54882154882155,0.00873264798266564
20231201,52227,PASTUSA_SUPREMA,279.86,248.09,6144.1,24.77,11.352104623740445,0.11789036401453673
20231201,52240,PASTUSA_SUPREMA,1.14,3.06,41.37,13.52,0.0,0.0007937898730947388
20231201,52258,PASTUSA_SUPREMA,4.57,6.13,89.64,14.62,0.0,0.0017199739962342855
20231201,52260,PASTUSA_SUPREMA,2.86,0.0,0.0,0.0,100.0,0.0
20231201,52287,PASTUSA_SUPREMA,11.42,18.38,227.56,12.38,0.0,0.00436632399133282
20231201,52317,CRIOLLA,11.42,9.19,124.12,13.51,19.527145359019272,0.002381561495008919
20231201,52317,PASTUSA_SUPREMA,199.9,232.78,5240.75,22.51,0.0,0.10055727042352557
20231201,52320,CRIOLLA,11.42,12.25,248.25,20.27,0.0,0.00476331486574254
20231201,52320,PASTUSA_SUPREMA,74.25,49.01,1103.32,22.51,33.993265993266,0.021170032457889468
20231201,52323,CRIOLLA,14.28,15.31,172.39,11.26,0.0,0.0033077456181484655
20231201,52323,PASTUSA_SUPREMA,342.69,275.66,6206.16,22.51,19.559952143336535,0.1190811447620412
20231201,52352,CRIOLLA,34.27,12.25,137.91,11.26,64.25444995622995,0.002646158119373832
20231201,52352,PASTUSA_SUPREMA,57.12,3.06,62.06,20.28,94.64285714285714,0.0011907807475044596
20231201,52354,CRIOLLA,14.28,12.86,188.25,14.64,9.943977591036413,0.0036120605175268207
20231201,52354,PASTUSA_SUPREMA,171.35,217.46,3916.77,18.01,0.0,0.07515330822434808
20231201,52356,CRIOLLA,68.54,73.51,744.74,10.13,0.0,0.01428975272150292
20231201,52356,PASTUSA_SUPREMA,628.27,336.91,6826.77,20.26,46.37496617696213,0.13098914411281048
20231201,52378,PASTUSA_SUPREMA,42.84,45.94,1034.36,22.52,0.0,0.019846857460340196
20231201,52381,CRIOLLA,0.86,0.61,5.52,9.05,29.06976744186046,0.00010591540003584622
20231201,52381,PASTUSA_SUPREMA,1.14,4.9,77.23,15.76,0.0,0.001481856221878334
20231201,52385,PASTUSA_SUPREMA,1.31,1.41,7.14,5.06,0.0,0.00013699926743767065
20231201,52418,PASTUSA_SUPREMA,0.0,2.45,22.07,9.01,0.0,0.00042346972441868226
20231201,52435,PASTUSA_SUPREMA,48.55,49.01,551.66,11.26,0.0,0.010585016228944734
20231201,52480,CRIOLLA,3.43,3.68,41.37,11.24,0.0,0.0007937898730947388
20231201,52480,PASTUSA_SUPREMA,5.71,3.68,49.65,13.49,35.551663747810856,0.0009526629731485081
20231201,52506,PASTUSA_SUPREMA,685.38,398.17,11205.56,28.14,41.90522046164171,0.21500749456986903
20231201,52560,CRIOLLA,514.04,398.17,6275.11,15.76,22.541047389308222,0.12040412788386576
20231201,52560,PASTUSA_SUPREMA,1542.11,1690.69,40919.26,24.2,0.0,0.7851412666794929
20231201,52565,PASTUSA_SUPREMA,8.57,61.26,1034.36,16.88,0.0,0.019846857460340196
20231201,52573,CRIOLLA,39.98,42.88,579.24,13.51,0.0,0.01111420947767456
20231201,52573,PASTUSA_SUPREMA,97.1,98.01,1985.97,20.26,0.0,0.038105943298766216
20231201,52585,CRIOLLA,34.27,36.75,620.62,16.89,0.0,0.011908191226494001
20231201,52585,PASTUSA_SUPREMA,1028.07,1225.14,34478.65,28.14,0.0,0.6615615955517988
20231201,52678,PASTUSA_SUPREMA,17.13,13.48,227.56,16.88,21.307647402218322,0.00436632399133282
20231201,52683,PASTUSA_SUPREMA,2.86,6.13,124.12,20.25,0.0,0.002381561495008919
20231201,52685,PASTUSA_SUPREMA,5.71,6.13,82.75,13.5,0.0,0.0015877716219141803
20231201,52693,PASTUSA_SUPREMA,0.0,1.84,24.82,13.49,0.0,0.0004762355487119028
20231201,52699,PASTUSA_SUPREMA,6.85,12.25,220.66,18.01,0.0,0.004233929741288012
20231201,52720,CRIOLLA,5.14,5.51,74.47,13.52,0.0,0.0014288985218604108
20231201,52720,PASTUSA_SUPREMA,456.92,324.66,10233.26,31.52,28.945986168257022,0.19635141785703328
20231201,52788,PASTUSA_SUPREMA,219.89,257.28,5937.22,23.08,0.0,0.11392083902188893
20231201,52838,CRIOLLA,222.75,238.9,4034.0,16.89,0.0,0.0774026673450369
20231201,52838,PASTUSA_SUPREMA,1570.67,837.93,16978.8,20.26,46.651429008002964,0.3257819554580844
20231201,52885,CRIOLLA,4.57,4.9,82.75,16.89,0.0,0.0015877716219141803
20231201,52885,PASTUSA_SUPREMA,179.91,192.96,4344.31,22.51,0.0,0.0833567629582839
20231201,54125,CRIOLLA,22.85,24.5,551.66,22.52,0.0,0.010585016228944734
20231201,54125,PASTUSA_SUPREMA,28.56,35.53,879.9,24.76,0.0,0.016883145016583532
20231201,54174,CRIOLLA,42.84,42.88,627.51,14.63,0.0,0.012040393600814105
20231201,54174,PASTUSA_SUPREMA,319.85,300.16,4899.42,16.32,6.1560106299828,0.09400797631225104
20231201,54347,CRIOLLA,2.86,3.06,49.99,16.34,0.0,0.0009591867477883972
20231201,54347,PASTUSA_SUPREMA,3.43,3.68,66.2,17.99,0.0,0.001270217297531344
20231201,54377,CRIOLLA,2.28,2.45,41.37,16.89,0.0,0.0007937898730947388
20231201,54377,PASTUSA_SUPREMA,3.43,3.68,62.06,16.86,0.0,0.0011907807475044596
20231201,54480,CRIOLLA,57.12,12.25,303.41,24.77,78.55392156862744,0.005821701363202193
20231201,54480,PASTUSA_SUPREMA,34.27,24.5,661.99,27.02,28.508899912459885,0.01270198109958874
20231201,54518,CRIOLLA,51.4,53.91,788.87,14.63,0.0,0.01513650029461558
20231201,54518,PASTUSA_SUPREMA,85.67,102.91,1737.72,16.89,0.0,0.03334262843302368
20231201,54743,CRIOLLA,131.36,139.05,3130.66,22.51,0.0,0.06006976562975042
20231201,54743,PASTUSA_SUPREMA,182.77,756.52,17032.45,22.51,0.0,0.32681136872111394
20231201,68020,PASTUSA_SUPREMA,51.4,42.88,868.86,20.26,16.57587548638132,0.01667131421651184
20231201,68101,PASTUSA_SUPREMA,14.28,21.13,523.39,24.77,0.0,0.010042583555210427
20231201,68132,CRIOLLA,1.14,1.23,12.41,10.09,0.0,0.0002381177743559514
20231201,68152,PASTUSA_SUPREMA,0.0,147.02,2647.96,18.01,0.0,0.05080792439835496
20231201,68162,PASTUSA_SUPREMA,114.23,120.06,2730.16,22.74,0.0,0.052385142855410495
20231201,68207,CRIOLLA,6.85,7.23,104.15,14.41,0.0,0.001998385672777787
20231201,68207,PASTUSA_SUPREMA,22.85,41.65,1078.49,25.89,0.0,0.020693605033452862
20231201,68264,PASTUSA_SUPREMA,12.57,13.48,91.02,6.75,0.0,0.001746452846243247
20231201,68298,PASTUSA_SUPREMA,5.71,9.19,80.47,8.76,0.0,0.0015440239566819828
20231201,68318,CRIOLLA,17.13,17.76,359.96,20.27,0.0,0.006906758586395508
20231201,68318,PASTUSA_SUPREMA,125.65,211.95,5010.44,23.64,0.0,0.09613818060789953
20231201,68368,CRIOLLA,1.14,1.23,20.69,16.82,0.0,0.00039699087440972074
20231201,68377,PASTUSA_SUPREMA,2.86,2.76,83.78,30.36,3.4965034965035002,0.00160753482155855
20231201,68432,CRIOLLA,0.57,0.61,15.72,25.77,0.0,0.0003016286392325186
20231201,68468,PASTUSA_SUPREMA,5.14,9.8,198.6,20.27,0.0,0.0038106518925940325
20231201,68502,PASTUSA_SUPREMA,42.84,27.57,496.49,18.01,35.64425770308124,0.00952643785576038
20231201,68572,PASTUSA_SUPREMA,14.28,21.44,362.03,16.89,0.0,0.006946476861408951
20231201,68669,PASTUSA_SUPREMA,11.42,21.44,482.7,22.51,0.0,0.009261841231395465
20231201,68682,CRIOLLA,1.14,1.84,12.41,6.74,0.0,0.0002381177743559514
20231201,68682,PASTUSA_SUPREMA,0.0,1.84,16.55,8.99,0.0,0.000317554324382836
20231201,68773,PASTUSA_SUPREMA,0.57,1.16,19.65,16.94,0.0,0.0003770357990406482
20231201,68820,PASTUSA_SUPREMA,0.0,165.39,5213.17,31.52,0.0,0.10002807717479574
20231201,68867,CRIOLLA,0.29,0.31,4.31,13.9,0.0,8.26984373468292e-05
20231201,68867,PASTUSA_SUPREMA,1.14,1.23,27.58,22.42,0.0,0.0005291932487298259
20231201,73043,PASTUSA_SUPREMA,60.54,55.13,992.99,18.01,8.93624050214733,0.01905306758724546
20231201,73124,CRIOLLA,5.71,6.13,82.75,13.5,0.0,0.0015877716219141803
20231201,73124,PASTUSA_SUPREMA,7.42,7.96,125.5,15.77,0.0,0.0024080403450178808
20231201,73152,PASTUSA_SUPREMA,68.54,91.89,1758.41,19.14,0.0,0.0337396193074334
20231201,73347,PASTUSA_SUPREMA,89.1,95.56,1957.84,20.49,0.0,0.03756619688517775
20231201,73461,CRIOLLA,8.57,9.19,144.81,15.76,0.0,0.00277855236941864
20231201,73461,PASTUSA_SUPREMA,57.12,61.26,1517.06,24.76,0.0,0.029108698691735664
20231201,73622,CRIOLLA,31.41,30.63,517.18,16.88,2.483285577841454,0.009923428730170098
20231201,73622,PASTUSA_SUPREMA,34.27,33.69,758.53,22.51,1.6924423694193336,0.014554349345867832
20231201,73686,PASTUSA_SUPREMA,68.54,73.51,992.99,13.51,0.0,0.01905306758724546
20231201,73870,PASTUSA_SUPREMA,11.42,12.86,86.89,6.76,0.0,0.001667208171941065
20231201,76111,PASTUSA_SUPREMA,6.85,4.9,88.27,18.01,28.46715328467152,0.0016936870219500264
20231201,76736,PASTUSA_SUPREMA,6.85,18.99,256.52,13.51,0.0,0.004921996090071607
20231201,76834,PASTUSA_SUPREMA,142.79,156.21,3165.14,20.26,0.0,0.060731353128525054
20231201,86755,PASTUSA_SUPREMA,0.0,1.23,13.79,11.21,0.0,0.00026459662436491293
20240601,05001,PASTUSA_SUPREMA,22.24,26.04,440.23,16.91,0.0,0.00836720391339504
20240601,05002,PASTUSA_SUPREMA,52.67,49.59,524.08,10.57,5.84773115625593,0.009960893684964844
20240601,05004,CRIOLLA,1.76,1.55,4.91,3.17,11.931818181818176,9.332160737516672e-05
20240601,05004,PASTUSA_SUPREMA,1.17,0.62,1.97,3.18,47.008547008547005,3.7442681574150395e-05
20240601,05079,PASTUSA_SUPREMA,13.46,8.06,72.39,8.98,40.11887072808321,0.0013758759995699224
20240601,05086,PASTUSA_SUPREMA,239.95,247.96,3668.58,14.8,0.0,0.06972663592350084
20240601,05088,PASTUSA_SUPREMA,25.46,32.24,613.18,19.02,0.0,0.011654367252607888
20240601,05093,CRIOLLA,2.34,0.0,0.0,0.0,100.0,0.0
20240601,05148,CRIOLLA,158.01,164.9,3136.64,19.02,0.0,0.05961635164098634
20240601,05148,PASTUSA_SUPREMA,111.2,114.68,2545.08,22.19,0.0,0.048372903563826744
20240601,05206,PASTUSA_SUPREMA,20.48,31.0,491.33,15.85,0.0,0.009338432861841276
20240601,05237,CRIOLLA,0.59,0.5,5.24,10.48,15.254237288135586,9.959373169977059e-05
20240601,05237,PASTUSA_SUPREMA,28.09,34.09,936.8,27.48,0.0,0.017805230506936085
20240601,05264,PASTUSA_SUPREMA,280.91,297.56,9433.5,31.7,0.0,0.179297226715608
20240601,05266,CRIOLLA,8.63,5.41,72.63,13.43,37.31170336037081,0.0013804375445332707
20240601,05266,PASTUSA_SUPREMA,6.31,2.6,17.06,6.56,58.79556259904912,0.00032424982114467296
20240601,05308,CRIOLLA,2.93,3.1,16.38,5.28,0.0,0.0003113254437485195
20240601,05308,PASTUSA_SUPREMA,2.93,3.1,26.2,8.45,0.0,0.000497968658498853
20240601,05313,CRIOLLA,0.88,0.93,12.77,13.73,0.0,0.0002427122049248226
20240601,05313,PASTUSA_SUPREMA,4.1,4.03,74.52,18.49,1.7073170731707221,0.0014163597111196383
20240601,05318,PASTUSA_SUPREMA,11.7,6.2,58.96,9.51,47.008547008547005,0.001120619545995892
20240601,05376,PASTUSA_SUPREMA,10.53,12.4,209.63,16.91,0.0,0.003984319461111242
20240601,05400,CRIOLLA,69.06,76.04,1004.44,13.21,0.0,0.019090825929106405
20240601,05400,PASTUSA_SUPREMA,390.94,423.89,7839.3,18.49,0.0,0.1489971642965671
20240601,05440,PASTUSA_SUPREMA,111.2,119.02,1006.24,8.45,0.0,0.01912503751633152
20240601,05541,PASTUSA_SUPREMA,9.36,16.74,247.63,14.79,0.0,0.004706564080308052
20240601,05607,PASTUSA_SUPREMA,14.63,31.62,334.1,10.57,0.0,0.0063500507177277395
20240601,05615,PASTUSA_SUPREMA,4.68,4.34,57.32,13.21,7.264957264957261,0.0010894489887463455
20240601,05647,PASTUSA_SUPREMA,1.17,0.62,6.55,10.56,47.008547008547005,0.00012449216462471325
20240601,05658,PASTUSA_SUPREMA,26.92,7.44,196.53,26.42,72.36255572065379,0.0037353351318618155
20240601,05664,CRIOLLA,26.48,29.45,311.17,10.57,0.0,0.005914233109354507
20240601,05664,PASTUSA_SUPREMA,282.82,260.36,11005.75,42.27,7.941446856657941,0.20918009783487598
20240601,05674,PASTUSA_SUPREMA,292.62,306.85,7134.08,23.25,0.0,0.13559344455051514
20240601,05686,CRIOLLA,3.8,15.5,196.53,12.68,0.0,0.0037353351318618155
20240601,05686,PASTUSA_SUPREMA,468.19,204.57,10809.22,52.84,56.30620047416648,0.20544476270301418
20240601,05697,CRIOLLA,38.04,39.05,495.26,12.68,0.0,0.009413128160616104
20240601,05697,PASTUSA_SUPREMA,35.11,35.95,683.93,19.02,0.0,0.012999072694928263
20240601,05756,CRIOLLA,88.37,151.88,2086.51,13.74,0.0,0.03965712158948251
20240601,05756,PASTUSA_SUPREMA,41.55,80.59,1362.62,16.91,0.0,0.025898551658156757
20240601,05847,CRIOLLA,2.63,2.79,23.58,8.45,0.0,0.00044817179264896765
20240601,05847,PASTUSA_SUPREMA,2.93,3.1,58.96,19.02,0.0,0.001120619545995892
20240601,05887,PASTUSA_SUPREMA,58.52,29.76,1415.03,47.55,49.1455912508544,0.026894679039527934
20240601,15001,CRIOLLA,117.05,123.98,1310.21,10.57,0.0,0.024902424276785576
20240601,15001,PASTUSA_SUPREMA,936.38,991.85,20963.33,21.14,0.0,0.39843821823544884
20240601,15022,CRIOLLA,1.17,1.24,7.08,5.71,0.0,0.000134565576418774
20240601,15022,PASTUSA_SUPREMA,2.93,5.58,53.06,9.51,0.0,0.0010084815656469137
20240601,15047,CRIOLLA,0.88,0.62,5.24,8.45,29.54545454545454,9.959373169977059e-05
20240601,15047,PASTUSA_SUPREMA,11.7,46.49,1228.32,26.42,0.0,0.023345987122416454
20240601,15051,PASTUSA_SUPREMA,702.29,867.87,22928.65,26.42,0.0,0.43579194968281393
20240601,15087,CRIOLLA,46.82,49.59,628.9,12.68,0.0,0.0119531484477072
20240601,15087,PASTUSA_SUPREMA,169.72,173.57,3301.73,19.02,0.0,0.06275412438264953
20240601,15092,CRIOLLA,2.34,0.0,0.0,0.0,100.0,0.0
20240601,15092,PASTUSA_SUPREMA,12.88,7.44,125.78,16.91,42.2360248447205,0.00239062968954144
20240601,15104,CRIOLLA,29.26,0.0,0.0,0.0,100.0,0.0
20240601,15104,PASTUSA_SUPREMA,122.9,130.18,2751.44,21.14,0.0,0.05229507197481237
20240601,15109,CRIOLLA,2.34,1.86,19.65,10.56,20.512820512820507,0.0003734764938741397
20240601,15109,PASTUSA_SUPREMA,11.7,13.64,259.42,19.02,0.0,0.004930649976632536
20240601,15114,PASTUSA_SUPREMA,2.93,3.1,28.5,9.19,0.0,0.0005416834643976072
20240601,15131,CRIOLLA,76.08,80.59,1107.13,13.74,0.0,0.021042596980299047
20240601,15131,PASTUSA_SUPREMA,58.52,55.79,1061.27,19.02,4.665071770334938,0.020170961763552583
20240601,15162,PASTUSA_SUPREMA,23.41,34.09,540.46,15.85,0.0,0.010272219128713362
20240601,15172,PASTUSA_SUPREMA,3.51,3.72,58.96,15.85,0.0,0.001120619545995892
20240601,15176,CRIOLLA,23.41,0.0,0.0,0.0,100.0,0.0
20240601,15176,PASTUSA_SUPREMA,204.83,158.7,4192.67,26.42,22.521115071034526,0.07968771967283915
20240601,15180,PASTUSA_SUPREMA,29.26,52.69,1002.31,19.02,0.0,0.01905034221755669
20240601,15183,PASTUSA_SUPREMA,181.42,18.6,294.8,15.85,89.74754712821078,0.00560309772997946
20240601,15187,PASTUSA_SUPREMA,87.79,8.06,255.49,31.7,90.81899988609182,0.0048559546778577075
20240601,15189,CRIOLLA,1.76,1.86,23.58,12.68,0.0,0.00044817179264896765
20240601,15189,PASTUSA_SUPREMA,128.75,111.58,2358.38,21.14,13.335922330097095,0.044824401711088736
20240601,15204,PASTUSA_SUPREMA,292.62,371.94,7861.25,21.14,0.0,0.14941435559634
20240601,15215,PASTUSA_SUPREMA,0.59,0.62,13.1,21.13,0.0,0.0002489843292494265
20240601,15224,PASTUSA_SUPREMA,64.38,0.0,0.0,0.0,100.0,0.0
20240601,15226,CRIOLLA,1.17,1.86,31.45,16.91,0.0,0.0005977524545720963
20240601,15226,PASTUSA_SUPREMA,16.97,9.48,250.58,26.43,44.13671184443134,0.004762633070482541
20240601,15232,CRIOLLA,11.7,0.0,0.0,0.0,100.0,0.0
20240601,15232,PASTUSA_SUPREMA,351.14,402.94,8516.35,21.14,0.0,0.16186547270254603
20240601,15236,PASTUSA_SUPREMA,0.94,0.87,14.67,16.86,7.4468085106382915,0.0002788244358846631
20240601,15238,CRIOLLA,1.17,1.24,23.58,19.02,0.0,0.00044817179264896765
20240601,15238,PASTUSA_SUPREMA,17.56,9.3,196.53,21.13,47.0387243735763,0.0037353351318618155
20240601,15244,PASTUSA_SUPREMA,134.6,74.39,943.35,12.68,44.73254086181277,0.0179297226715608
20240601,15248,PASTUSA_SUPREMA,7.02,3.1,26.2,8.45,55.84045584045584,0.000497968658498853
20240601,15272,PASTUSA_SUPREMA,64.38,58.89,1244.7,21.14,8.527493010251618,0.023657312566164972
20240601,15276,PASTUSA_SUPREMA,29.26,0.0,0.0,0.0,100.0,0.0
20240601,15293,PASTUSA_SUPREMA,40.97,49.59,1048.17,21.14,0.0,0.01992197743430316
20240601,15296,PASTUSA_SUPREMA,251.65,99.19,1572.25,15.85,60.58414464534076,0.029882871119267997
20240601,15299,PASTUSA_SUPREMA,1.76,1.86,13.76,7.4,0.0,0.00026152857789863424
20240601,15317,PASTUSA_SUPREMA,7.02,0.0,0.0,0.0,100.0,0.0
20240601,15332,CRIOLLA,1.17,1.24,9.17,7.4,0.0,0.00017428903047459854
20240601,15332,PASTUSA_SUPREMA,14.63,11.16,141.5,12.68,23.718386876281617,0.0026894108846407514
20240601,15362,PASTUSA_SUPREMA,9.95,3.1,65.51,21.13,68.84422110552764,0.0012451117106206055
20240601,15367,PASTUSA_SUPREMA,280.91,285.16,6629.65,23.25,0.0,0.12600602735942446
20240601,15368,PASTUSA_SUPREMA,204.83,123.98,1965.31,15.85,39.47175706683591,0.03735354138299163
20240601,15377,PASTUSA_SUPREMA,1.76,4.34,45.86,10.57,0.0,0.0008716352167464656
20240601,15403,CRIOLLA,3.22,2.48,39.31,15.85,22.98136645962734,0.0007471430521217523
20240601,15403,PASTUSA_SUPREMA,11.7,6.2,163.78,26.42,47.008547008547005,0.0031128743087382497
20240601,15407,PASTUSA_SUPREMA,83.1,46.49,835.26,17.97,44.055354993983144,0.015875316858692822
20240601,15425,PASTUSA_SUPREMA,4.68,1.86,23.58,12.68,60.256410256410255,0.00044817179264896765
20240601,15442,CRIOLLA,1.17,1.24,20.31,16.38,0.0,0.00038602074252334743
20240601,15442,PASTUSA_SUPREMA,5.27,0.0,0.0,0.0,100.0,0.0
20240601,15464,PASTUSA_SUPREMA,163.87,74.39,1886.7,25.36,54.60425947397327,0.0358594453431216
20240601,15466,CRIOLLA,7.02,6.2,72.06,11.62,11.680911680911677,0.0013696038752453185
20240601,15466,PASTUSA_SUPREMA,32.19,31.0,589.59,19.02,3.696800248524379,0.011206005395585448
20240601,15476,PASTUSA_SUPREMA,468.19,297.56,9433.5,31.7,36.44460582242252,0.179297226715608
20240601,15491,PASTUSA_SUPREMA,3.51,3.72,98.27,26.42,0.0,0.0018677625981176442
20240601,15494,PASTUSA_SUPREMA,105.34,123.98,2882.46,23.25,0.0,0.05478529539605358
20240601,15500,PASTUSA_SUPREMA,17.56,43.39,894.22,20.61,0.0,0.016995936404688713
20240601,15511,PASTUSA_SUPREMA,8.19,7.44,117.92,15.85,9.157509157509146,0.002241239091991784
20240601,15516,PASTUSA_SUPREMA,74.33,28.83,487.4,16.91,61.21350733216736,0.009263737563066447
20240601,15522,PASTUSA_SUPREMA,8.78,6.2,131.02,21.13,29.38496583143507,0.002490223421241211
20240601,15531,CRIOLLA,7.02,7.44,55.03,7.4,0.0,0.001045924247221064
20240601,15531,PASTUSA_SUPREMA,20.48,21.7,343.93,15.85,0.0,0.006536883996851546
20240601,15537,PASTUSA_SUPREMA,9.89,10.48,155.0,14.79,0.0,0.002945997788829092
20240601,15542,PASTUSA_SUPREMA,55.01,84.93,2243.73,26.42,0.0,0.04264531366922257
20240601,15599,CRIOLLA,10.53,11.16,176.88,15.85,0.0,0.003361858637987676
20240601,15599,PASTUSA_SUPREMA,87.79,86.79,1926.01,22.19,1.1390818999886143,0.03660658839524335
20240601,15600,PASTUSA_SUPREMA,117.05,161.18,2554.91,15.85,0.0,0.04855973684295055
20240601,15621,PASTUSA_SUPREMA,3.51,4.96,73.37,14.79,0.0,0.0013945023081702612
20240601,15632,CRIOLLA,286.77,278.96,2653.17,9.51,2.7234369006520875,0.05042730937669472
20240601,15632,PASTUSA_SUPREMA,1287.52,929.86,19653.13,21.14,27.778985957499692,0.3735359840230367
20240601,15646,PASTUSA_SUPREMA,409.67,235.56,5974.55,25.36,42.50006102472722,0.1135549102532184
20240601,15676,CRIOLLA,7.02,7.44,149.36,20.08,0.0,0.0028388014821904076
20240601,15676,PASTUSA_SUPREMA,8.78,9.3,245.66,26.42,0.0,0.004669121398733901
20240601,15693,CRIOLLA,19.31,20.46,309.36,15.12,0.0,0.005879831457755922
20240601,15693,PASTUSA_SUPREMA,18.73,19.84,320.74,16.17,0.0,0.006096124714768019
20240601,15696,PASTUSA_SUPREMA,14.63,18.6,353.76,19.02,0.0,0.006723717275975352
20240601,15720,PASTUSA_SUPREMA,35.11,0.0,0.0,0.0,100.0,0.0
20240601,15723,PASTUSA_SUPREMA,5.85,4.96,78.61,15.85,15.213675213675204,0.0014940960398700316
20240601,15740,CRIOLLA,23.41,24.8,314.45,12.68,0.0,0.0059765742238536
20240601,15740,PASTUSA_SUPREMA,1580.14,2126.28,44940.15,21.14,0.0,0.8541521453525659
20240601,15753,PASTUSA_SUPREMA,8.9,1.49,28.3,18.99,83.25842696629213,0.0005378821769281504
20240601,15755,CRIOLLA,1.17,1.24,15.72,12.68,0.0,0.0002987811950993118
20240601,15755,PASTUSA_SUPREMA,175.57,142.58,3013.48,21.14,18.790226120635634,0.057275518817294785
20240601,15757,PASTUSA_SUPREMA,10.53,4.96,104.82,21.13,52.89648622981956,0.0019922547627423573
20240601,15759,CRIOLLA,1.76,1.24,15.72,12.68,29.54545454545454,0.0002987811950993118
20240601,15759,PASTUSA_SUPREMA,128.75,111.58,2947.97,26.42,13.335922330097095,0.05603040710667418
20240601,15761,CRIOLLA,7.02,7.44,117.92,15.85,0.0,0.002241239091991784
20240601,15761,PASTUSA_SUPREMA,14.63,15.5,360.31,23.25,0.0,0.006848209440600065
20240601,15762,PASTUSA_SUPREMA,76.08,92.99,1572.25,16.91,0.0,0.029882871119267997
20240601,15763,PASTUSA_SUPREMA,280.91,38.43,893.56,23.25,86.31946174931473,0.016983392156039504
20240601,15764,CRIOLLA,163.87,173.57,2751.44,15.85,0.0,0.05229507197481237
20240601,15764,PASTUSA_SUPREMA,234.1,340.95,9007.68,26.42,0.0,0.17120390556438733
20240601,15774,PASTUSA_SUPREMA,152.16,161.18,4087.85,25.36,0.0,0.0776954649100968
20240601,15776,PASTUSA_SUPREMA,46.82,68.19,1008.86,14.79,0.0,0.019174834382181403
20240601,15778,PASTUSA_SUPREMA,2.22,0.0,0.0,0.0,100.0,0.0
20240601,15790,CRIOLLA,2.93,3.1,45.86,14.79,0.0,0.0008716352167464656
20240601,15790,PASTUSA_SUPREMA,17.56,18.6,452.02,24.3,0.0,0.008591289809719523
20240601,15804,PASTUSA_SUPREMA,99.49,42.15,824.12,19.55,57.63393305859885,0.015663585146644073
20240601,15806,PASTUSA_SUPREMA,26.34,27.9,884.39,31.7,0.0,0.016809103125564908
20240601,15808,CRIOLLA,1.17,0.93,7.86,8.45,20.512820512820507,0.0001493905975496559
20240601,15808,PASTUSA_SUPREMA,11.7,6.82,180.15,26.41,41.7094017094017,0.0034240096881132964
20240601,15810,CRIOLLA,0.59,0.62,3.28,5.29,0.0,6.234111449909305e-05
20240601,15814,PASTUSA_SUPREMA,702.29,495.93,13102.08,26.42,29.383872759116603,0.24902386263910883
20240601,15816,CRIOLLA,2.93,3.1,31.12,10.04,0.0,0.0005914803302474925
20240601,15816,PASTUSA_SUPREMA,2.93,0.0,0.0,0.0,100.0,0.0
20240601,15820,PASTUSA_SUPREMA,11.7,14.88,251.56,16.91,0.0,0.00478125937908288
20240601,15822,PASTUSA_SUPREMA,234.1,216.97,4127.16,19.02,7.317385732592907,0.07844260796221855
20240601,15835,PASTUSA_SUPREMA,163.87,167.37,4421.95,26.42,0.0,0.08404551562782453
20240601,15837,PASTUSA_SUPREMA,99.49,27.9,736.99,26.42,71.95698060106544,0.014007554260575176
20240601,15839,CRIOLLA,14.63,14.26,241.08,16.91,2.5290498974709585,0.004582071915683338
20240601,15839,PASTUSA_SUPREMA,263.36,277.1,6735.13,24.31,0.0,0.128010826370816
20240601,15842,CRIOLLA,5.27,5.58,58.96,10.57,0.0,0.001120619545995892
20240601,15842,PASTUSA_SUPREMA,526.71,557.92,11791.88,21.14,0.0,0.22412162842669672
20240601,15861,CRIOLLA,38.04,43.39,779.57,17.97,0.0,0.01481684836282255
20240601,15861,PASTUSA_SUPREMA,907.12,1332.8,30986.43,23.25,0.0,0.5889416404110157
20240601,15879,CRIOLLA,23.41,12.4,195.22,15.74,47.03118325501923,0.003710436698936873
20240601,15879,PASTUSA_SUPREMA,248.14,200.85,3226.26,16.06,19.05778995728218,0.06131970855604998
20240601,17001,PASTUSA_SUPREMA,29.26,31.0,393.06,12.68,0.0,0.007470670263723631
20240601,17013,PASTUSA_SUPREMA,9.36,12.4,91.71,7.4,0.0,0.0017430803691194582
20240601,17446,CRIOLLA,3.51,3.72,39.31,10.57,0.0,0.0007471430521217523
20240601,17446,PASTUSA_SUPREMA,7.02,6.2,131.02,21.13,11.680911680911677,0.002490223421241211
20240601,17541,PASTUSA_SUPREMA,17.56,29.76,663.49,22.29,0.0,0.012610581115549769
20240601,17653,PASTUSA_SUPREMA,40.97,9.3,157.23,16.91,77.30046375396631,0.002988382144113536
20240601,17873,PASTUSA_SUPREMA,40.97,40.29,851.64,21.14,1.6597510373443924,0.01618664230244134
20240601,19001,PASTUSA_SUPREMA,0.7,0.62,3.93,6.34,11.428571428571422,7.469529877482795e-05
20240601,19022,PASTUSA_SUPREMA,79.01,61.99,982.66,15.85,21.541577015567647,0.018676865723682552
20240601,19050,PASTUSA_SUPREMA,1.76,0.0,0.0,0.0,100.0,0.0
20240601,19100,CRIOLLA,12.29,0.0,0.0,0.0,100.0,0.0
20240601,19100,PASTUSA_SUPREMA,40.97,0.0,0.0,0.0,100.0,0.0
20240601,19212,CRIOLLA,2.34,2.48,23.58,9.51,0.0,0.00044817179264896765
20240601,19355,PASTUSA_SUPREMA,17.56,0.0,0.0,0.0,100.0,0.0
20240601,19364,CRIOLLA,14.63,15.44,50.57,3.28,0.0,0.0009611555366521754
20240601,19397,PASTUSA_SUPREMA,58.52,0.0,0.0,0.0,100.0,0.0
20240601,19517,PASTUSA_SUPREMA,49.75,37.19,550.29,14.8,25.246231155778897,0.010459052407837167
20240601,19585,PASTUSA_SUPREMA,427.22,422.78,8935.62,21.14,1.0392771873976026,0.16983430168914201
20240601,19693,PASTUSA_SUPREMA,298.47,316.15,7350.27,23.25,0.0,0.13970244624062458
20240601,19701,PASTUSA_SUPREMA,0.0,1.49,32.23,21.63,0.0,0.0006125774757029782
20240601,19743,PASTUSA_SUPREMA,88.96,77.49,1473.98,19.02,12.893435251798557,0.028015108521150352
20240601,19760,PASTUSA_SUPREMA,70.23,61.99,1310.21,21.14,11.732877687597899,0.024902424276785576
20240601,19821,CRIOLLA,2.34,2.48,27.51,11.09,0.0,0.0005228670914237956
20240601,19821,PASTUSA_SUPREMA,2.34,2.48,39.31,15.85,0.0,0.0007471430521217523
20240601,19824,CRIOLLA,90.71,48.35,1226.36,25.36,46.698269209568956,0.023308734505215777
20240601,19824,PASTUSA_SUPREMA,237.02,433.93,12840.04,29.59,0.0,0.24404341579662642
20240601,25019,PASTUSA_SUPREMA,5.85,3.1,49.13,15.85,47.008547008547005,0.0009337862668720857
20240601,25053,PASTUSA_SUPREMA,19.31,15.5,245.66,15.85,19.730709476954942,0.004669121398733901
20240601,25099,CRIOLLA,93.64,99.19,1572.25,15.85,0.0,0.029882871119267997
20240601,25099,PASTUSA_SUPREMA,93.64,92.99,2161.84,23.25,0.6941478000854429,0.04108887651485345
20240601,25120,PASTUSA_SUPREMA,29.26,11.78,161.81,13.74,59.74025974025974,0.0030754316271640993
20240601,25126,PASTUSA_SUPREMA,17.38,13.45,284.32,21.14,22.61219792865362,0.005403910266579918
20240601,25151,CRIOLLA,25.46,26.97,455.95,16.91,0.0,0.008665985108494352
20240601,25151,PASTUSA_SUPREMA,29.26,55.79,1356.07,24.31,0.0,0.025774059493532044
20240601,25154,CRIOLLA,18.73,17.36,293.49,16.91,7.314468766684468,0.005578199297054517
20240601,25154,PASTUSA_SUPREMA,438.93,433.93,9171.46,21.14,1.1391338026564557,0.17431677987312558
20240601,25175,PASTUSA_SUPREMA,40.97,34.09,792.68,23.25,16.792775201366837,0.015066022756445448
20240601,25178,CRIOLLA,8.78,9.3,196.53,21.13,0.0,0.0037353351318618155
20240601,25178,PASTUSA_SUPREMA,29.26,21.7,687.86,31.7,25.837320574162682,0.013073767993703092
20240601,25181,CRIOLLA,8.78,9.3,137.57,14.79,0.0,0.0026147155858659236
20240601,25181,PASTUSA_SUPREMA,8.78,0.0,0.0,0.0,100.0,0.0
20240601,25183,CRIOLLA,29.26,0.0,0.0,0.0,100.0,0.0
20240601,25183,PASTUSA_SUPREMA,585.24,309.95,9826.56,31.7,47.038821679994534,0.18676789697933163
20240601,25200,PASTUSA_SUPREMA,222.39,204.57,4323.69,21.14,8.01295022258195,0.08217794309408036
20240601,25214,PASTUSA_SUPREMA,20.86,20.77,570.6,27.47,0.4314477468839839,0.010845073150360516
20240601,25224,CRIOLLA,8.78,9.3,186.7,20.08,0.0,0.0035485018527380095
20240601,25224,PASTUSA_SUPREMA,58.52,74.39,1650.86,22.19,0.0,0.03137696715913803
20240601,25260,CRIOLLA,5.85,154.98,2784.19,17.96,0.0,0.05291753279793593
20240601,25260,PASTUSA_SUPREMA,105.34,247.96,6289.0,25.36,0.0,0.11953148447707199
20240601,25269,CRIOLLA,53.84,63.23,1069.13,16.91,0.0,0.020320352361102238
20240601,25269,PASTUSA_SUPREMA,193.13,185.97,3537.56,19.02,3.70734738259203,0.06723641250225963
20240601,25281,CRIOLLA,47.99,50.83,752.06,14.8,0.0,0.014293981271398753
20240601,25281,PASTUSA_SUPREMA,73.15,77.49,1719.65,22.19,0.0,0.03268441998425773
20240601,25286,PASTUSA_SUPREMA,122.9,31.0,818.88,26.42,74.77624084621644,0.015563991414944302
20240601,25288,CRIOLLA,2.93,1.86,35.38,19.02,36.51877133105802,0.0006724477533469243
20240601,25288,PASTUSA_SUPREMA,93.64,74.39,1729.48,23.25,20.55745407945323,0.032871253263381535
20240601,25293,PASTUSA_SUPREMA,1.17,1.24,18.34,14.79,0.0,0.0003485780609491971
20240601,25295,PASTUSA_SUPREMA,0.0,4.96,96.96,19.55,0.0,0.0018428641651927016
20240601,25297,PASTUSA_SUPREMA,3.51,9.3,176.88,19.02,0.0,0.003361858637987676
20240601,25299,PASTUSA_SUPREMA,1.76,4.34,96.3,22.19,0.0,0.0018303199165434938
20240601,25312,CRIOLLA,16.39,17.36,275.14,15.85,0.0,0.005229431171731847
20240601,25312,PASTUSA_SUPREMA,52.67,55.79,1297.11,23.25,0.0,0.02465343994753615
20240601,25317,CRIOLLA,6.44,3.72,62.89,16.91,42.2360248447205,0.00119531484477072
20240601,25317,PASTUSA_SUPREMA,193.13,167.37,3537.56,21.14,13.3381660021747,0.06723641250225963
20240601,25322,CRIOLLA,13.46,14.26,210.94,14.79,0.0,0.004009217894036185
20240601,25322,PASTUSA_SUPREMA,84.86,81.83,1902.42,23.25,3.570586848927648,0.03615822653822091
20240601,25326,CRIOLLA,26.34,27.9,501.15,17.96,0.0,0.009525076076591608
20240601,25326,PASTUSA_SUPREMA,760.81,805.88,27252.34,33.82,0.0,0.5179698927768943
20240601,25339,CRIOLLA,2.34,2.48,39.31,15.85,0.0,0.0007471430521217523
20240601,25339,PASTUSA_SUPREMA,2.93,0.0,0.0,0.0,100.0,0.0
20240601,25372,PASTUSA_SUPREMA,31.02,35.33,522.77,14.8,0.0,0.009935995252039899
20240601,25377,CRIOLLA,184.35,195.27,3714.44,19.02,0.0,0.0705982711402473
20240601,25377,PASTUSA_SUPREMA,514.42,544.9,15547.59,28.53,0.0,0.2955042952362665
20240601,25407,CRIOLLA,17.56,18.6,334.1,17.96,0.0,0.0063500507177277395
20240601,25407,PASTUSA_SUPREMA,263.36,278.96,8843.91,31.7,0.0,0.16809122132002255
20240601,25426,CRIOLLA,13.46,13.64,259.42,19.02,0.0,0.004930649976632536
20240601,25426,PASTUSA_SUPREMA,140.46,117.78,2738.34,23.25,16.14694574967963,0.05204608764556294
20240601,25430,PASTUSA_SUPREMA,382.16,428.85,10423.63,24.31,0.0,0.19811607052627475
20240601,25436,PASTUSA_SUPREMA,17.56,17.36,330.17,19.02,1.1389521640091105,0.006275355418952911
20240601,25473,PASTUSA_SUPREMA,128.75,136.38,4323.69,31.7,0.0,0.08217794309408036
20240601,25486,CRIOLLA,4.1,3.72,55.03,14.79,9.268292682926816,0.001045924247221064
20240601,25486,PASTUSA_SUPREMA,17.56,15.5,409.44,26.42,11.731207289293843,0.007781995707472151
20240601,25506,CRIOLLA,1.17,0.0,0.0,0.0,100.0,0.0
20240601,25513,CRIOLLA,163.87,161.18,2554.91,15.85,1.6415451272350001,0.04855973684295055
20240601,25513,PASTUSA_SUPREMA,87.79,83.69,2034.1,24.31,4.670235789953303,0.03866099420811133
20240601,25535,PASTUSA_SUPREMA,702.29,619.91,11791.88,19.02,11.730196927195314,0.22412162842669672
20240601,25594,PASTUSA_SUPREMA,14.63,11.16,176.88,15.85,23.718386876281617,0.003361858637987676
20240601,25649,PASTUSA_SUPREMA,7.02,6.2,144.12,23.25,11.680911680911677,0.002739207750490637
20240601,25653,CRIOLLA,12.88,12.4,209.63,16.91,3.7267080745341685,0.003984319461111242
20240601,25653,PASTUSA_SUPREMA,380.4,461.83,9761.05,21.14,0.0,0.18552278526871102
20240601,25736,CRIOLLA,32.19,0.0,0.0,0.0,100.0,0.0
20240601,25736,PASTUSA_SUPREMA,702.29,0.0,0.0,0.0,100.0,0.0
20240601,25740,CRIOLLA,280.91,323.59,7523.22,23.25,0.0,0.14298960957983742
20240601,25740,PASTUSA_SUPREMA,455.32,509.56,12385.4,24.31,0.0,0.235402329121057
20240601,25745,PASTUSA_SUPREMA,35.11,43.39,1192.29,27.48,0.0,0.022661185184793792
20240601,25754,CRIOLLA,27.04,20.64,130.89,6.34,23.668639053254438,0.002487752584386063
20240601,25754,PASTUSA_SUPREMA,274.65,0.0,0.0,0.0,100.0,0.0
20240601,25758,PASTUSA_SUPREMA,64.38,15.5,548.65,35.4,75.92420006213109,0.010427881850587621
20240601,25769,CRIOLLA,64.38,68.19,1297.11,19.02,0.0,0.02465343994753615
20240601,25769,PASTUSA_SUPREMA,158.01,161.18,4258.18,26.42,0.0,0.08093283138345976
20240601,25772,CRIOLLA,11.7,12.4,196.53,15.85,0.0,0.0037353351318618155
20240601,25772,PASTUSA_SUPREMA,351.14,309.95,8188.8,26.42,11.730363957395905,0.155639914149443
20240601,25779,CRIOLLA,11.7,12.4,209.63,16.91,0.0,0.003984319461111242
20240601,25779,PASTUSA_SUPREMA,87.79,105.38,2338.72,22.19,0.0,0.04445073515284112
20240601,25781,PASTUSA_SUPREMA,46.82,55.79,1179.19,21.14,0.0,0.022412200855544368
20240601,25785,CRIOLLA,5.62,6.82,122.5,17.96,0.0,0.0023282885750423466
20240601,25785,PASTUSA_SUPREMA,56.18,61.99,1637.76,26.42,0.0,0.031127982829888604
20240601,25793,CRIOLLA,58.52,61.99,982.66,15.85,0.0,0.018676865723682552
20240601,25793,PASTUSA_SUPREMA,4213.71,4835.27,109860.98,22.72,0.0,2.0880658332812714
20240601,25799,PASTUSA_SUPREMA,357.0,92.99,2849.7,30.65,73.95238095238095,0.05416264450855654
20240601,25817,PASTUSA_SUPREMA,11.7,15.5,376.68,24.3,0.0,0.007159344819975112
20240601,25839,CRIOLLA,1.76,1.86,35.38,19.02,0.0,0.0006724477533469243
20240601,25839,PASTUSA_SUPREMA,4.68,4.96,115.3,23.25,0.0,0.0021914422261418987
20240601,25841,CRIOLLA,64.38,99.19,1991.52,20.08,0.0,0.03785170010586396
20240601,25841,PASTUSA_SUPREMA,204.83,295.7,6093.45,20.61,0.0,0.11581477565381051
20240601,25843,CRIOLLA,8.19,9.92,146.74,14.79,0.0,0.0027890046163405223
20240601,25843,PASTUSA_SUPREMA,298.47,347.15,7337.17,21.14,0.0,0.13945346191137514
20240601,25845,CRIOLLA,188.45,198.37,3563.77,17.97,0.0,0.06773457122513195
20240601,25845,PASTUSA_SUPREMA,526.71,564.11,16692.06,29.59,0.0,0.31725659258711314
20240601,25873,CRIOLLA,11.7,12.4,222.74,17.96,0.0,0.004233493854734142
20240601,25873,PASTUSA_SUPREMA,5852.38,3719.44,113988.13,30.65,36.44568534510746,2.1665082511791165
20240601,25898,CRIOLLA,52.67,55.79,1179.19,21.14,0.0,0.022412200855544368
20240601,25898,PASTUSA_SUPREMA,70.23,74.39,2436.99,32.76,0.0,0.04631849775095877
20240601,25899,CRIOLLA,70.23,61.99,982.66,15.85,11.732877687597899,0.018676865723682552
20240601,25899,PASTUSA_SUPREMA,468.19,167.37,3537.56,21.14,64.25169268886563,0.06723641250225963
20240601,41001,PASTUSA_SUPREMA,0.59,0.62,4.59,7.4,0.0,8.723954742403569e-05
20240601,41206,PASTUSA_SUPREMA,5.85,7.44,39.31,5.28,0.0,0.0007471430521217523
20240601,41359,PASTUSA_SUPREMA,1.17,0.93,5.9,6.34,20.512820512820507,0.00011213798034897833
20240601,41396,PASTUSA_SUPREMA,4.1,4.34,36.69,8.45,0.0,0.000697346186271867
20240601,41668,PASTUSA_SUPREMA,1.76,1.86,7.86,4.23,0.0,0.0001493905975496559
20240601,52001,CRIOLLA,49.75,37.19,707.51,19.02,25.246231155778897,0.013447244487577231
20240601,52001,PASTUSA_SUPREMA,2458.0,1859.72,43236.88,23.25,24.340113913751015,0.8217790508120567
20240601,52022,PASTUSA_SUPREMA,87.79,154.98,2947.97,19.02,0.0,0.05603040710667418
20240601,52036,CRIOLLA,0.59,0.62,6.55,10.56,0.0,0.00012449216462471325
20240601,52036,PASTUSA_SUPREMA,9.95,12.4,196.53,15.85,0.0,0.0037353351318618155
20240601,52083,PASTUSA_SUPREMA,7.61,5.58,82.54,14.79,26.67542706964521,0.0015687913386448597
20240601,52110,PASTUSA_SUPREMA,17.56,12.4,196.53,15.85,29.38496583143507,0.0037353351318618155
20240601,52210,PASTUSA_SUPREMA,275.06,328.55,6944.1,21.14,0.0,0.13198260158327804
20240601,52215,CRIOLLA,52.67,55.79,707.51,12.68,0.0,0.013447244487577231
20240601,52215,PASTUSA_SUPREMA,263.36,123.98,2751.44,22.19,52.923754556500604,0.05229507197481237
20240601,52224,CRIOLLA,29.26,24.8,393.06,15.85,15.242652084757346,0.007470670263723631
20240601,52224,PASTUSA_SUPREMA,263.36,266.56,5633.9,21.14,0.0,0.10708036737086594
20240601,52227,CRIOLLA,38.04,80.59,851.64,10.57,0.0,0.01618664230244134
20240601,52227,PASTUSA_SUPREMA,304.32,251.06,5836.98,23.25,17.501314405888536,0.11094019466735247
20240601,52240,PASTUSA_SUPREMA,1.46,1.24,15.72,12.68,15.068493150684926,0.0002987811950993118
20240601,52258,PASTUSA_SUPREMA,4.97,4.34,68.79,15.85,12.676056338028163,0.0013074528251196982
20240601,52287,PASTUSA_SUPREMA,4.1,12.4,91.71,7.4,0.0,0.0017430803691194582
20240601,52317,CRIOLLA,9.36,13.64,172.95,12.68,0.0,0.003287163339212848
20240601,52317,PASTUSA_SUPREMA,175.57,198.37,3773.4,19.02,0.0,0.0717188906862432
20240601,52320,CRIOLLA,20.48,0.0,0.0,0.0,100.0,0.0
20240601,52320,PASTUSA_SUPREMA,52.67,80.59,2214.25,27.48,0.0,0.042085003896224625
20240601,52323,CRIOLLA,8.78,9.3,98.27,10.57,0.0,0.0018677625981176442
20240601,52323,PASTUSA_SUPREMA,263.36,371.94,7861.25,21.14,0.0,0.14941435559634
20240601,52352,CRIOLLA,43.89,43.39,550.29,12.68,1.139211665527451,0.010459052407837167
20240601,52352,PASTUSA_SUPREMA,73.15,92.99,1965.31,21.13,0.0,0.03735354138299163
20240601,52354,CRIOLLA,20.48,15.5,204.72,13.21,24.31640625,0.0038909978537360755
20240601,52354,PASTUSA_SUPREMA,234.1,185.97,3930.63,21.14,20.559589918838107,0.07470727283035673
20240601,52356,CRIOLLA,23.41,24.18,229.94,9.51,0.0,0.0043703402036345896
20240601,52356,PASTUSA_SUPREMA,409.67,712.89,13560.66,19.02,0.0,0.2577398346778265
20240601,52378,PASTUSA_SUPREMA,40.97,43.39,917.15,21.14,0.0,0.017431754013061945
20240601,52381,CRIOLLA,1.17,1.24,13.1,10.56,0.0,0.0002489843292494265
20240601,52381,PASTUSA_SUPREMA,2.93,1.24,18.34,14.79,57.67918088737202,0.0003485780609491971
20240601,52385,PASTUSA_SUPREMA,1.17,1.24,6.03,4.86,0.0,0.00011460881720412532
20240601,52418,PASTUSA_SUPREMA,1.17,0.0,0.0,0.0,100.0,0.0
20240601,52435,PASTUSA_SUPREMA,43.89,0.0,0.0,0.0,100.0,0.0
20240601,52480,CRIOLLA,2.34,2.48,26.2,10.56,0.0,0.000497968658498853
20240601,52480,PASTUSA_SUPREMA,0.0,6.2,65.51,10.57,0.0,0.0012451117106206055
20240601,52506,PASTUSA_SUPREMA,468.19,743.89,15722.5,21.14,0.0,0.29882871119268
20240601,52560,CRIOLLA,310.18,557.92,8254.31,14.79,0.0,0.15688502586006361
20240601,52560,PASTUSA_SUPREMA,1667.93,1673.75,47757.1,28.53,0.0,0.9076923290379989
20240601,52565,CRIOLLA,13.46,0.0,0.0,0.0,100.0,0.0
20240601,52565,PASTUSA_SUPREMA,61.45,9.3,167.05,17.96,84.86574450772986,0.0031750253588638698
20240601,52573,CRIOLLA,43.89,42.46,538.5,12.68,3.2581453634085156,0.010234966511512684
20240601,52573,PASTUSA_SUPREMA,117.05,101.66,2148.74,21.14,13.148227253310552,0.04083989218560402
20240601,52585,CRIOLLA,38.04,34.09,540.46,15.85,10.383806519453199,0.010272219128713362
20240601,52585,PASTUSA_SUPREMA,1111.95,1103.43,29152.14,26.42,0.7662215027654073,0.5540783224492654
20240601,52678,PASTUSA_SUPREMA,14.63,18.6,255.49,13.74,0.0,0.0048559546778577075
20240601,52683,CRIOLLA,0.59,0.62,7.86,12.68,0.0,0.0001493905975496559
20240601,52683,PASTUSA_SUPREMA,1.76,3.1,58.96,19.02,0.0,0.001120619545995892
20240601,52685,PASTUSA_SUPREMA,2.93,6.2,78.61,12.68,0.0,0.0014940960398700316
20240601,52693,PASTUSA_SUPREMA,2.34,0.0,0.0,0.0,100.0,0.0
20240601,52699,PASTUSA_SUPREMA,8.78,7.44,117.92,15.85,15.26195899772208,0.002241239091991784
20240601,52720,CRIOLLA,8.78,6.2,78.61,12.68,29.38496583143507,0.0014940960398700316
20240601,52720,PASTUSA_SUPREMA,351.14,495.93,7861.25,15.85,0.0,0.14941435559634
20240601,52788,PASTUSA_SUPREMA,204.83,235.56,4978.79,21.14,0.0,0.09462906020028641
20240601,52838,CRIOLLA,210.69,216.97,4127.16,19.02,0.0,0.07844260796221855
20240601,52838,PASTUSA_SUPREMA,1550.88,1704.74,45038.41,26.42,0.0,0.85601971788631
20240601,52885,CRIOLLA,4.68,4.96,78.61,15.85,0.0,0.0014940960398700316
20240601,52885,PASTUSA_SUPREMA,181.42,123.98,2620.42,21.14,31.661338330944766,0.04980484855357115
20240601,54125,CRIOLLA,20.48,15.5,327.55,21.13,24.31640625,0.006225558553103026
20240601,54125,PASTUSA_SUPREMA,29.26,29.76,691.79,23.25,0.0,0.01314846329247792
20240601,54172,PASTUSA_SUPREMA,0.59,0.62,9.83,15.85,0.0,0.00018683327912380628
20240601,54174,CRIOLLA,40.97,45.87,654.45,14.27,0.0,0.012438762921930318
20240601,54174,PASTUSA_SUPREMA,292.62,345.91,5117.67,14.79,0.0,0.09726867421907728
20240601,54347,CRIOLLA,4.1,4.34,66.49,15.32,0.0,0.001263738019220944
20240601,54347,PASTUSA_SUPREMA,2.93,3.1,52.41,16.91,0.0,0.0009961273813711786
20240601,54377,PASTUSA_SUPREMA,4.1,4.34,68.79,15.85,0.0,0.0013074528251196982
20240601,54480,CRIOLLA,55.6,49.59,1152.98,23.25,10.809352517985605,0.02191404213267204
20240601,54480,PASTUSA_SUPREMA,35.11,37.19,943.35,25.37,0.0,0.0179297226715608
20240601,54518,CRIOLLA,62.62,65.71,902.73,13.74,0.0,0.017157681186514104
20240601,54518,PASTUSA_SUPREMA,102.42,92.99,1473.98,15.85,9.207186096465536,0.028015108521150352
20240601,54743,CRIOLLA,167.38,221.93,4690.55,21.14,0.0,0.08915064469930514
20240601,54743,PASTUSA_SUPREMA,824.01,198.37,4192.67,21.14,75.92626303078846,0.07968771967283915
20240601,68013,PASTUSA_SUPREMA,1.76,0.0,0.0,0.0,100.0,0.0
20240601,68020,PASTUSA_SUPREMA,35.41,55.79,1061.27,19.02,0.0,0.020170961763552583
20240601,68101,PASTUSA_SUPREMA,21.07,15.5,360.31,23.25,26.43569055529188,0.006848209440600065
20240601,68132,CRIOLLA,1.17,1.24,12.45,10.04,0.0,0.00023663014497369157
20240601,68132,PASTUSA_SUPREMA,2.34,2.48,31.45,12.68,0.0,0.0005977524545720963
20240601,68152,PASTUSA_SUPREMA,479.9,353.35,5974.55,16.91,26.370077099395694,0.1135549102532184
20240601,68162,PASTUSA_SUPREMA,526.71,371.94,8647.38,23.25,29.384291165916732,0.16435588618816072
20240601,68207,CRIOLLA,11.7,11.16,153.29,13.74,4.61538461538461,0.0029134967809652354
20240601,68207,PASTUSA_SUPREMA,64.38,23.56,565.09,23.99,63.40478409443926,0.010740347680576978
20240601,68264,PASTUSA_SUPREMA,16.39,13.64,86.47,6.34,16.778523489932883,0.0016434866374196876
20240601,68298,PASTUSA_SUPREMA,5.85,6.2,50.97,8.22,0.0,0.0009687581115910891
20240601,68318,CRIOLLA,17.56,18.6,353.76,19.02,0.0,0.006723717275975352
20240601,68318,PASTUSA_SUPREMA,245.8,136.38,2882.46,21.14,44.515866558177386,0.05478529539605358
20240601,68368,PASTUSA_SUPREMA,1.17,1.24,20.96,16.9,0.0,0.00039837492679908236
20240601,68377,PASTUSA_SUPREMA,2.63,3.04,85.07,27.98,0.0,0.0016168776251334893
20240601,68432,CRIOLLA,0.59,0.62,15.07,24.31,0.0,0.00028642701082357686
20240601,68468,PASTUSA_SUPREMA,7.02,5.58,117.92,21.13,20.512820512820507,0.002241239091991784
20240601,68502,PASTUSA_SUPREMA,5.85,46.49,786.13,16.91,0.0,0.014941530591820736
20240601,68572,PASTUSA_SUPREMA,12.88,13.64,216.18,15.85,0.0,0.004108811625735956
20240601,68669,PASTUSA_SUPREMA,23.41,12.4,262.04,21.13,47.03118325501923,0.004980446842482422
20240601,68682,CRIOLLA,1.17,0.0,0.0,0.0,100.0,0.0
20240601,68682,PASTUSA_SUPREMA,1.76,0.0,0.0,0.0,100.0,0.0
20240601,68773,PASTUSA_SUPREMA,1.46,0.56,8.84,15.79,61.64383561643836,0.00016801690614999466
20240601,68820,PASTUSA_SUPREMA,497.45,167.37,4598.83,27.48,66.3544074781385,0.08740737426581222
20240601,68861,PASTUSA_SUPREMA,49.75,0.0,0.0,0.0,100.0,0.0
20240601,68867,CRIOLLA,0.29,0.31,4.09,13.19,0.0,7.773632875039346e-05
20240601,68867,PASTUSA_SUPREMA,4.1,1.24,26.2,21.13,69.7560975609756,0.000497968658498853
20240601,73043,PASTUSA_SUPREMA,57.35,65.71,1111.06,16.91,0.0,0.021117292279073878
20240601,73124,CRIOLLA,7.02,6.82,79.27,11.62,2.849002849002835,0.0015066402885192394
20240601,73124,PASTUSA_SUPREMA,9.36,7.44,94.34,12.68,20.512820512820507,0.0017930672993428163
20240601,73152,PASTUSA_SUPREMA,146.31,114.68,1817.91,15.85,21.618481306814296,0.0345519925180019
20240601,73347,PASTUSA_SUPREMA,117.05,123.98,2384.58,19.23,0.0,0.045322370369587583
20240601,73461,CRIOLLA,11.7,9.3,137.57,14.79,20.512820512820507,0.0026147155858659236
20240601,73461,PASTUSA_SUPREMA,70.81,61.99,1572.25,25.36,12.45586781528033,0.029882871119267997
20240601,73622,CRIOLLA,28.09,27.9,442.2,15.85,0.6763972944108243,0.00840464659496919
20240601,73622,PASTUSA_SUPREMA,40.97,41.53,877.84,21.14,0.0,0.016684610960940194
20240601,73686,CRIOLLA,0.88,0.93,11.79,12.68,0.0,0.00022408589632448383
20240601,73686,PASTUSA_SUPREMA,70.23,61.99,786.13,12.68,11.732877687597899,0.014941530591820736
20240601,73870,PASTUSA_SUPREMA,14.63,15.5,98.27,6.34,0.0,0.0018677625981176442
20240601,76111,PASTUSA_SUPREMA,6.44,7.44,117.92,15.85,0.0,0.002241239091991784
20240601,76736,PASTUSA_SUPREMA,14.63,7.44,86.47,11.62,49.1455912508544,0.0016434866374196876
20240601,76834,PASTUSA_SUPREMA,140.46,154.98,2784.19,17.96,0.0,0.05291753279793593
20240601,85136,PASTUSA_SUPREMA,5.85,3.72,15.72,4.23,36.4102564102564,0.0002987811950993118
20240601,86749,PASTUSA_SUPREMA,3.51,0.0,0.0,0.0,100.0,0.0
20240601,86755,PASTUSA_SUPREMA,1.17,0.0,0.0,0.0,100.0,0.0
20240601,86760,PASTUSA_SUPREMA,4.04,2.48,39.31,15.85,38.613861386138616,0.0007471430521217523
20241201,05001,PASTUSA_SUPREMA,26.34,23.56,398.3,16.91,10.554290053151105,0.0075702639954234015
20241201,05002,PASTUSA_SUPREMA,49.75,52.69,556.84,10.57,0.0,0.01058354457246188
20241201,05004,CRIOLLA,0.59,0.62,1.97,3.18,0.0,3.7442681574150395e-05
20241201,05004,PASTUSA_SUPREMA,0.59,0.31,0.98,3.16,47.45762711864406,1.8626308600338776e-05
20241201,05079,PASTUSA_SUPREMA,6.44,13.02,103.18,7.92,0.0,0.001961084205492811
20241201,05086,CRIOLLA,87.79,61.99,589.59,9.51,29.388313019706125,0.011206005395585448
20241201,05086,PASTUSA_SUPREMA,204.83,251.06,2653.17,10.57,0.0,0.05042730937669472
20241201,05088,PASTUSA_SUPREMA,30.43,26.66,507.05,19.02,12.389089714097935,0.009637214056940588
20241201,05093,CRIOLLA,0.0,1.24,3.93,3.17,0.0,7.469529877482795e-05
20241201,05148,CRIOLLA,117.05,92.99,1768.78,19.02,20.555318240068353,0.033618206251129816
20241201,05148,PASTUSA_SUPREMA,111.2,116.54,2216.87,19.02,0.0,0.04213480076207451
20241201,05206,PASTUSA_SUPREMA,22.24,18.6,294.8,15.85,16.36690647482013,0.00560309772997946
20241201,05237,PASTUSA_SUPREMA,26.34,29.76,786.13,26.42,0.0,0.014941530591820736
20241201,05264,PASTUSA_SUPREMA,280.91,297.56,9433.5,31.7,0.0,0.179297226715608
20241201,05266,CRIOLLA,2.24,5.21,69.97,13.43,0.0,0.001329880421189494
20241201,05266,PASTUSA_SUPREMA,1.18,4.18,27.38,6.55,0.0,0.0005203962545686486
20241201,05308,CRIOLLA,2.93,3.1,16.38,5.28,0.0,0.0003113254437485195
20241201,05308,PASTUSA_SUPREMA,2.93,3.1,26.2,8.45,0.0,0.000497968658498853
20241201,05313,CRIOLLA,0.88,0.93,12.77,13.73,0.0,0.0002427122049248226
20241201,05313,PASTUSA_SUPREMA,4.1,4.34,82.54,19.02,0.0,0.0015687913386448597
20241201,05318,PASTUSA_SUPREMA,11.7,12.4,117.92,9.51,0.0,0.002241239091991784
20241201,05376,PASTUSA_SUPREMA,12.29,11.16,188.67,16.91,9.194467046379163,0.00358594453431216
20241201,05400,CRIOLLA,76.08,76.76,997.8,13.0,0.0,0.01896462318512044
20241201,05400,PASTUSA_SUPREMA,245.21,388.37,6936.15,17.86,0.0,0.13183150040636712
20241201,05440,CRIOLLA,18.73,19.22,162.47,8.45,0.0,0.003087975875813307
20241201,05440,PASTUSA_SUPREMA,87.79,89.89,759.92,8.45,0.0,0.01444337186894841
20241201,05541,PASTUSA_SUPREMA,11.12,11.47,181.79,15.85,0.0,0.003455180245362843
20241201,05607,PASTUSA_SUPREMA,5.85,15.5,163.78,10.57,0.0,0.0031128743087382497
20241201,05615,PASTUSA_SUPREMA,5.85,6.2,88.44,14.26,0.0,0.001680929318993838
20241201,05647,PASTUSA_SUPREMA,3.51,2.48,26.2,10.56,29.344729344729338,0.000497968658498853
20241201,05658,PASTUSA_SUPREMA,14.05,28.52,753.37,26.42,0.0,0.014318879704323696
20241201,05664,CRIOLLA,28.09,27.28,288.25,10.57,2.8835884656461364,0.005478605565354747
20241201,05664,PASTUSA_SUPREMA,251.65,297.56,12578.0,42.27,0.0,0.23906296895414397
20241201,05674,PASTUSA_SUPREMA,351.14,306.85,7134.08,23.25,12.613202711169325,0.13559344455051514
20241201,05686,CRIOLLA,3.8,8.06,102.2,12.68,0.0,0.0019424578968924723
20241201,05686,PASTUSA_SUPREMA,438.93,495.93,26204.17,52.84,0.0,0.49804791534259113
20241201,05697,CRIOLLA,43.89,45.87,581.73,12.68,0.0,0.011056614798035791
20241201,05697,PASTUSA_SUPREMA,62.04,65.09,1238.15,19.02,0.0,0.02353282040154026
20241201,05756,CRIOLLA,56.77,60.13,826.09,13.74,0.0,0.015701027828218223
20241201,05756,PASTUSA_SUPREMA,36.28,37.81,639.38,16.91,0.0,0.01215233591110674
20241201,05847,CRIOLLA,3.51,3.72,31.45,8.45,0.0,0.0005977524545720963
20241201,05847,PASTUSA_SUPREMA,2.93,3.1,58.96,19.02,0.0,0.001120619545995892
20241201,05887,PASTUSA_SUPREMA,52.67,58.89,2800.57,47.56,0.0,0.053228858241684454
20241201,15001,CRIOLLA,117.05,111.58,1179.19,10.57,4.673216574113626,0.022412200855544368
20241201,15001,PASTUSA_SUPREMA,702.29,898.86,18998.02,21.14,0.0,0.3610846768524572
20241201,15022,PASTUSA_SUPREMA,5.27,3.1,29.48,9.51,41.17647058823529,0.000560309772997946
20241201,15047,CRIOLLA,3.8,0.0,0.0,0.0,100.0,0.0
20241201,15047,PASTUSA_SUPREMA,35.11,9.3,176.88,19.02,73.51181999430361,0.003361858637987676
20241201,15051,PASTUSA_SUPREMA,781.88,686.24,17404.81,25.36,12.232056069985164,0.33080343080639013
20241201,15087,CRIOLLA,49.75,52.69,668.21,12.68,0.0,0.012700291499828952
20241201,15087,PASTUSA_SUPREMA,166.79,179.77,3419.64,19.02,0.0,0.06499517341026785
20241201,15092,CRIOLLA,1.76,2.17,22.93,10.57,0.0,0.0004358176083732328
20241201,15092,PASTUSA_SUPREMA,4.68,12.4,209.63,16.91,0.0,0.003984319461111242
20241201,15104,CRIOLLA,43.89,31.0,556.84,17.96,29.36887673729779,0.01058354457246188
20241201,15104,PASTUSA_SUPREMA,128.75,142.58,3013.48,21.14,0.0,0.057275518817294785
20241201,15109,CRIOLLA,2.93,0.0,0.0,0.0,100.0,0.0
20241201,15109,PASTUSA_SUPREMA,8.78,12.4,235.84,19.02,0.0,0.004482478183983568
20241201,15114,PASTUSA_SUPREMA,5.85,6.2,117.92,19.02,0.0,0.002241239091991784
20241201,15131,CRIOLLA,40.97,80.59,1107.13,13.74,0.0,0.021042596980299047
20241201,15131,PASTUSA_SUPREMA,70.23,61.99,1244.7,20.08,11.732877687597899,0.023657312566164972
20241201,15162,PASTUSA_SUPREMA,29.26,55.79,1061.27,19.02,0.0,0.020170961763552583
20241201,15172,PASTUSA_SUPREMA,2.93,3.72,58.96,15.85,0.0,0.001120619545995892
20241201,15176,CRIOLLA,29.26,24.8,419.27,16.91,15.242652084757346,0.007968828986595957
20241201,15176,PASTUSA_SUPREMA,204.83,210.77,5568.39,26.42,0.0,0.10583525566024533
20241201,15180,PASTUSA_SUPREMA,52.67,27.9,530.63,19.02,47.02866907157775,0.010085385849589555
20241201,15183,PASTUSA_SUPREMA,198.98,192.17,3046.23,15.85,3.4224545180420174,0.05789797964041835
20241201,15187,PASTUSA_SUPREMA,35.11,78.73,2495.95,31.7,0.0,0.04743911729695466
20241201,15189,CRIOLLA,1.76,1.86,23.58,12.68,0.0,0.00044817179264896765
20241201,15189,PASTUSA_SUPREMA,146.31,130.18,2751.44,21.14,11.02453694210922,0.05229507197481237
20241201,15204,PASTUSA_SUPREMA,292.62,309.95,6551.04,21.14,0.0,0.12451193131955442
20241201,15215,PASTUSA_SUPREMA,0.59,0.62,13.1,21.13,0.0,0.0002489843292494265
20241201,15224,PASTUSA_SUPREMA,42.14,68.19,1801.54,26.42,0.0,0.03424085713862685
20241201,15226,CRIOLLA,2.34,1.24,20.96,16.9,47.008547008547005,0.00039837492679908236
20241201,15226,PASTUSA_SUPREMA,14.63,16.74,442.2,26.42,0.0,0.00840464659496919
20241201,15232,CRIOLLA,11.7,22.01,232.56,10.57,0.0,0.004420137069484475
20241201,15232,PASTUSA_SUPREMA,409.67,340.95,7206.15,21.14,16.77447701808773,0.13696323849013395
20241201,15236,PASTUSA_SUPREMA,0.88,0.93,15.72,16.9,0.0,0.0002987811950993118
20241201,15238,CRIOLLA,1.17,1.24,23.58,19.02,0.0,0.00044817179264896765
20241201,15238,PASTUSA_SUPREMA,5.85,18.6,393.06,21.13,0.0,0.007470670263723631
20241201,15244,PASTUSA_SUPREMA,70.23,142.58,1808.09,12.68,0.0,0.034365349303251566
20241201,15248,PASTUSA_SUPREMA,2.63,7.44,62.89,8.45,0.0,0.00119531484477072
20241201,15272,PASTUSA_SUPREMA,59.69,66.95,1415.03,21.14,0.0,0.026894679039527934
20241201,15276,PASTUSA_SUPREMA,0.0,29.14,461.85,15.85,0.0,0.008778123088843329
20241201,15293,PASTUSA_SUPREMA,17.56,15.5,327.55,21.13,11.731207289293843,0.006225558553103026
20241201,15296,PASTUSA_SUPREMA,105.34,260.36,4127.16,15.85,0.0,0.07844260796221855
20241201,15299,PASTUSA_SUPREMA,1.17,1.24,9.17,7.4,0.0,0.00017428903047459854
20241201,15317,PASTUSA_SUPREMA,17.56,6.2,65.51,10.57,64.69248291571755,0.0012451117106206055
20241201,15332,CRIOLLA,2.93,3.1,22.93,7.4,0.0,0.0004358176083732328
20241201,15332,PASTUSA_SUPREMA,11.7,15.5,196.53,12.68,0.0,0.0037353351318618155
20241201,15362,PASTUSA_SUPREMA,5.85,5.58,117.92,21.13,4.61538461538461,0.002241239091991784
20241201,15367,PASTUSA_SUPREMA,228.24,241.76,5620.79,23.25,0.0,0.10683119297724304
20241201,15368,PASTUSA_SUPREMA,146.31,216.97,3439.3,15.85,0.0,0.06536883996851546
20241201,15377,PASTUSA_SUPREMA,4.68,1.86,19.65,10.56,60.256410256410255,0.0003734764938741397
20241201,15403,CRIOLLA,2.93,3.41,54.05,15.85,0.0,0.0010272979386207253
20241201,15403,PASTUSA_SUPREMA,8.19,12.4,327.55,26.42,0.0,0.006225558553103026
20241201,15407,PASTUSA_SUPREMA,66.8,84.93,1974.48,23.25,0.0,0.037527830413466225
20241201,15425,PASTUSA_SUPREMA,1.76,4.96,68.13,13.74,0.0,0.0012949085764704905
20241201,15442,CRIOLLA,1.76,1.24,20.96,16.9,29.54545454545454,0.00039837492679908236
20241201,15442,PASTUSA_SUPREMA,5.27,4.96,90.67,18.28,5.88235294117646,0.0017233136742782823
20241201,15464,PASTUSA_SUPREMA,38.04,139.48,3537.56,25.36,0.0,0.06723641250225963
20241201,15466,CRIOLLA,5.27,4.96,52.41,10.57,5.88235294117646,0.0009961273813711786
20241201,15466,PASTUSA_SUPREMA,35.11,29.14,615.8,21.13,17.003702648818,0.011704164118457773
20241201,15476,CRIOLLA,2.93,2.48,26.2,10.56,15.358361774744033,0.000497968658498853
20241201,15476,PASTUSA_SUPREMA,292.62,464.93,14739.84,31.7,0.0,0.2801518454689974
20241201,15491,PASTUSA_SUPREMA,3.51,3.72,98.27,26.42,0.0,0.0018677625981176442
20241201,15494,PASTUSA_SUPREMA,117.05,111.58,2594.21,23.25,4.673216574113626,0.04930668983069883
20241201,15500,PASTUSA_SUPREMA,4.68,18.6,393.06,21.13,0.0,0.007470670263723631
20241201,15511,PASTUSA_SUPREMA,8.19,8.68,137.57,15.85,0.0,0.0026147155858659236
20241201,15516,PASTUSA_SUPREMA,0.0,61.99,1048.17,16.91,0.0,0.01992197743430316
20241201,15518,CRIOLLA,0.59,0.62,6.55,10.56,0.0,0.00012449216462471325
20241201,15522,PASTUSA_SUPREMA,5.85,9.3,196.53,21.13,0.0,0.0037353351318618155
20241201,15531,CRIOLLA,5.85,6.2,45.86,7.4,0.0,0.0008716352167464656
20241201,15531,PASTUSA_SUPREMA,5.85,6.2,98.27,15.85,0.0,0.0018677625981176442
20241201,15537,PASTUSA_SUPREMA,15.8,16.74,353.76,21.13,0.0,0.006723717275975352
20241201,15542,PASTUSA_SUPREMA,105.34,55.79,1473.98,26.42,47.038162141636604,0.028015108521150352
20241201,15550,PASTUSA_SUPREMA,1.76,1.86,23.58,12.68,0.0,0.00044817179264896765
20241201,15599,CRIOLLA,10.53,11.16,176.88,15.85,0.0,0.003361858637987676
20241201,15599,PASTUSA_SUPREMA,87.79,92.99,2063.58,22.19,0.0,0.039221303981109276
20241201,15600,PASTUSA_SUPREMA,122.9,123.98,1965.31,15.85,0.0,0.03735354138299163
20241201,15621,PASTUSA_SUPREMA,2.34,3.72,55.03,14.79,0.0,0.001045924247221064
20241201,15632,CRIOLLA,251.65,278.96,2653.17,9.51,0.0,0.05042730937669472
20241201,15632,PASTUSA_SUPREMA,1580.14,1146.83,24238.86,21.14,27.422253724353553,0.4606943739595995
20241201,15646,PASTUSA_SUPREMA,585.24,433.93,11005.75,25.36,25.854350351992352,0.20918009783487598
20241201,15676,CRIOLLA,7.02,7.44,149.36,20.08,0.0,0.0028388014821904076
20241201,15676,PASTUSA_SUPREMA,7.02,7.44,188.67,25.36,0.0,0.00358594453431216
20241201,15693,CRIOLLA,17.56,18.6,281.24,15.12,0.0,0.005345370439550283
20241201,15693,PASTUSA_SUPREMA,20.48,21.7,371.67,17.13,0.0,0.007064122568865217
20241201,15696,PASTUSA_SUPREMA,17.56,15.5,262.04,16.91,11.731207289293843,0.004980446842482422
20241201,15720,PASTUSA_SUPREMA,0.0,37.19,786.13,21.14,0.0,0.014941530591820736
20241201,15723,PASTUSA_SUPREMA,5.85,6.2,98.27,15.85,0.0,0.0018677625981176442
20241201,15740,CRIOLLA,23.41,24.8,314.45,12.68,0.0,0.0059765742238536
20241201,15740,PASTUSA_SUPREMA,2048.33,1921.71,64986.34,33.82,6.181621125502234,1.2351587996393263
20241201,15753,PASTUSA_SUPREMA,1.46,9.42,179.24,19.03,0.0,0.0034067138301272673
20241201,15755,CRIOLLA,1.76,1.86,23.58,12.68,0.0,0.00044817179264896765
20241201,15755,PASTUSA_SUPREMA,117.05,185.97,3930.63,21.14,0.0,0.07470727283035673
20241201,15757,PASTUSA_SUPREMA,7.02,6.2,131.02,21.13,11.680911680911677,0.002490223421241211
20241201,15759,CRIOLLA,1.17,1.24,15.72,12.68,0.0,0.0002987811950993118
20241201,15759,PASTUSA_SUPREMA,105.34,123.98,3275.52,26.42,0.0,0.06225596565977721
20241201,15761,CRIOLLA,5.85,6.2,98.27,15.85,0.0,0.0018677625981176442
20241201,15761,PASTUSA_SUPREMA,20.48,15.5,409.44,26.42,24.31640625,0.007781995707472151
20241201,15762,PASTUSA_SUPREMA,58.52,80.59,1703.27,21.14,0.0,0.03237309454050921
20241201,15763,PASTUSA_SUPREMA,269.21,285.16,6629.65,23.25,0.0,0.12600602735942446
20241201,15764,CRIOLLA,239.95,254.16,4028.89,15.85,0.0,0.0765748453641009
20241201,15764,PASTUSA_SUPREMA,321.88,247.96,6551.04,26.42,22.965080154094686,0.12451193131955442
20241201,15774,PASTUSA_SUPREMA,42.14,44.63,1037.69,23.25,0.0,0.019722789970903615
20241201,15776,PASTUSA_SUPREMA,52.67,49.59,838.53,16.91,5.84773115625593,0.01593746790881844
20241201,15790,CRIOLLA,2.93,3.1,45.86,14.79,0.0,0.0008716352167464656
20241201,15790,PASTUSA_SUPREMA,17.56,18.6,452.02,24.3,0.0,0.008591289809719523
20241201,15804,PASTUSA_SUPREMA,40.97,105.38,2060.3,19.55,0.0,0.039158962866610185
20241201,15806,PASTUSA_SUPREMA,11.7,12.4,393.06,31.7,0.0,0.007470670263723631
20241201,15808,CRIOLLA,1.17,1.24,9.17,7.4,0.0,0.00017428903047459854
20241201,15808,PASTUSA_SUPREMA,5.85,12.4,314.45,25.36,0.0,0.0059765742238536
20241201,15810,CRIOLLA,0.15,0.15,1.97,13.13,0.0,3.7442681574150395e-05
20241201,15810,PASTUSA_SUPREMA,0.44,0.46,7.37,16.02,0.0,0.0001400774432494865
20241201,15814,PASTUSA_SUPREMA,643.76,712.89,18834.25,26.42,0.0,0.3579719926080924
20241201,15816,CRIOLLA,2.93,3.1,32.76,10.57,0.0,0.000622650887497039
20241201,15816,PASTUSA_SUPREMA,2.34,3.1,45.86,14.79,0.0,0.0008716352167464656
20241201,15820,PASTUSA_SUPREMA,11.12,11.78,199.15,16.91,0.0,0.0037851319977117008
20241201,15822,PASTUSA_SUPREMA,234.1,216.97,4815.02,22.19,7.317385732592907,0.09151637595592164
20241201,15835,PASTUSA_SUPREMA,146.31,173.57,4035.44,23.25,0.0,0.07669933752872561
20241201,15837,PASTUSA_SUPREMA,87.79,86.79,2292.86,26.42,1.1390818999886143,0.043579099936094656
20241201,15839,CRIOLLA,18.73,19.84,335.41,16.91,0.0,0.006374949150652682
20241201,15839,PASTUSA_SUPREMA,275.06,278.96,6485.53,23.25,0.0,0.1232668196089338
20241201,15842,CRIOLLA,3.51,3.72,39.31,10.57,0.0,0.0007471430521217523
20241201,15842,PASTUSA_SUPREMA,468.19,681.9,16574.14,24.31,0.0,0.31501535349512133
20241201,15861,CRIOLLA,38.04,40.29,723.89,17.97,0.0,0.013758569931325751
20241201,15861,PASTUSA_SUPREMA,1287.52,960.86,20308.23,21.14,25.371256368833105,0.3859871011292428
20241201,15879,CRIOLLA,18.79,18.6,290.87,15.64,1.011176157530591,0.005528402431204632
20241201,15879,PASTUSA_SUPREMA,302.57,320.49,5148.07,16.06,0.0,0.09784646991443473
20241201,17001,PASTUSA_SUPREMA,29.26,31.0,327.55,10.57,0.0,0.006225558553103026
20241201,17013,PASTUSA_SUPREMA,5.85,9.92,73.37,7.4,0.0,0.0013945023081702612
20241201,17446,CRIOLLA,3.51,3.72,39.31,10.57,0.0,0.0007471430521217523
20241201,17446,PASTUSA_SUPREMA,5.85,7.44,157.23,21.13,0.0,0.002988382144113536
20241201,17541,PASTUSA_SUPREMA,18.73,18.6,426.47,22.93,0.69407367859049,0.008105675335496405
20241201,17653,PASTUSA_SUPREMA,35.11,34.09,432.37,12.68,2.9051552264311997,0.008217813315845384
20241201,17873,PASTUSA_SUPREMA,17.56,18.6,373.41,20.08,0.0,0.007097193769849491
20241201,19001,PASTUSA_SUPREMA,0.35,0.62,2.95,4.76,0.0,5.606899017448917e-05
20241201,19022,PASTUSA_SUPREMA,73.15,83.69,1326.59,15.85,0.0,0.025213749720534098
20241201,19050,PASTUSA_SUPREMA,1.76,0.93,20.64,22.19,47.15909090909091,0.0003922928668479513
20241201,19100,CRIOLLA,0.0,12.4,157.23,12.68,0.0,0.002988382144113536
20241201,19100,PASTUSA_SUPREMA,40.97,43.39,917.15,21.14,0.0,0.017431754013061945
20241201,19355,PASTUSA_SUPREMA,0.0,18.6,196.53,10.57,0.0,0.0037353351318618155
20241201,19364,CRIOLLA,11.7,12.4,40.62,3.28,0.0,0.0007720414850466949
20241201,19397,PASTUSA_SUPREMA,52.67,61.99,786.13,12.68,0.0,0.014941530591820736
20241201,19517,PASTUSA_SUPREMA,52.67,0.0,0.0,0.0,100.0,0.0
20241201,19585,PASTUSA_SUPREMA,421.37,427.74,9040.44,21.14,0.0,0.17182655645188435
20241201,19622,PASTUSA_SUPREMA,1.76,0.0,0.0,0.0,100.0,0.0
20241201,19693,PASTUSA_SUPREMA,330.07,316.15,6682.06,21.14,4.217287242100165,0.12700215474079563
20241201,19701,CRIOLLA,1.17,1.18,26.14,22.15,0.0,0.0004968282722580159
20241201,19701,PASTUSA_SUPREMA,1.46,0.0,0.0,0.0,100.0,0.0
20241201,19743,PASTUSA_SUPREMA,87.2,94.23,1792.37,19.02,0.0,0.034066568108152256
20241201,19760,PASTUSA_SUPREMA,52.67,74.39,1179.19,15.85,0.0,0.022412200855544368
20241201,19821,CRIOLLA,2.34,2.48,26.2,10.56,0.0,0.000497968658498853
20241201,19821,PASTUSA_SUPREMA,2.34,2.48,39.31,15.85,0.0,0.0007471430521217523
20241201,19824,CRIOLLA,58.52,96.09,2436.99,25.36,0.0,0.04631849775095877
20241201,19824,PASTUSA_SUPREMA,468.19,251.06,7428.88,29.59,46.376471090796464,0.1411965422804946
20241201,25019,PASTUSA_SUPREMA,5.85,4.96,104.82,21.13,15.213675213675204,0.0019922547627423573
20241201,25053,PASTUSA_SUPREMA,14.05,20.46,324.28,15.85,0.0,0.006163407502977406
20241201,25099,CRIOLLA,81.93,86.79,1467.43,16.91,0.0,0.027890616356525642
20241201,25099,PASTUSA_SUPREMA,105.34,111.58,2594.21,23.25,0.0,0.04930668983069883
20241201,25120,PASTUSA_SUPREMA,29.26,31.0,425.82,13.74,0.0,0.00809332115122067
20241201,25126,PASTUSA_SUPREMA,13.23,18.41,291.85,15.85,0.0,0.005547028739804971
20241201,25151,CRIOLLA,38.04,37.19,628.9,16.91,2.2344900105152554,0.0119531484477072
20241201,25151,PASTUSA_SUPREMA,40.97,31.0,753.37,24.3,24.334879179887725,0.014318879704323696
20241201,25154,CRIOLLA,14.63,15.5,262.04,16.91,0.0,0.004980446842482422
20241201,25154,PASTUSA_SUPREMA,421.37,446.33,9433.5,21.14,0.0,0.179297226715608
20241201,25175,PASTUSA_SUPREMA,32.19,43.39,1008.86,23.25,0.0,0.019174834382181403
20241201,25178,CRIOLLA,8.19,8.68,183.43,21.13,0.0,0.0034863508026123893
20241201,25178,PASTUSA_SUPREMA,22.24,31.0,982.66,31.7,0.0,0.018676865723682552
20241201,25181,CRIOLLA,46.82,49.59,733.72,14.8,0.0,0.013945403210449557
20241201,25181,PASTUSA_SUPREMA,8.78,18.6,275.14,14.79,0.0,0.005229431171731847
20241201,25183,CRIOLLA,5.85,37.19,589.59,15.85,0.0,0.011206005395585448
20241201,25183,PASTUSA_SUPREMA,292.62,619.91,16377.61,26.42,0.0,0.3112800183632595
20241201,25200,PASTUSA_SUPREMA,245.8,235.56,4978.79,21.14,4.165988608624904,0.09462906020028641
20241201,25214,PASTUSA_SUPREMA,20.86,22.1,607.22,27.48,0.0,0.011541088886018073
20241201,25224,CRIOLLA,5.85,6.2,117.92,19.02,0.0,0.002241239091991784
20241201,25224,PASTUSA_SUPREMA,87.79,61.99,1441.23,23.25,29.388313019706125,0.02739264769802679
20241201,25260,CRIOLLA,11.7,6.2,111.37,17.96,47.008547008547005,0.002116746927367071
20241201,25260,PASTUSA_SUPREMA,117.05,111.58,2830.05,25.36,4.673216574113626,0.0537891680146824
20241201,25269,CRIOLLA,57.35,57.03,1024.58,17.97,0.5579773321708781,0.019473615577280712
20241201,25269,PASTUSA_SUPREMA,204.83,204.57,4972.24,24.31,0.12693453107456287,0.0945045680356617
20241201,25281,CRIOLLA,140.46,0.0,0.0,0.0,100.0,0.0
20241201,25281,PASTUSA_SUPREMA,158.01,77.49,1719.65,22.19,50.95880007594455,0.03268441998425773
20241201,25286,PASTUSA_SUPREMA,146.31,130.18,3852.01,29.59,11.02453694210922,0.07321298672611323
20241201,25288,CRIOLLA,1.17,0.62,11.79,19.02,47.008547008547005,0.00022408589632448383
20241201,25288,PASTUSA_SUPREMA,93.64,74.39,1729.48,23.25,20.55745407945323,0.032871253263381535
20241201,25293,PASTUSA_SUPREMA,1.17,1.24,18.34,14.79,0.0,0.0003485780609491971
20241201,25295,PASTUSA_SUPREMA,6.44,0.0,0.0,0.0,100.0,0.0
20241201,25297,PASTUSA_SUPREMA,8.78,3.72,70.75,19.02,57.630979498861045,0.0013447054423203757
20241201,25299,PASTUSA_SUPREMA,2.93,1.86,45.2,24.3,36.51877133105802,0.0008590909680972578
20241201,25312,CRIOLLA,11.7,12.4,196.53,15.85,0.0,0.0037353351318618155
20241201,25312,PASTUSA_SUPREMA,40.97,43.39,1008.86,23.25,0.0,0.019174834382181403
20241201,25317,CRIOLLA,11.7,12.4,209.63,16.91,0.0,0.003984319461111242
20241201,25317,PASTUSA_SUPREMA,175.57,204.57,4323.69,21.14,0.0,0.08217794309408036
20241201,25322,CRIOLLA,11.7,12.4,183.43,14.79,0.0,0.0034863508026123893
20241201,25322,PASTUSA_SUPREMA,79.01,89.89,2089.78,23.25,0.0,0.03971927263960813
20241201,25326,CRIOLLA,35.11,37.19,668.21,17.97,0.0,0.012700291499828952
20241201,25326,PASTUSA_SUPREMA,936.38,0.0,0.0,0.0,100.0,0.0
20241201,25339,CRIOLLA,5.85,6.2,98.27,15.85,0.0,0.0018677625981176442
20241201,25339,PASTUSA_SUPREMA,38.04,3.1,65.51,21.13,91.85068349106203,0.0012451117106206055
20241201,25372,PASTUSA_SUPREMA,0.0,32.86,486.09,14.79,0.0,0.009238839130141506
20241201,25377,CRIOLLA,59.69,74.39,1454.33,19.55,0.0,0.027641632027276215
20241201,25377,PASTUSA_SUPREMA,503.3,409.14,11673.96,28.53,18.708523743294258,0.22188038933470494
20241201,25407,CRIOLLA,17.56,18.6,334.1,17.96,0.0,0.0063500507177277395
20241201,25407,PASTUSA_SUPREMA,263.36,278.96,8843.91,31.7,0.0,0.16809122132002255
20241201,25426,CRIOLLA,12.88,14.26,346.55,24.3,0.0,0.006586680862701431
20241201,25426,PASTUSA_SUPREMA,143.38,148.78,3930.63,26.42,0.0,0.07470727283035673
20241201,25430,PASTUSA_SUPREMA,363.02,354.15,8046.61,22.72,2.443391548675,0.15293738882303265
20241201,25436,PASTUSA_SUPREMA,16.97,18.6,353.76,19.02,0.0,0.006723717275975352
20241201,25473,PASTUSA_SUPREMA,131.68,139.48,4421.95,31.7,0.0,0.08404551562782453
20241201,25486,CRIOLLA,2.34,2.48,36.69,14.79,0.0,0.000697346186271867
20241201,25513,CRIOLLA,111.2,111.58,1415.03,12.68,0.0,0.026894679039527934
20241201,25513,PASTUSA_SUPREMA,52.67,46.49,1130.05,24.31,11.733434592747294,0.02147822452429881
20241201,25535,PASTUSA_SUPREMA,678.88,717.23,14401.16,20.08,0.0,0.27371474526821915
20241201,25594,CRIOLLA,7.02,7.44,113.2,15.22,0.0,0.0021515287077126014
20241201,25594,PASTUSA_SUPREMA,9.36,15.5,311.17,20.08,0.0,0.005914233109354507
20241201,25649,PASTUSA_SUPREMA,7.61,7.44,172.95,23.25,2.23390275952694,0.003287163339212848
20241201,25653,CRIOLLA,13.46,11.78,199.15,16.91,12.48142644873701,0.0037851319977117008
20241201,25653,PASTUSA_SUPREMA,456.49,371.94,7861.25,21.14,18.521763894061205,0.14941435559634
20241201,25736,CRIOLLA,18.14,53.31,1521.15,28.53,0.0,0.02891164217082176
20241201,25736,PASTUSA_SUPREMA,760.81,743.89,30658.88,41.21,2.2239455317359047,0.5827160818579127
20241201,25740,CRIOLLA,327.73,269.66,6269.35,23.25,17.71885393464132,0.11915800798319785
20241201,25740,PASTUSA_SUPREMA,453.56,482.29,11722.43,24.31,0.0,0.22280163135292783
20241201,25745,PASTUSA_SUPREMA,29.26,35.95,949.9,26.42,0.0,0.018054214836185512
20241201,25754,CRIOLLA,19.14,17.36,110.06,6.34,9.299895506792065,0.002091848494442128
20241201,25754,PASTUSA_SUPREMA,281.03,279.64,1773.11,6.34,0.4946091164644284,0.03370050412484356
20241201,25758,PASTUSA_SUPREMA,26.34,68.19,2414.06,35.4,0.0,0.045882680142585536
20241201,25769,CRIOLLA,64.38,68.19,1297.11,19.02,0.0,0.02465343994753615
20241201,25769,PASTUSA_SUPREMA,158.01,167.37,4421.95,26.42,0.0,0.08404551562782453
20241201,25772,CRIOLLA,4.68,4.96,78.61,15.85,0.0,0.0014940960398700316
20241201,25772,PASTUSA_SUPREMA,585.24,371.94,9826.56,26.42,36.44658601599345,0.18676789697933163
20241201,25779,CRIOLLA,17.56,18.6,353.76,19.02,0.0,0.006723717275975352
20241201,25779,PASTUSA_SUPREMA,93.64,92.99,1965.31,21.13,0.6941478000854429,0.03735354138299163
20241201,25781,PASTUSA_SUPREMA,87.79,49.59,1834.29,36.99,43.51292857956487,0.03486331796175042
20241201,25785,CRIOLLA,5.62,6.32,113.6,17.97,0.0,0.002159131282651515
20241201,25785,PASTUSA_SUPREMA,46.82,59.51,1572.25,26.42,0.0,0.029882871119267997
20241201,25793,CRIOLLA,70.23,74.39,1100.58,14.79,0.0,0.020918104815674333
20241201,25793,PASTUSA_SUPREMA,4272.24,4463.33,103768.51,23.25,0.0,1.9722696839360614
20241201,25799,CRIOLLA,23.41,24.8,471.68,19.02,0.0,0.008964956367967136
20241201,25799,PASTUSA_SUPREMA,234.1,378.14,11588.79,30.65,0.0,0.22026161106583672
20241201,25807,PASTUSA_SUPREMA,263.36,0.0,0.0,0.0,100.0,0.0
20241201,25817,PASTUSA_SUPREMA,11.7,12.4,301.35,24.3,0.0,0.005727589894604173
20241201,25841,CRIOLLA,91.3,57.96,1225.04,21.14,36.5169769989047,0.02328364600791736
20241201,25841,PASTUSA_SUPREMA,304.32,294.46,6223.49,21.14,3.240010515247116,0.11828637276645139
20241201,25843,CRIOLLA,8.78,8.68,128.4,14.79,1.1389521640091105,0.0024404265553913253
20241201,25843,PASTUSA_SUPREMA,351.14,316.15,6682.06,21.14,9.964686449849069,0.12700215474079563
20241201,25845,CRIOLLA,204.83,199.61,3586.04,17.97,2.5484548161890386,0.06815784458485598
20241201,25845,PASTUSA_SUPREMA,585.24,557.92,16508.63,29.59,4.66817032328618,0.31377024178450075
20241201,25873,CRIOLLA,23.41,24.8,471.68,19.02,0.0,0.008964956367967136
20241201,25873,PASTUSA_SUPREMA,3804.05,6199.06,189980.22,30.65,0.0,3.6108471486533187
20241201,25898,CRIOLLA,52.67,27.9,589.59,21.13,47.02866907157775,0.011206005395585448
20241201,25898,PASTUSA_SUPREMA,70.23,74.39,1886.7,25.36,0.0,0.0358594453431216
20241201,25899,CRIOLLA,58.52,136.38,2594.21,19.02,0.0,0.04930668983069883
20241201,25899,PASTUSA_SUPREMA,760.81,1053.84,24500.9,23.25,0.0,0.46567482080208195
20241201,41001,PASTUSA_SUPREMA,0.59,0.62,4.59,7.4,0.0,8.723954742403569e-05
20241201,41206,PASTUSA_SUPREMA,5.85,6.2,32.76,5.28,0.0,0.000622650887497039
20241201,41359,PASTUSA_SUPREMA,0.88,1.24,7.86,6.34,0.0,0.0001493905975496559
20241201,41396,PASTUSA_SUPREMA,2.34,2.48,20.96,8.45,0.0,0.00039837492679908236
20241201,41668,PASTUSA_SUPREMA,1.76,1.86,7.86,4.23,0.0,0.0001493905975496559
20241201,41676,PASTUSA_SUPREMA,1.17,0.0,0.0,0.0,100.0,0.0
20241201,52001,CRIOLLA,62.62,31.0,524.08,16.91,50.495049504950494,0.009960893684964844
20241201,52001,PASTUSA_SUPREMA,2575.05,2231.66,47167.5,21.14,13.335275043203055,0.89648613357804
20241201,52022,PASTUSA_SUPREMA,117.05,92.99,1473.98,15.85,20.555318240068353,0.028015108521150352
20241201,52036,CRIOLLA,0.59,0.0,0.0,0.0,100.0,0.0
20241201,52036,PASTUSA_SUPREMA,7.02,10.54,133.64,12.68,0.0,0.0025400202870910957
20241201,52083,PASTUSA_SUPREMA,4.1,8.06,102.2,12.68,0.0,0.0019424578968924723
20241201,52110,PASTUSA_SUPREMA,11.7,18.6,294.8,15.85,0.0,0.00560309772997946
20241201,52210,PASTUSA_SUPREMA,304.32,291.36,6157.98,21.14,4.258675078864349,0.11704126105583078
20241201,52215,CRIOLLA,52.67,24.8,288.25,11.62,52.91437250806911,0.005478605565354747
20241201,52215,PASTUSA_SUPREMA,263.36,123.98,2620.42,21.14,52.923754556500604,0.04980484855357115
20241201,52224,CRIOLLA,23.41,0.0,0.0,0.0,100.0,0.0
20241201,52224,PASTUSA_SUPREMA,263.36,266.56,5070.51,19.02,0.0,0.09637233063377934
20241201,52227,CRIOLLA,64.38,18.6,157.23,8.45,71.10904007455731,0.002988382144113536
20241201,52227,PASTUSA_SUPREMA,324.22,154.98,2456.64,15.85,52.199124051569925,0.04669197424483291
20241201,52240,PASTUSA_SUPREMA,4.68,1.55,16.38,10.57,66.88034188034187,0.0003113254437485195
20241201,52258,PASTUSA_SUPREMA,4.68,0.0,0.0,0.0,100.0,0.0
20241201,52260,PASTUSA_SUPREMA,2.93,0.0,0.0,0.0,100.0,0.0
20241201,52287,PASTUSA_SUPREMA,5.85,4.34,50.44,11.62,25.81196581196581,0.0009586846997970284
20241201,52317,CRIOLLA,8.78,6.2,65.51,10.57,29.38496583143507,0.0012451117106206055
20241201,52317,PASTUSA_SUPREMA,163.87,185.97,3537.56,19.02,0.0,0.06723641250225963
20241201,52320,CRIOLLA,14.63,37.19,589.59,15.85,0.0,0.011206005395585448
20241201,52320,PASTUSA_SUPREMA,105.34,55.79,1650.86,29.59,47.038162141636604,0.03137696715913803
20241201,52323,CRIOLLA,8.78,0.0,0.0,0.0,100.0,0.0
20241201,52323,PASTUSA_SUPREMA,175.57,278.96,5306.34,19.02,0.0,0.10085461875338944
20241201,52352,CRIOLLA,43.89,74.39,786.13,10.57,0.0,0.014941530591820736
20241201,52352,PASTUSA_SUPREMA,73.74,46.49,884.39,19.02,36.95416327637645,0.016809103125564908
20241201,52354,CRIOLLA,10.53,21.7,275.14,12.68,0.0,0.005229431171731847
20241201,52354,PASTUSA_SUPREMA,175.57,247.96,4192.67,16.91,0.0,0.07968771967283915
20241201,52356,CRIOLLA,17.56,18.6,176.88,9.51,0.0,0.003361858637987676
20241201,52356,PASTUSA_SUPREMA,585.24,526.92,10023.09,19.02,9.965142505638724,0.19050323211119344
20241201,52378,PASTUSA_SUPREMA,46.82,45.25,956.45,21.14,3.353267834258866,0.018178707000810226
20241201,52381,CRIOLLA,1.17,1.24,13.1,10.56,0.0,0.0002489843292494265
20241201,52381,PASTUSA_SUPREMA,2.93,3.1,45.86,14.79,0.0,0.0008716352167464656
20241201,52385,PASTUSA_SUPREMA,1.17,1.24,5.9,4.76,0.0,0.00011213798034897833
20241201,52418,PASTUSA_SUPREMA,0.0,1.24,11.79,9.51,0.0,0.00022408589632448383
20241201,52435,PASTUSA_SUPREMA,49.75,46.49,491.33,10.57,6.552763819095475,0.009338432861841276
20241201,52480,CRIOLLA,1.76,1.86,19.65,10.56,0.0,0.0003734764938741397
20241201,52480,PASTUSA_SUPREMA,3.51,0.0,0.0,0.0,100.0,0.0
20241201,52506,PASTUSA_SUPREMA,585.24,495.93,11529.83,23.25,15.260405987287262,0.21914099151984082
20241201,52560,CRIOLLA,163.87,328.55,6249.69,19.02,0.0,0.11878434142495024
20241201,52560,PASTUSA_SUPREMA,1404.57,1760.53,40930.91,23.25,0.0,0.7779507764823391
20241201,52565,CRIOLLA,0.0,14.26,271.21,19.02,0.0,0.00515473587295702
20241201,52565,PASTUSA_SUPREMA,23.41,61.99,1310.21,21.14,0.0,0.024902424276785576
20241201,52573,CRIOLLA,40.97,40.29,510.98,12.68,1.6597510373443924,0.009711909355715415
20241201,52573,PASTUSA_SUPREMA,99.49,120.26,2287.62,19.02,0.0,0.043479506204394884
20241201,52585,CRIOLLA,43.89,31.0,491.33,15.85,29.36887673729779,0.009338432861841276
20241201,52585,PASTUSA_SUPREMA,1082.69,1103.43,29152.14,26.42,0.0,0.5540783224492654
20241201,52678,PASTUSA_SUPREMA,11.7,15.5,229.29,14.79,0.0,0.004357986019358855
20241201,52683,PASTUSA_SUPREMA,0.59,1.86,29.48,15.85,0.0,0.000560309772997946
20241201,52685,PASTUSA_SUPREMA,3.51,3.1,39.31,12.68,11.680911680911677,0.0007471430521217523
20241201,52693,PASTUSA_SUPREMA,2.34,2.48,41.93,16.91,0.0,0.0007969399179716376
20241201,52699,PASTUSA_SUPREMA,7.02,9.3,147.4,15.85,0.0,0.00280154886498973
20241201,52720,CRIOLLA,4.68,3.1,32.76,10.57,33.760683760683754,0.000622650887497039
20241201,52720,PASTUSA_SUPREMA,234.1,371.94,7861.25,21.14,0.0,0.14941435559634
20241201,52788,PASTUSA_SUPREMA,198.98,216.97,4700.37,21.66,0.0,0.08933728791405547
20241201,52838,CRIOLLA,210.69,223.17,3065.89,13.74,0.0,0.05827164619866596
20241201,52838,PASTUSA_SUPREMA,1550.88,1704.74,32427.66,19.02,0.0,0.6163342881090426
20241201,52885,CRIOLLA,4.68,0.0,0.0,0.0,100.0,0.0
20241201,52885,PASTUSA_SUPREMA,175.57,68.19,1297.11,19.02,61.16079056786467,0.02465343994753615
20241201,54125,CRIOLLA,23.41,27.9,589.59,21.13,0.0,0.011206005395585448
20241201,54125,PASTUSA_SUPREMA,35.11,29.14,677.38,23.25,17.003702648818,0.01287458053030355
20241201,54172,PASTUSA_SUPREMA,0.0,0.62,9.83,15.85,0.0,0.00018683327912380628
20241201,54174,CRIOLLA,49.75,43.08,591.89,13.74,13.4070351758794,0.011249720201484202
20241201,54174,PASTUSA_SUPREMA,327.73,308.09,4721.01,15.32,5.992737924511038,0.08972958078090343
20241201,54347,CRIOLLA,2.93,3.1,47.5,15.32,0.0,0.000902805773996012
20241201,54347,PASTUSA_SUPREMA,2.93,3.1,52.41,16.91,0.0,0.0009961273813711786
20241201,54377,CRIOLLA,1.76,1.86,29.48,15.85,0.0,0.000560309772997946
20241201,54377,PASTUSA_SUPREMA,3.51,3.72,58.96,15.85,0.0,0.001120619545995892
20241201,54480,CRIOLLA,52.67,58.89,1369.17,23.25,0.0,0.02602304382278147
20241201,54480,PASTUSA_SUPREMA,35.11,37.19,943.35,25.37,0.0,0.0179297226715608
20241201,54518,CRIOLLA,55.6,58.89,809.05,13.74,0.0,0.015377158135820496
20241201,54518,PASTUSA_SUPREMA,90.71,108.48,1719.65,15.85,0.0,0.03268441998425773
20241201,54743,CRIOLLA,149.82,132.04,2790.74,21.14,11.867574422640503,0.05304202496256064
20241201,54743,PASTUSA_SUPREMA,359.34,872.83,18447.73,21.14,0.0,0.35062562444462003
20241201,68020,PASTUSA_SUPREMA,35.41,37.5,713.41,19.02,0.0,0.01355938246792621
20241201,68101,PASTUSA_SUPREMA,14.63,22.32,518.84,23.25,0.0,0.009861299953265071
20241201,68132,CRIOLLA,1.17,1.24,10.48,8.45,0.0,0.00019918746339954118
20241201,68132,PASTUSA_SUPREMA,2.34,2.48,31.45,12.68,0.0,0.0005977524545720963
20241201,68152,PASTUSA_SUPREMA,234.1,154.98,2620.42,16.91,33.79752242631354,0.04980484855357115
20241201,68162,PASTUSA_SUPREMA,292.62,185.97,4323.69,23.25,36.44658601599345,0.08217794309408036
20241201,68207,CRIOLLA,4.68,4.34,58.7,13.53,7.264957264957261,0.001115677872285598
20241201,68207,PASTUSA_SUPREMA,23.41,91.75,2229.97,24.3,0.0,0.042383785091323935
20241201,68245,CRIOLLA,0.29,0.31,3.28,10.58,0.0,6.234111449909305e-05
20241201,68264,PASTUSA_SUPREMA,14.05,17.36,110.06,6.34,0.0,0.002091848494442128
20241201,68298,PASTUSA_SUPREMA,4.68,6.2,50.97,8.22,0.0,0.0009687581115910891
20241201,68318,CRIOLLA,11.7,8.06,153.29,19.02,31.1111111111111,0.0029134967809652354
20241201,68318,PASTUSA_SUPREMA,146.31,260.36,5778.02,22.19,0.0,0.10981957512135658
20241201,68368,CRIOLLA,1.17,1.24,19.65,15.85,0.0,0.0003734764938741397
20241201,68377,PASTUSA_SUPREMA,2.93,2.79,79.6,28.53,4.778156996587035,0.0015129124128438433
20241201,68468,PASTUSA_SUPREMA,4.68,6.82,129.71,19.02,0.0,0.002465324988316268
20241201,68502,PASTUSA_SUPREMA,26.34,6.2,104.82,16.91,76.46165527714503,0.0019922547627423573
20241201,68572,PASTUSA_SUPREMA,11.7,12.4,196.53,15.85,0.0,0.0037353351318618155
20241201,68669,PASTUSA_SUPREMA,14.63,24.8,524.08,21.13,0.0,0.009960893684964844
20241201,68682,CRIOLLA,1.17,1.86,11.79,6.34,0.0,0.00022408589632448383
20241201,68682,PASTUSA_SUPREMA,0.0,1.86,15.72,8.45,0.0,0.0002987811950993118
20241201,68773,PASTUSA_SUPREMA,1.46,0.93,14.74,15.85,36.30136986301369,0.000280154886498973
20241201,68820,PASTUSA_SUPREMA,0.0,359.55,10638.89,29.59,0.0,0.2022073962296512
20241201,68861,PASTUSA_SUPREMA,49.75,52.07,1926.01,36.99,0.0,0.03660658839524335
20241201,68867,CRIOLLA,0.29,0.31,4.09,13.19,0.0,7.773632875039346e-05
20241201,68867,PASTUSA_SUPREMA,4.1,4.34,91.71,21.13,0.0,0.0017430803691194582
20241201,73043,PASTUSA_SUPREMA,57.94,60.75,1027.2,16.91,0.0,0.019523412443130602
20241201,73124,CRIOLLA,8.19,8.06,110.71,13.74,1.5873015873015706,0.002104202678717863
20241201,73124,PASTUSA_SUPREMA,10.53,9.92,136.26,13.74,5.792972459639123,0.002589817152940981
20241201,73152,PASTUSA_SUPREMA,87.79,123.98,2227.35,17.97,0.0,0.04233398822547405
20241201,73347,PASTUSA_SUPREMA,117.05,123.98,2384.58,19.23,0.0,0.045322370369587583
20241201,73461,CRIOLLA,11.7,12.4,183.43,14.79,0.0,0.0034863508026123893
20241201,73461,PASTUSA_SUPREMA,70.81,75.01,1902.42,25.36,0.0,0.03615822653822091
20241201,73622,CRIOLLA,32.19,32.24,510.98,15.85,0.0,0.009711909355715415
20241201,73622,PASTUSA_SUPREMA,35.11,35.33,746.82,21.14,0.0,0.014194387539698983
20241201,73686,PASTUSA_SUPREMA,70.23,74.39,943.35,12.68,0.0,0.0179297226715608
20241201,73870,PASTUSA_SUPREMA,11.7,12.4,78.61,6.34,0.0,0.0014940960398700316
20241201,76111,PASTUSA_SUPREMA,8.78,6.82,115.3,16.91,22.323462414578575,0.0021914422261418987
20241201,76736,PASTUSA_SUPREMA,17.56,15.5,196.53,12.68,11.731207289293843,0.0037353351318618155
20241201,76834,PASTUSA_SUPREMA,146.31,148.78,2830.05,19.02,0.0,0.0537891680146824
20241201,86749,PASTUSA_SUPREMA,0.0,3.72,51.1,13.74,0.0,0.0009712289484462361
20241201,86755,PASTUSA_SUPREMA,0.59,1.24,13.1,10.56,0.0,0.0002489843292494265
20250601,05001,PASTUSA_SUPREMA,18.48,25.62,411.26,16.05,0.0,0.007751255380701119
20250601,05002,PASTUSA_SUPREMA,49.09,48.4,485.52,10.03,1.4055815848441733,0.009150876604673461
20250601,05004,CRIOLLA,0.58,0.57,1.14,2.0,1.7241379310344862,2.148624017409735e-05
20250601,05004,PASTUSA_SUPREMA,0.58,0.57,1.43,2.51,1.7241379310344862,2.6952038113122113e-05
20250601,05079,PASTUSA_SUPREMA,10.97,6.26,53.41,8.53,42.93527803099363,0.0010066491997355609
20250601,05086,CRIOLLA,0.0,28.47,257.04,9.03,0.0,0.00484458173188595
20250601,05086,PASTUSA_SUPREMA,231.0,199.3,2798.86,14.04,13.722943722943715,0.05275173524006501
20250601,05088,PASTUSA_SUPREMA,25.12,29.61,534.64,18.06,0.0,0.010076669690069656
20250601,05093,CRIOLLA,2.31,0.0,0.0,0.0,100.0,0.0
20250601,05148,CRIOLLA,139.75,137.8,2488.13,18.06,1.3953488372092981,0.046895226986295474
20250601,05148,PASTUSA_SUPREMA,118.96,108.19,2062.02,19.06,9.05346334902488,0.038864085055958085
20250601,05206,PASTUSA_SUPREMA,20.21,24.49,368.42,15.04,0.0,0.006943825092053461
20250601,05237,CRIOLLA,2.31,0.75,7.54,10.05,67.53246753246754,0.00014211074641464389
20250601,05237,PASTUSA_SUPREMA,30.03,27.9,559.77,20.06,7.092907092907097,0.010550309352854802
20250601,05264,PASTUSA_SUPREMA,231.0,273.32,8225.23,30.09,0.0,0.1550256730413954
20250601,05266,CRIOLLA,8.49,3.43,43.67,12.73,59.59952885747939,0.0008230737793007292
20250601,05266,PASTUSA_SUPREMA,6.23,1.36,8.43,6.2,78.1701444622793,0.00015888509181371987
20250601,05308,CRIOLLA,2.89,1.42,7.14,5.03,50.86505190311419,0.00013457171477460972
20250601,05308,PASTUSA_SUPREMA,2.89,0.0,0.0,0.0,100.0,0.0
20250601,05313,CRIOLLA,0.87,0.85,11.14,13.11,2.298850574712641,0.0002099620311749513
20250601,05313,PASTUSA_SUPREMA,4.33,4.27,68.54,16.05,1.3856812933025542,0.001291813071519853
20250601,05318,PASTUSA_SUPREMA,14.44,14.24,128.52,9.03,1.3850415512465353,0.002422290865942975
20250601,05376,PASTUSA_SUPREMA,17.32,11.96,191.92,16.05,30.946882217090067,0.0036172273808883887
20250601,05400,CRIOLLA,60.06,68.52,869.53,12.69,0.0,0.016388535454897254
20250601,05400,PASTUSA_SUPREMA,455.64,273.7,4804.65,17.55,39.930647002019136,0.09055602092322529
20250601,05440,PASTUSA_SUPREMA,121.27,116.73,936.76,8.03,3.743712377339814,0.017655658197795993
20250601,05541,PASTUSA_SUPREMA,7.51,6.26,87.96,14.05,16.644474034620504,0.0016578330576435113
20250601,05607,PASTUSA_SUPREMA,5.77,5.69,57.12,10.04,1.3864818024263315,0.0010765737181968778
20250601,05615,PASTUSA_SUPREMA,4.62,3.99,49.98,12.53,13.636363636363635,0.0009420020034222681
20250601,05658,PASTUSA_SUPREMA,19.63,13.67,342.72,25.07,30.361691288843605,0.006459442309181267
20250601,05664,CRIOLLA,25.99,25.05,251.33,10.03,3.6167756829549758,0.004736962055224462
20250601,05664,PASTUSA_SUPREMA,243.7,243.14,9756.04,40.13,0.22979072630283648,0.1838777356035971
20250601,05674,PASTUSA_SUPREMA,317.62,338.81,8496.55,25.08,0.0,0.16013939820283055
20250601,05686,CRIOLLA,3.75,0.0,0.0,0.0,100.0,0.0
20250601,05686,PASTUSA_SUPREMA,692.99,740.25,37127.77,50.16,0.0,0.6997685818847775
20250601,05697,CRIOLLA,38.11,36.44,438.68,12.04,4.382051954867494,0.00826805599962546
20250601,05697,PASTUSA_SUPREMA,36.96,35.3,637.46,18.06,4.491341991342002,0.012014577773140436
20250601,05756,CRIOLLA,83.74,81.43,1061.85,13.04,2.7585383329352564,0.020013301867425677
20250601,05756,PASTUSA_SUPREMA,46.2,44.98,721.99,16.05,2.6406926406926545,0.013607763634470653
20250601,05847,CRIOLLA,3.46,3.42,27.42,8.02,1.1560693641618491,0.0005168006189243416
20250601,05847,PASTUSA_SUPREMA,3.46,2.85,51.41,18.04,17.6300578034682,0.0009689540415353901
20250601,05887,PASTUSA_SUPREMA,108.51,51.25,2313.35,45.14,52.76933001566676,0.043601047111182546
20250601,15001,CRIOLLA,231.0,102.5,1028.15,10.03,55.62770562770562,0.0193781384517528
20250601,15001,PASTUSA_SUPREMA,1576.55,671.92,14828.26,22.07,57.38035584028416,0.27947680326663227
20250601,15022,CRIOLLA,1.15,1.14,6.17,5.41,0.8695652173913104,0.00011628956304752688
20250601,15022,PASTUSA_SUPREMA,2.89,5.12,46.27,9.04,0.0,0.0008720774849609512
20250601,15047,CRIOLLA,1.73,3.42,27.42,8.02,0.0,0.0005168006189243416
20250601,15047,PASTUSA_SUPREMA,23.1,29.61,742.56,25.08,0.0,0.013995458336559411
20250601,15051,PASTUSA_SUPREMA,577.49,1281.2,30844.61,24.07,0.0,0.581346226786285
20250601,15087,CRIOLLA,51.97,45.55,548.35,12.04,12.353280738887829,0.010335069999531826
20250601,15087,PASTUSA_SUPREMA,167.47,162.28,2930.24,18.06,3.099062518660056,0.05522793018223423
20250601,15092,CRIOLLA,2.89,4.56,45.7,10.02,0.0,0.0008613343648739025
20250601,15092,PASTUSA_SUPREMA,12.7,4.56,73.11,16.03,64.09448818897638,0.0013779465080072432
20250601,15104,CRIOLLA,46.2,42.71,728.28,17.05,7.5541125541125576,0.01372631490701019
20250601,15104,PASTUSA_SUPREMA,173.25,113.88,2284.79,20.06,34.26839826839827,0.04306276025208411
20250601,15109,CRIOLLA,2.89,5.69,59.98,10.54,0.0,0.0011304777944231219
20250601,15109,PASTUSA_SUPREMA,12.7,8.54,158.51,18.56,32.75590551181102,0.0029875297631545357
20250601,15114,PASTUSA_SUPREMA,5.77,5.69,114.24,20.08,1.3864818024263315,0.0021531474363937556
20250601,15131,CRIOLLA,75.07,39.86,519.79,13.04,46.90289063540695,0.009796783140433387
20250601,15131,PASTUSA_SUPREMA,80.85,56.94,1028.15,18.06,29.573283858998145,0.0193781384517528
20250601,15162,CRIOLLA,2.89,0.0,0.0,0.0,100.0,0.0
20250601,15162,PASTUSA_SUPREMA,14.44,0.0,0.0,0.0,100.0,0.0
20250601,15172,PASTUSA_SUPREMA,3.46,2.85,37.13,13.03,17.6300578034682,0.0006998106119861707
20250601,15176,CRIOLLA,23.45,25.62,411.26,16.05,0.0,0.007751255380701119
20250601,15176,PASTUSA_SUPREMA,239.66,170.83,4283.97,25.08,28.719853125260776,0.08074246343739283
20250601,15180,PASTUSA_SUPREMA,57.75,48.4,873.93,18.06,16.19047619047619,0.016471464802937628
20250601,15183,PASTUSA_SUPREMA,190.57,193.6,2913.1,15.05,0.0,0.054904882676458766
20250601,15187,PASTUSA_SUPREMA,144.37,62.64,1884.95,30.09,56.61148438041144,0.03552674422470596
20250601,15189,CRIOLLA,1.73,1.42,17.14,12.07,17.919075144508678,0.00032304750577546364
20250601,15189,PASTUSA_SUPREMA,144.37,139.51,2658.92,19.06,3.366350349795677,0.05011420502079906
20250601,15204,PASTUSA_SUPREMA,317.62,279.02,6157.5,22.07,12.152887097789822,0.11605396830877582
20250601,15215,CRIOLLA,0.29,0.0,0.0,0.0,100.0,0.0
20250601,15215,PASTUSA_SUPREMA,0.58,0.57,11.42,20.04,1.7241379310344862,0.0002152393533229752
20250601,15224,PASTUSA_SUPREMA,57.75,41.0,1028.15,25.08,29.004329004328998,0.0193781384517528
20250601,15226,CRIOLLA,1.15,3.19,51.18,16.04,0.0,0.0009646190983423705
20250601,15226,PASTUSA_SUPREMA,17.32,13.67,383.84,28.08,21.073903002309468,0.0072344547617767775
20250601,15232,CRIOLLA,4.62,0.0,0.0,0.0,100.0,0.0
20250601,15232,PASTUSA_SUPREMA,381.14,398.59,7996.75,20.06,0.0,0.1507193781686079
20250601,15236,PASTUSA_SUPREMA,0.58,0.74,11.88,16.05,0.0,0.0002239092397090145
20250601,15238,CRIOLLA,2.31,2.28,41.13,18.04,1.2987012987013102,0.0007752009283865123
20250601,15238,PASTUSA_SUPREMA,11.55,5.69,114.24,20.08,50.73593073593074,0.0021531474363937556
20250601,15244,PASTUSA_SUPREMA,115.5,68.33,891.07,13.04,40.83982683982684,0.016794512308713094
20250601,15248,PASTUSA_SUPREMA,6.35,2.56,23.13,9.04,59.68503937007874,0.00043594450458497516
20250601,15272,PASTUSA_SUPREMA,63.52,55.8,1007.59,18.06,12.153652392947112,0.018990632225455044
20250601,15276,PASTUSA_SUPREMA,28.87,27.33,356.43,13.04,5.334257014201604,0.006717842618643438
20250601,15293,PASTUSA_SUPREMA,17.32,17.08,342.72,20.07,1.3856812933025542,0.006459442309181267
20250601,15296,PASTUSA_SUPREMA,248.32,102.5,1542.23,15.05,58.722615979381445,0.029067301915524698
20250601,15299,PASTUSA_SUPREMA,1.73,1.02,8.23,8.07,41.04046242774566,0.0001551155759937028
20250601,15317,PASTUSA_SUPREMA,5.77,13.67,123.38,9.03,0.0,0.002325414309368536
20250601,15332,CRIOLLA,2.89,2.56,30.84,12.05,11.418685121107263,0.0005812593394466335
20250601,15332,PASTUSA_SUPREMA,23.1,11.39,205.63,18.05,50.6926406926407,0.0038756276903505597
20250601,15362,PASTUSA_SUPREMA,14.44,5.01,100.53,20.07,65.30470914127424,0.0018947471269315848
20250601,15367,PASTUSA_SUPREMA,259.87,256.24,5654.85,22.07,1.3968522722899945,0.1065802326741179
20250601,15368,PASTUSA_SUPREMA,202.12,142.36,2855.98,20.06,29.566594102513356,0.053828308958261885
20250601,15377,PASTUSA_SUPREMA,2.89,4.56,45.7,10.02,0.0,0.0008613343648739025
20250601,15403,CRIOLLA,3.18,2.85,42.84,15.03,10.377358490566035,0.0008074302886476583
20250601,15403,PASTUSA_SUPREMA,11.55,7.97,199.92,25.08,30.995670995671,0.0037680080136890722
20250601,15407,PASTUSA_SUPREMA,83.74,64.91,1302.33,20.06,22.48626701695725,0.024545767689414213
20250601,15425,PASTUSA_SUPREMA,4.62,1.71,20.56,12.02,62.98701298701299,0.00038750622629775573
20250601,15442,CRIOLLA,1.15,1.14,19.42,17.04,0.8695652173913104,0.00036601998612365835
20250601,15442,PASTUSA_SUPREMA,5.77,4.56,86.82,19.04,20.97053726169844,0.0016363468174694139
20250601,15464,PASTUSA_SUPREMA,168.63,200.44,4825.47,24.07,0.0,0.09094842752008907
20250601,15466,CRIOLLA,7.51,6.83,75.4,11.04,9.05459387483355,0.0014211074641464387
20250601,15466,PASTUSA_SUPREMA,28.87,56.37,1017.87,18.06,0.0,0.01918438533860392
20250601,15476,PASTUSA_SUPREMA,577.49,284.71,9995.94,35.11,50.698713397634585,0.1883992698297076
20250601,15491,PASTUSA_SUPREMA,6.93,5.69,142.8,25.1,17.893217893217884,0.0026914342954921944
20250601,15494,PASTUSA_SUPREMA,98.17,54.09,1193.8,22.07,44.90170113069165,0.022500239929681944
20250601,15500,PASTUSA_SUPREMA,4.04,4.56,89.11,19.54,0.0,0.0016795077736086095
20250601,15511,PASTUSA_SUPREMA,5.77,0.0,0.0,0.0,100.0,0.0
20250601,15516,PASTUSA_SUPREMA,66.01,59.39,1191.52,20.06,10.028783517648844,0.02245726744933375
20250601,15522,PASTUSA_SUPREMA,7.51,5.69,114.24,20.08,24.234354194407448,0.0021531474363937556
20250601,15531,CRIOLLA,4.62,4.56,31.99,7.02,1.2987012987013102,0.0006029340554117318
20250601,15531,PASTUSA_SUPREMA,14.44,11.39,159.94,14.04,21.121883656509688,0.003014481801267658
20250601,15537,PASTUSA_SUPREMA,12.7,7.86,102.47,13.04,38.11023622047244,0.0019313114303857505
20250601,15542,PASTUSA_SUPREMA,85.47,102.5,2261.94,22.07,0.0,0.04263209306964716
20250601,15599,CRIOLLA,14.44,14.24,257.04,18.05,1.3850415512465353,0.00484458173188595
20250601,15599,PASTUSA_SUPREMA,115.5,85.41,2913.1,34.11,26.05194805194806,0.054904882676458766
20250601,15600,PASTUSA_SUPREMA,115.5,118.44,1782.13,15.05,0.0,0.03358883614163519
20250601,15621,PASTUSA_SUPREMA,3.46,2.28,31.99,14.03,34.104046242774565,0.0006029340554117318
20250601,15632,CRIOLLA,222.33,233.46,2107.72,9.03,0.0,0.039725419420831985
20250601,15632,PASTUSA_SUPREMA,1212.73,1423.55,28559.83,20.06,0.0,0.5382836550099919
20250601,15646,PASTUSA_SUPREMA,404.24,512.48,11309.69,22.07,0.0,0.2131602768724448
20250601,15676,CRIOLLA,1.15,1.14,17.14,15.04,0.8695652173913104,0.00032304750577546364
20250601,15676,PASTUSA_SUPREMA,1.15,1.14,22.85,20.04,0.8695652173913104,0.00043066718243695126
20250601,15693,CRIOLLA,20.21,19.93,287.88,14.44,1.3854527461652721,0.005425841071332584
20250601,15693,PASTUSA_SUPREMA,20.21,19.93,339.86,17.05,1.3854527461652721,0.006405538232955022
20250601,15696,PASTUSA_SUPREMA,14.44,31.32,502.65,16.05,0.0,0.009473735634657924
20250601,15720,PASTUSA_SUPREMA,34.65,28.47,571.2,20.06,17.835497835497836,0.010765737181968778
20250601,15723,PASTUSA_SUPREMA,5.77,5.69,97.1,17.07,1.3864818024263315,0.0018300999306182918
20250601,15740,CRIOLLA,17.32,17.08,205.63,12.04,1.3856812933025542,0.0038756276903505597
20250601,15740,PASTUSA_SUPREMA,2021.22,996.49,25989.44,26.08,50.69858798151612,0.48983802616692335
20250601,15753,PASTUSA_SUPREMA,10.39,1.42,25.7,18.1,86.3330125120308,0.00048438278287219464
20250601,15755,CRIOLLA,1.73,1.71,23.99,14.03,1.1560693641618491,0.0004521534226110486
20250601,15755,PASTUSA_SUPREMA,207.9,113.88,2627.5,23.07,45.223665223665236,0.049522014085474374
20250601,15757,PASTUSA_SUPREMA,10.39,6.83,143.94,21.07,34.26371511068336,0.002712920535666292
20250601,15759,CRIOLLA,1.15,0.57,5.14,9.02,50.43478260869565,9.687655657443893e-05
20250601,15759,PASTUSA_SUPREMA,109.72,102.5,2056.31,20.06,6.580386438206343,0.0387564653792966
20250601,15761,CRIOLLA,8.66,8.54,154.22,18.06,1.3856812933025542,0.0029066736488151694
20250601,15761,PASTUSA_SUPREMA,20.21,19.93,559.77,28.09,1.3854527461652721,0.010550309352854802
20250601,15762,PASTUSA_SUPREMA,57.75,56.94,1713.59,30.09,1.4025974025974053,0.03229702307011533
20250601,15763,PASTUSA_SUPREMA,277.2,261.93,5780.51,22.07,5.508658008658007,0.10894861946383462
20250601,15764,CRIOLLA,184.8,182.21,2741.74,15.05,1.4015151515151536,0.05167516152186813
20250601,15764,PASTUSA_SUPREMA,404.24,307.49,9253.38,30.09,23.933801701959233,0.17440381149314818
20250601,15774,PASTUSA_SUPREMA,144.37,0.0,0.0,0.0,100.0,0.0
20250601,15776,PASTUSA_SUPREMA,46.2,51.25,873.93,17.05,0.0,0.016471464802937628
20250601,15778,PASTUSA_SUPREMA,2.95,0.0,0.0,0.0,100.0,0.0
20250601,15790,CRIOLLA,2.89,2.85,31.42,11.02,1.384083044982698,0.0005921909353246831
20250601,15790,PASTUSA_SUPREMA,14.44,17.08,274.17,16.05,0.0,0.005167440761870413
20250601,15804,PASTUSA_SUPREMA,103.95,39.86,739.7,18.56,61.65464165464165,0.013941554260333167
20250601,15806,PASTUSA_SUPREMA,20.21,0.0,0.0,0.0,100.0,0.0
20250601,15808,CRIOLLA,1.15,1.14,9.14,8.02,0.8695652173913104,0.0001722668729747805
20250601,15808,PASTUSA_SUPREMA,5.77,5.69,137.09,24.09,1.3864818024263315,0.0025838146188307065
20250601,15810,CRIOLLA,0.87,0.85,5.57,6.55,2.298850574712641,0.00010498101558747565
20250601,15810,PASTUSA_SUPREMA,0.29,0.0,0.0,0.0,100.0,0.0
20250601,15814,PASTUSA_SUPREMA,808.49,1076.2,21591.23,20.06,0.0,0.4069424152931368
20250601,15816,CRIOLLA,3.46,3.13,29.85,9.54,9.537572254335258,0.000562600236137549
20250601,15816,PASTUSA_SUPREMA,2.89,1.71,23.99,14.03,40.83044982698962,0.0004521534226110486
20250601,15820,PASTUSA_SUPREMA,11.55,10.82,173.64,16.05,6.320346320346326,0.0032726936349388278
20250601,15822,PASTUSA_SUPREMA,231.0,199.3,3598.54,18.06,13.722943722943715,0.0678237672948213
20250601,15835,PASTUSA_SUPREMA,144.37,136.66,3427.18,25.08,5.340444690725221,0.06459404614023066
20250601,15837,PASTUSA_SUPREMA,190.57,68.33,2193.39,32.1,64.14440887862727,0.0413400915223363
20250601,15839,CRIOLLA,14.44,14.24,257.04,18.05,1.3850415512465353,0.00484458173188595
20250601,15839,PASTUSA_SUPREMA,288.75,256.24,4883.73,19.06,11.258874458874457,0.09204648747846005
20250601,15842,CRIOLLA,6.93,6.83,102.82,15.05,1.4430014430014348,0.0019379080830707802
20250601,15842,PASTUSA_SUPREMA,664.12,170.83,3427.18,20.06,74.27723905318315,0.06459404614023066
20250601,15861,CRIOLLA,34.65,35.3,602.04,17.05,0.0,0.01134699652141541
20250601,15861,PASTUSA_SUPREMA,923.99,1224.25,24561.45,20.06,0.0,0.4629238716877924
20250601,15879,CRIOLLA,24.25,23.92,357.45,14.94,1.3608247422680297,0.006737067149325524
20250601,15879,PASTUSA_SUPREMA,231.0,226.06,3628.24,16.05,2.1385281385281396,0.06838354039409383
20250601,17001,PASTUSA_SUPREMA,23.1,28.47,428.4,15.05,0.0,0.008074302886476583
20250601,17013,PASTUSA_SUPREMA,5.77,5.69,39.98,7.03,1.3864818024263315,0.000753526212421414
20250601,17446,CRIOLLA,3.46,3.42,34.27,10.02,1.1560693641618491,0.0006459065357599265
20250601,17446,PASTUSA_SUPREMA,6.93,5.69,119.95,21.08,17.893217893217884,0.002260767113055243
20250601,17541,PASTUSA_SUPREMA,18.48,17.08,361.57,21.17,7.575757575757591,0.006814719175217876
20250601,17653,PASTUSA_SUPREMA,40.42,34.17,548.35,16.05,15.462642256308756,0.010335069999531826
20250601,17873,PASTUSA_SUPREMA,17.32,0.0,0.0,0.0,100.0,0.0
20250601,19001,PASTUSA_SUPREMA,0.75,0.34,1.95,5.74,54.666666666666664,3.675277924516652e-05
20250601,19022,PASTUSA_SUPREMA,80.85,14.24,214.2,15.04,82.38713667285096,0.004037151443238292
20250601,19050,PASTUSA_SUPREMA,1.73,1.71,35.99,21.05,1.1560693641618491,0.0006783243718120733
20250601,19100,CRIOLLA,12.13,0.0,0.0,0.0,100.0,0.0
20250601,19100,PASTUSA_SUPREMA,40.42,0.0,0.0,0.0,100.0,0.0
20250601,19212,CRIOLLA,0.58,0.57,2.86,5.02,1.7241379310344862,5.390407622624423e-05
20250601,19355,PASTUSA_SUPREMA,43.31,0.0,0.0,0.0,100.0,0.0
20250601,19364,CRIOLLA,14.44,14.24,44.27,3.11,1.3850415512465353,0.0008343823267607804
20250601,19397,PASTUSA_SUPREMA,28.87,51.25,771.12,15.05,0.0,0.01453374519565785
20250601,19517,PASTUSA_SUPREMA,49.09,45.55,548.35,12.04,7.2112446526787615,0.010335069999531826
20250601,19585,PASTUSA_SUPREMA,294.52,398.59,6797.24,17.05,0.0,0.12811151856226444
20250601,19622,PASTUSA_SUPREMA,0.0,1.71,17.14,10.02,0.0,0.00032304750577546364
20250601,19693,PASTUSA_SUPREMA,513.97,321.15,7087.41,22.07,37.51580831566046,0.13358052058973624
20250601,19701,PASTUSA_SUPREMA,0.58,1.42,29.27,20.61,0.0,0.0005516686402594994
20250601,19743,PASTUSA_SUPREMA,109.72,56.94,856.79,15.05,48.1042654028436,0.016148417297162165
20250601,19760,PASTUSA_SUPREMA,46.2,51.25,1182.38,23.07,0.0,0.02228500057635897
20250601,19824,CRIOLLA,109.72,56.94,1370.87,24.08,48.1042654028436,0.025837580760934065
20250601,19824,PASTUSA_SUPREMA,404.24,455.54,13708.72,30.09,0.0,0.25837618456092265
20250601,25019,PASTUSA_SUPREMA,4.62,5.69,102.82,18.07,0.0,0.0019379080830707802
20250601,25053,PASTUSA_SUPREMA,15.59,13.67,205.63,15.04,12.315586914688904,0.0038756276903505597
20250601,25099,CRIOLLA,92.4,28.47,428.4,15.05,69.1883116883117,0.008074302886476583
20250601,25099,PASTUSA_SUPREMA,127.05,0.0,0.0,0.0,100.0,0.0
20250601,25120,PASTUSA_SUPREMA,43.31,28.47,371.28,13.04,34.26460401754792,0.0069977291682797055
20250601,25126,PASTUSA_SUPREMA,18.94,12.87,258.18,20.06,32.04857444561775,0.004866067972060047
20250601,25151,CRIOLLA,23.1,22.78,342.72,15.04,1.3852813852813894,0.006459442309181267
20250601,25151,PASTUSA_SUPREMA,25.99,39.86,879.64,22.07,0.0,0.016579084479599118
20250601,25154,CRIOLLA,20.21,19.93,319.87,16.05,1.3854527461652721,0.006028775126744315
20250601,25154,PASTUSA_SUPREMA,461.99,0.0,0.0,0.0,100.0,0.0
20250601,25175,PASTUSA_SUPREMA,40.42,56.94,1256.63,22.07,0.0,0.02368443332454031
20250601,25178,CRIOLLA,8.66,8.54,154.22,18.06,1.3856812933025542,0.0029066736488151694
20250601,25178,PASTUSA_SUPREMA,34.65,21.64,607.75,28.08,37.54689754689754,0.0114546161980769
20250601,25181,CRIOLLA,11.55,11.39,159.94,14.04,1.3852813852813894,0.003014481801267658
20250601,25181,PASTUSA_SUPREMA,8.66,8.54,137.09,16.05,1.3856812933025542,0.0025838146188307065
20250601,25183,CRIOLLA,34.65,0.0,0.0,0.0,100.0,0.0
20250601,25183,PASTUSA_SUPREMA,1039.49,284.71,9995.94,35.11,72.61060712464766,0.1883992698297076
20250601,25200,PASTUSA_SUPREMA,173.25,239.16,4798.05,20.06,0.0,0.09043162690116473
20250601,25214,PASTUSA_SUPREMA,41.38,20.3,529.44,26.08,50.942484291928466,0.00997866227874921
20250601,25224,CRIOLLA,9.24,9.11,137.09,15.05,1.406926406926412,0.0025838146188307065
20250601,25224,PASTUSA_SUPREMA,69.3,85.41,1799.27,21.07,0.0,0.03391188364741065
20250601,25260,CRIOLLA,5.77,11.39,285.6,25.07,0.0,0.005382868590984389
20250601,25260,PASTUSA_SUPREMA,115.5,170.83,5140.77,30.09,0.0,0.096891069210346
20250601,25269,CRIOLLA,54.86,55.8,951.61,17.05,0.0,0.017935544747432263
20250601,25269,PASTUSA_SUPREMA,222.33,199.3,3598.54,18.06,10.358476139072547,0.0678237672948213
20250601,25281,CRIOLLA,40.42,153.74,2159.12,14.04,0.0,0.04069418498657638
20250601,25281,PASTUSA_SUPREMA,57.75,153.74,3238.68,21.07,0.0,0.06104127747986456
20250601,25286,PASTUSA_SUPREMA,161.7,142.36,3998.38,28.09,11.960420531849092,0.07535978332219943
20250601,25288,CRIOLLA,4.62,2.85,51.41,18.04,38.31168831168831,0.0009689540415353901
20250601,25288,PASTUSA_SUPREMA,115.5,45.55,1142.39,25.08,60.56277056277056,0.021531285888146554
20250601,25293,PASTUSA_SUPREMA,1.15,1.14,15.99,14.03,0.8695652173913104,0.00030137278981036544
20250601,25295,PASTUSA_SUPREMA,2.89,6.26,116.24,18.57,0.0,0.0021908425945939263
20250601,25297,PASTUSA_SUPREMA,1.15,8.54,154.22,18.06,0.0,0.0029066736488151694
20250601,25299,PASTUSA_SUPREMA,1.73,2.85,65.69,23.05,0.0,0.0012380974710846095
20250601,25312,CRIOLLA,16.17,15.94,239.9,15.05,1.4223871366728646,0.004521534226110486
20250601,25312,PASTUSA_SUPREMA,46.2,45.55,1005.31,22.07,1.4069264069264231,0.018947659745106846
20250601,25317,CRIOLLA,11.55,11.39,182.78,16.05,1.3852813852813894,0.0034449605079136083
20250601,25317,PASTUSA_SUPREMA,173.25,170.83,3427.18,20.06,1.3968253968253852,0.06459404614023066
20250601,25322,CRIOLLA,13.28,13.1,183.93,14.04,1.3554216867469826,0.003466635223878707
20250601,25322,PASTUSA_SUPREMA,83.74,76.87,1696.45,22.07,8.20396465249581,0.03197397556433987
20250601,25326,CRIOLLA,37.54,37.01,631.17,17.05,1.4118273841236095,0.011896026500600898
20250601,25326,PASTUSA_SUPREMA,866.24,911.07,30159.18,33.1,0.0,0.5684275306437134
20250601,25339,CRIOLLA,4.04,3.99,71.97,18.04,1.2376237623762387,0.001356460267833146
20250601,25339,PASTUSA_SUPREMA,5.77,33.6,775.11,23.07,0.0,0.01460894703626719
20250601,25372,CRIOLLA,4.62,0.0,0.0,0.0,100.0,0.0
20250601,25372,PASTUSA_SUPREMA,46.2,0.0,0.0,0.0,100.0,0.0
20250601,25377,CRIOLLA,187.68,185.06,3341.5,18.06,1.3959931798806502,0.06297918556293534
20250601,25377,PASTUSA_SUPREMA,635.24,489.7,13263.18,27.08,22.91102575404572,0.24997883416867062
20250601,25407,CRIOLLA,17.32,17.08,291.31,17.06,1.3856812933025542,0.005490488267645876
20250601,25407,PASTUSA_SUPREMA,288.75,284.71,7139.96,25.08,1.399134199134211,0.1345709608714457
20250601,25426,CRIOLLA,10.39,12.53,175.93,14.04,0.0,0.0033158545910780234
20250601,25426,PASTUSA_SUPREMA,115.5,139.51,2518.98,18.06,0.0,0.04747667480153311
20250601,25430,PASTUSA_SUPREMA,371.9,363.63,8389.62,23.07,2.223716052702329,0.15812402656965843
20250601,25436,PASTUSA_SUPREMA,17.9,16.51,298.16,18.06,7.765363128491609,0.005619594184481462
20250601,25473,PASTUSA_SUPREMA,132.82,130.97,3941.26,30.09,1.3928625207047074,0.07428320960400256
20250601,25486,CRIOLLA,4.04,3.99,55.98,14.03,1.2376237623762387,0.0010550874780227803
20250601,25486,PASTUSA_SUPREMA,17.32,0.0,0.0,0.0,100.0,0.0
20250601,25513,CRIOLLA,173.25,165.13,3478.59,21.07,4.686868686868695,0.06556300018176606
20250601,25513,PASTUSA_SUPREMA,173.25,165.13,3809.88,23.07,4.686868686868695,0.07180701466183334
20250601,25535,PASTUSA_SUPREMA,692.99,660.53,13251.76,20.06,4.684050274895746,0.24976359481534763
20250601,25594,PASTUSA_SUPREMA,9.24,18.22,365.57,20.06,0.0,0.006890109491618218
20250601,25649,PASTUSA_SUPREMA,6.93,7.4,155.94,21.07,0.0,0.0029390914848673164
20250601,25653,CRIOLLA,11.55,12.53,201.06,16.05,0.0,0.0037894942538631697
20250601,25653,PASTUSA_SUPREMA,381.14,441.3,8853.55,20.06,0.0,0.16686798394156105
20250601,25736,CRIOLLA,31.76,17.08,462.67,27.09,46.221662468513856,0.00872020942223651
20250601,25736,PASTUSA_SUPREMA,692.99,740.25,28959.66,39.12,0.0,0.545819482561579
20250601,25740,CRIOLLA,282.97,349.05,7703.16,22.07,0.0,0.14518591742061382
20250601,25740,PASTUSA_SUPREMA,559.01,441.3,10181.58,23.07,21.056868392336447,0.19189813441384745
20250601,25745,PASTUSA_SUPREMA,28.87,28.47,742.56,26.08,1.385521302390036,0.013995458336559411
20250601,25754,CRIOLLA,37.71,37.18,223.79,6.02,1.4054627419782584,0.004217899726808111
20250601,25754,PASTUSA_SUPREMA,288.86,273.44,1645.73,6.02,5.338226130305346,0.031018026352383536
20250601,25758,PASTUSA_SUPREMA,80.85,25.62,861.08,33.61,68.3116883116883,0.016229273411501533
20250601,25769,CRIOLLA,66.41,65.48,1182.38,18.06,1.4003915073031115,0.02228500057635897
20250601,25769,PASTUSA_SUPREMA,202.12,153.74,3855.58,25.08,23.936275479912915,0.07266834902670724
20250601,25772,CRIOLLA,17.32,15.94,287.88,18.06,7.967667436489611,0.005425841071332584
20250601,25772,PASTUSA_SUPREMA,461.99,569.42,17135.9,30.09,0.0,0.3229702307011533
20250601,25779,CRIOLLA,16.17,15.94,255.9,16.05,1.4223871366728646,0.004823095491711852
20250601,25779,PASTUSA_SUPREMA,69.3,91.11,1919.22,21.06,0.0,0.03617265076046589
20250601,25781,PASTUSA_SUPREMA,40.42,85.41,1713.59,20.06,0.0,0.03229702307011533
20250601,25785,CRIOLLA,6.35,5.69,97.1,17.07,10.39370078740156,0.0018300999306182918
20250601,25785,PASTUSA_SUPREMA,61.79,45.55,1142.39,25.08,26.282569995144843,0.021531285888146554
20250601,25793,CRIOLLA,86.62,42.71,771.12,18.05,50.69268067420919,0.01453374519565785
20250601,25793,PASTUSA_SUPREMA,4365.84,4156.77,104243.37,25.08,4.788769171568353,1.9647351617344688
20250601,25799,PASTUSA_SUPREMA,352.27,227.77,5711.97,25.08,35.342209100973676,0.10765680639231477
20250601,25807,PASTUSA_SUPREMA,0.0,256.24,6168.92,24.07,0.0,0.11626920766209879
20250601,25817,PASTUSA_SUPREMA,17.32,17.08,685.44,40.13,1.3856812933025542,0.012918884618362533
20250601,25839,CRIOLLA,2.31,2.28,41.13,18.04,1.2987012987013102,0.0007752009283865123
20250601,25839,PASTUSA_SUPREMA,2.31,2.28,50.27,22.05,1.2987012987013102,0.0009474678013612928
20250601,25841,CRIOLLA,106.84,80.29,1530.24,19.06,24.85024335454885,0.028841319442114675
20250601,25841,PASTUSA_SUPREMA,187.68,142.36,2570.38,18.06,24.14748508098892,0.0484454403672775
20250601,25843,CRIOLLA,11.55,8.54,145.66,17.06,26.060606060606073,0.0027453383717184385
20250601,25843,PASTUSA_SUPREMA,323.4,341.65,8567.95,25.08,0.0,0.16148511535057666
20250601,25845,CRIOLLA,231.0,170.83,2570.38,15.05,26.04761904761904,0.0484454403672775
20250601,25845,PASTUSA_SUPREMA,490.87,569.42,14851.11,26.08,0.0,0.2799074704490692
20250601,25873,CRIOLLA,17.32,17.08,325.58,19.06,1.3856812933025542,0.006136394803405803
20250601,25873,PASTUSA_SUPREMA,6929.9,3701.23,118808.88,32.1,46.59042699028846,2.2392597635925537
20250601,25898,CRIOLLA,54.86,54.09,1085.27,20.06,1.4035727305869439,0.020454712169949676
20250601,25898,PASTUSA_SUPREMA,72.19,71.18,2213.39,31.1,1.399085745948181,0.04171704310433801
20250601,25899,CRIOLLA,75.07,34.17,616.89,18.05,54.482483015851855,0.01162688307105168
20250601,25899,PASTUSA_SUPREMA,519.74,341.65,6854.36,20.06,34.265209527840845,0.12918809228046133
20250601,27099,PASTUSA_SUPREMA,2.89,1.42,1.43,1.01,50.86505190311419,2.6952038113122113e-05
20250601,41206,PASTUSA_SUPREMA,6.93,5.69,28.56,5.02,17.893217893217884,0.0005382868590984389
20250601,41359,PASTUSA_SUPREMA,2.02,0.85,6.0,7.06,57.92079207920793,0.00011308547460051237
20250601,41396,PASTUSA_SUPREMA,1.73,1.71,13.71,8.02,1.1560693641618491,0.0002584003094621708
20250601,41668,PASTUSA_SUPREMA,1.73,1.71,6.85,4.01,1.1560693641618491,0.00012910591683558496
20250601,52001,CRIOLLA,43.31,63.78,1023.58,16.05,0.0,0.019292005015265408
20250601,52001,PASTUSA_SUPREMA,2598.71,2505.45,50265.29,20.06,3.5887036260298433,0.9473790292637314
20250601,52022,PASTUSA_SUPREMA,46.2,113.88,2284.79,20.06,0.0,0.04306276025208411
20250601,52036,CRIOLLA,0.58,1.14,11.42,10.02,0.0,0.0002152393533229752
20250601,52036,PASTUSA_SUPREMA,8.08,6.83,102.82,15.05,15.470297029702973,0.0019379080830707802
20250601,52083,PASTUSA_SUPREMA,7.51,3.99,59.98,15.03,46.87083888149134,0.0011304777944231219
20250601,52110,PASTUSA_SUPREMA,14.44,11.39,171.36,15.04,21.121883656509688,0.0032297211545906333
20250601,52210,PASTUSA_SUPREMA,259.87,296.1,8316.62,28.09,0.0,0.15674815329535222
20250601,52215,CRIOLLA,51.97,28.47,371.28,13.04,45.21839522801616,0.0069977291682797055
20250601,52215,PASTUSA_SUPREMA,248.32,256.24,5911.88,23.07,0.0,0.11142462593021284
20250601,52224,CRIOLLA,20.21,25.62,385.56,15.05,0.0,0.007266872597828925
20250601,52224,PASTUSA_SUPREMA,288.75,256.24,5140.77,20.06,11.258874458874457,0.096891069210346
20250601,52227,CRIOLLA,46.2,62.64,628.32,10.03,0.0,0.011842310900165656
20250601,52227,PASTUSA_SUPREMA,288.75,315.46,6328.86,20.06,0.0,0.11928368946336645
20250601,52240,PASTUSA_SUPREMA,0.29,4.56,27.42,6.01,0.0,0.0005168006189243416
20250601,52258,PASTUSA_SUPREMA,4.33,4.56,54.83,12.02,0.0,0.0010334127620576822
20250601,52260,PASTUSA_SUPREMA,0.0,2.85,57.12,20.04,0.0,0.0010765737181968778
20250601,52287,PASTUSA_SUPREMA,6.93,5.69,68.54,12.05,17.893217893217884,0.001291813071519853
20250601,52317,CRIOLLA,9.24,13.1,157.65,12.03,0.0,0.0029713208451284624
20250601,52317,PASTUSA_SUPREMA,144.37,159.44,3358.64,21.07,0.0,0.06330223306871081
20250601,52320,CRIOLLA,20.21,0.0,0.0,0.0,100.0,0.0
20250601,52320,PASTUSA_SUPREMA,40.42,102.5,3084.46,30.09,0.0,0.058134603831049396
20250601,52323,CRIOLLA,8.66,13.1,131.38,10.03,0.0,0.002476194942169219
20250601,52323,PASTUSA_SUPREMA,271.42,170.83,4283.97,25.08,37.060644020337485,0.08074246343739283
20250601,52352,CRIOLLA,23.1,11.39,137.09,12.04,50.6926406926407,0.0025838146188307065
20250601,52352,PASTUSA_SUPREMA,51.97,71.75,1583.36,22.07,0.0,0.02984250284391121
20250601,52354,CRIOLLA,20.21,10.25,128.52,12.54,49.28253339930727,0.002422290865942975
20250601,52354,PASTUSA_SUPREMA,173.25,170.83,3769.9,22.07,1.3968253968253852,0.07105348844941192
20250601,52356,CRIOLLA,11.55,11.39,102.82,9.03,1.3852813852813894,0.0019379080830707802
20250601,52356,PASTUSA_SUPREMA,577.49,512.48,9253.38,18.06,11.257337789398946,0.17440381149314818
20250601,52378,PASTUSA_SUPREMA,35.8,41.0,822.52,20.06,0.0,0.015502510761402239
20250601,52381,CRIOLLA,1.44,2.56,25.7,10.04,0.0,0.00048438278287219464
20250601,52381,PASTUSA_SUPREMA,2.89,2.85,39.98,14.03,1.384083044982698,0.000753526212421414
20250601,52385,PASTUSA_SUPREMA,1.15,0.0,0.0,0.0,100.0,0.0
20250601,52418,PASTUSA_SUPREMA,1.15,0.0,0.0,0.0,100.0,0.0
20250601,52435,PASTUSA_SUPREMA,43.31,45.55,456.96,10.03,0.0,0.008612589745575022
20250601,52480,CRIOLLA,1.15,1.14,12.57,11.03,0.8695652173913104,0.00023691406928807342
20250601,52480,PASTUSA_SUPREMA,0.87,3.42,41.13,12.03,0.0,0.0007752009283865123
20250601,52506,CRIOLLA,2.89,2.85,42.84,15.03,1.384083044982698,0.0008074302886476583
20250601,52506,PASTUSA_SUPREMA,173.25,569.42,15993.5,28.09,0.0,0.3014387563372158
20250601,52560,CRIOLLA,173.25,142.36,1856.39,13.04,17.829725829725817,0.034988457365607524
20250601,52560,PASTUSA_SUPREMA,1328.23,1338.14,36242.42,27.08,0.0,0.6830818777285169
20250601,52565,CRIOLLA,13.28,0.0,0.0,0.0,100.0,0.0
20250601,52565,PASTUSA_SUPREMA,43.31,22.78,502.65,22.07,47.40244747171553,0.009473735634657924
20250601,52573,CRIOLLA,37.54,37.01,445.53,12.04,1.4118273841236095,0.008397161916461046
20250601,52573,PASTUSA_SUPREMA,109.72,95.66,1823.26,19.06,12.814436748086045,0.0343640370700217
20250601,52585,CRIOLLA,46.2,14.24,228.48,16.04,69.17748917748918,0.004306294872787511
20250601,52585,PASTUSA_SUPREMA,1085.68,1042.04,26132.24,25.08,4.019600618966923,0.4925294604624155
20250601,52678,PASTUSA_SUPREMA,5.77,11.39,171.36,15.04,0.0,0.0032297211545906333
20250601,52683,CRIOLLA,0.58,0.57,7.43,13.04,1.7241379310344862,0.0001400375127136345
20250601,52683,PASTUSA_SUPREMA,1.15,0.57,10.28,18.04,50.43478260869565,0.00019375311314887787
20250601,52685,PASTUSA_SUPREMA,2.89,3.42,41.13,12.03,0.0,0.0007752009283865123
20250601,52693,PASTUSA_SUPREMA,9.82,1.71,20.56,12.02,82.58655804480652,0.00038750622629775573
20250601,52699,PASTUSA_SUPREMA,8.66,6.83,123.38,18.06,21.13163972286374,0.002325414309368536
20250601,52720,CRIOLLA,8.66,10.25,123.38,12.04,0.0,0.002325414309368536
20250601,52720,PASTUSA_SUPREMA,346.5,227.77,4569.57,20.06,34.265512265512264,0.08612533202837722
20250601,52788,PASTUSA_SUPREMA,173.25,193.6,4466.76,23.07,0.0,0.08418761242109744
20250601,52838,CRIOLLA,173.25,170.83,3084.46,18.06,1.3968253968253852,0.058134603831049396
20250601,52838,PASTUSA_SUPREMA,1732.48,1508.96,37841.77,25.08,12.90173623937939,0.7132257533622385
20250601,52885,CRIOLLA,5.77,7.4,111.38,15.05,0.0,0.002099243360167511
20250601,52885,PASTUSA_SUPREMA,202.12,170.83,3427.18,20.06,15.480902434197507,0.06459404614023066
20250601,54125,CRIOLLA,25.99,25.62,565.48,22.07,1.4236244709503576,0.010657929029516289
20250601,54125,PASTUSA_SUPREMA,46.2,34.17,822.52,24.07,26.03896103896104,0.015502510761402239
20250601,54172,PASTUSA_SUPREMA,0.58,0.0,0.0,0.0,100.0,0.0
20250601,54174,CRIOLLA,51.97,48.4,582.62,12.04,6.869347700596496,0.010980976535291752
20250601,54174,PASTUSA_SUPREMA,750.74,543.8,8182.39,15.05,27.564802727975067,0.15421824275274773
20250601,54347,CRIOLLA,2.89,2.85,41.41,14.53,1.384083044982698,0.0007804782505345362
20250601,54347,PASTUSA_SUPREMA,3.46,3.42,54.83,16.03,1.1560693641618491,0.0010334127620576822
20250601,54377,PASTUSA_SUPREMA,5.77,3.42,51.41,15.03,40.72790294627383,0.0009689540415353901
20250601,54480,CRIOLLA,52.32,85.75,1720.44,20.06,0.0,0.032426128986950915
20250601,54480,PASTUSA_SUPREMA,69.3,34.17,822.52,24.07,50.69264069264069,0.015502510761402239
20250601,54518,CRIOLLA,61.79,60.93,794.53,13.04,1.3918109726492989,0.014974967022390848
20250601,54518,PASTUSA_SUPREMA,103.95,88.26,1328.03,15.05,15.093795093795093,0.025030150472286405
20250601,54743,CRIOLLA,170.36,192.46,3861.29,20.06,0.0,0.07277596870336873
20250601,54743,PASTUSA_SUPREMA,1011.19,349.62,7014.29,20.06,65.42489542024742,0.13220238560593797
20250601,68013,PASTUSA_SUPREMA,1.15,0.0,0.0,0.0,100.0,0.0
20250601,68020,PASTUSA_SUPREMA,20.21,34.45,622.03,18.06,0.0,0.011723759627626118
20250601,68101,PASTUSA_SUPREMA,20.79,14.24,314.16,22.06,31.505531505531504,0.005921155450082828
20250601,68132,CRIOLLA,1.15,1.14,10.28,9.02,0.8695652173913104,0.00019375311314887787
20250601,68132,PASTUSA_SUPREMA,2.31,2.28,27.42,12.03,1.2987012987013102,0.0005168006189243416
20250601,68152,PASTUSA_SUPREMA,473.54,227.77,3655.66,16.05,51.90057862060227,0.06890034101301817
20250601,68162,PASTUSA_SUPREMA,577.49,284.71,7996.75,28.09,50.698713397634585,0.1507193781686079
20250601,68207,CRIOLLA,11.55,10.25,133.66,13.04,11.255411255411262,0.002519167422517414
20250601,68207,PASTUSA_SUPREMA,57.75,0.0,0.0,0.0,100.0,0.0
20250601,68264,PASTUSA_SUPREMA,12.7,13.67,82.25,6.02,0.0,0.0015502133809820236
20250601,68271,PASTUSA_SUPREMA,1.73,0.0,0.0,0.0,100.0,0.0
20250601,68298,PASTUSA_SUPREMA,5.77,4.56,31.99,7.02,20.97053726169844,0.0006029340554117318
20250601,68318,CRIOLLA,23.1,26.76,536.92,20.06,0.0,0.01011964217041785
20250601,68318,PASTUSA_SUPREMA,288.75,142.36,2998.78,21.06,50.697835497835484,0.05651974325375408
20250601,68368,PASTUSA_SUPREMA,1.15,1.14,18.28,16.04,0.8695652173913104,0.000344533745949561
20250601,68377,PASTUSA_SUPREMA,2.31,2.85,75.68,26.55,0.0,0.0014263847862944626
20250601,68432,CRIOLLA,2.31,1.99,45.98,23.11,13.85281385281385,0.0008666116870219264
20250601,68432,PASTUSA_SUPREMA,4.62,4.38,123.15,28.12,5.1948051948051965,0.0023210793661755163
20250601,68468,PASTUSA_SUPREMA,5.77,4.56,91.39,20.04,20.97053726169844,0.0017224802539568041
20250601,68502,PASTUSA_SUPREMA,8.66,25.62,385.56,15.05,0.0,0.007266872597828925
20250601,68572,PASTUSA_SUPREMA,13.86,11.39,171.36,15.04,17.821067821067814,0.0032297211545906333
20250601,68669,PASTUSA_SUPREMA,24.25,14.24,285.6,20.06,41.27835051546391,0.005382868590984389
20250601,68682,CRIOLLA,1.15,0.57,3.43,6.02,50.43478260869565,6.46471963132929e-05
20250601,68682,PASTUSA_SUPREMA,1.73,0.0,0.0,0.0,100.0,0.0
20250601,68705,PASTUSA_SUPREMA,2.89,0.0,0.0,0.0,100.0,0.0
20250601,68773,PASTUSA_SUPREMA,2.89,1.42,21.42,15.08,50.86505190311419,0.00040371514432382917
20250601,68820,PASTUSA_SUPREMA,473.54,0.0,0.0,0.0,100.0,0.0
20250601,68861,PASTUSA_SUPREMA,51.97,47.83,1679.32,35.11,7.966134308254769,0.03165111653435541
20250601,68867,CRIOLLA,0.14,0.0,0.0,0.0,100.0,0.0
20250601,68867,PASTUSA_SUPREMA,1.15,3.99,79.97,20.04,0.0,0.001507240900633829
20250601,73043,PASTUSA_SUPREMA,54.86,56.37,859.54,15.25,0.0,0.0162002481396874
20250601,73124,CRIOLLA,6.93,6.83,85.68,12.54,1.4430014430014348,0.0016148605772953167
20250601,73124,PASTUSA_SUPREMA,10.39,10.25,138.8,13.54,1.347449470644857,0.002616043979091853
20250601,73152,PASTUSA_SUPREMA,144.37,128.12,2184.83,17.05,11.255801066703608,0.041178756245239576
20250601,73347,PASTUSA_SUPREMA,115.5,113.88,2079.16,18.26,1.4025974025974053,0.03918713256173355
20250601,73461,CRIOLLA,3.46,11.39,68.54,6.02,0.0,0.001291813071519853
20250601,73461,PASTUSA_SUPREMA,4.04,68.9,691.15,10.03,0.0,0.01302650429502402
20250601,73622,CRIOLLA,30.03,28.47,428.4,15.05,5.194805194805207,0.008074302886476583
20250601,73622,PASTUSA_SUPREMA,46.2,43.85,967.61,22.07,5.086580086580095,0.01823710601303363
20250601,73686,CRIOLLA,0.87,0.85,10.28,12.09,2.298850574712641,0.00019375311314887787
20250601,73686,PASTUSA_SUPREMA,69.3,68.33,822.52,12.04,1.3997113997114008,0.015502510761402239
20250601,73870,PASTUSA_SUPREMA,14.44,14.24,99.96,7.02,1.3850415512465353,0.0018840040068445361
20250601,76111,PASTUSA_SUPREMA,8.66,8.54,128.52,15.05,1.3856812933025542,0.002422290865942975
20250601,76736,PASTUSA_SUPREMA,17.32,17.08,222.77,13.04,1.3856812933025542,0.004198675196126023
20250601,76834,PASTUSA_SUPREMA,135.71,142.36,2427.59,17.05,0.0,0.0457541945475763
20250601,86749,PASTUSA_SUPREMA,0.58,0.0,0.0,0.0,100.0,0.0
20250601,86755,PASTUSA_SUPREMA,1.15,0.57,5.71,10.02,50.43478260869565,0.0001076196766614876
20250601,86760,PASTUSA_SUPREMA,3.75,3.53,49.58,14.05,5.866666666666676,0.0009344629717822338
20251201,05001,PASTUSA_SUPREMA,21.94,35.87,575.77,16.05,0.0,0.010851870618456168
20251201,05002,PASTUSA_SUPREMA,49.09,47.83,479.81,10.03,2.566714198411091,0.009043256928011972
20251201,05004,CRIOLLA,0.46,0.46,0.91,1.98,0.0,1.715129698107771e-05
20251201,05004,PASTUSA_SUPREMA,0.58,0.57,1.43,2.51,1.7241379310344862,2.6952038113122113e-05
20251201,05079,PASTUSA_SUPREMA,5.2,10.82,92.25,8.53,0.0,0.0017386891719828777
20251201,05086,CRIOLLA,11.55,0.0,0.0,0.0,100.0,0.0
20251201,05086,PASTUSA_SUPREMA,231.0,227.77,2284.79,10.03,1.3982683982683985,0.04306276025208411
20251201,05088,PASTUSA_SUPREMA,30.03,24.77,447.25,18.06,17.515817515817524,0.008429579752513192
20251201,05093,CRIOLLA,0.0,2.28,6.85,3.0,0.0,0.00012910591683558496
20251201,05148,CRIOLLA,115.5,113.88,2056.31,18.06,1.4025974025974053,0.0387564653792966
20251201,05148,PASTUSA_SUPREMA,109.72,108.19,1953.49,18.06,1.3944586219467703,0.036818557296225816
20251201,05206,PASTUSA_SUPREMA,20.79,14.24,214.2,15.04,31.505531505531504,0.004037151443238292
20251201,05237,CRIOLLA,0.0,1.53,15.31,10.01,0.0,0.0002885564360223074
20251201,05237,PASTUSA_SUPREMA,30.03,27.33,548.35,20.06,8.991008991008997,0.010335069999531826
20251201,05264,PASTUSA_SUPREMA,202.12,227.77,6854.36,30.09,0.0,0.12918809228046133
20251201,05266,CRIOLLA,2.21,5.92,75.44,12.74,0.0,0.0014218613673104422
20251201,05266,PASTUSA_SUPREMA,1.65,5.94,36.97,6.22,0.0,0.0006967949993301571
20251201,05308,CRIOLLA,2.89,4.27,21.42,5.02,0.0,0.00040371514432382917
20251201,05308,PASTUSA_SUPREMA,2.89,5.69,45.7,8.03,0.0,0.0008613343648739025
20251201,05313,CRIOLLA,0.58,0.57,7.43,13.04,1.7241379310344862,0.0001400375127136345
20251201,05313,PASTUSA_SUPREMA,4.04,3.99,63.97,16.03,1.2376237623762387,0.0012056796350324627
20251201,05318,PASTUSA_SUPREMA,12.7,5.69,68.54,12.05,55.19685039370078,0.001291813071519853
20251201,05376,PASTUSA_SUPREMA,17.32,17.08,274.17,16.05,1.3856812933025542,0.005167440761870413
20251201,05400,CRIOLLA,67.57,62.3,768.68,12.34,7.799319224507917,0.014487757102653641
20251201,05400,PASTUSA_SUPREMA,399.05,545.79,9635.86,17.65,0.0,0.18161263354734886
20251201,05440,CRIOLLA,20.21,19.36,155.37,8.03,4.205838693715991,0.002928348364780268
20251201,05440,PASTUSA_SUPREMA,124.16,121.29,973.32,8.02,2.311533505154628,0.018344725689695116
20251201,05541,PASTUSA_SUPREMA,9.82,8.54,119.95,14.05,13.034623217922615,0.002260767113055243
20251201,05607,PASTUSA_SUPREMA,0.0,5.69,57.12,10.04,0.0,0.0010765737181968778
20251201,05615,PASTUSA_SUPREMA,5.77,5.69,77.11,13.55,1.3864818024263315,0.0014533368244075847
20251201,05658,PASTUSA_SUPREMA,18.48,19.36,485.52,25.08,0.0,0.009150876604673461
20251201,05664,CRIOLLA,25.99,23.92,239.9,10.03,7.964601769911495,0.004521534226110486
20251201,05664,PASTUSA_SUPREMA,243.7,232.89,9344.78,40.13,4.435781698810015,0.17612648022289598
20251201,05674,PASTUSA_SUPREMA,346.5,310.33,6848.65,22.07,10.438672438672448,0.12908047260379985
20251201,05686,CRIOLLA,3.75,7.4,89.11,12.04,0.0,0.0016795077736086095
20251201,05686,PASTUSA_SUPREMA,288.75,455.54,22847.86,50.16,0.0,0.4306268486176771
20251201,05697,CRIOLLA,49.09,34.17,411.26,12.04,30.393155428804242,0.007751255380701119
20251201,05697,PASTUSA_SUPREMA,40.42,28.47,514.08,18.06,29.564571994062348,0.0096891634637719
20251201,05756,CRIOLLA,54.86,53.53,698.0,13.04,2.4243528982865414,0.013155610211859606
20251201,05756,PASTUSA_SUPREMA,34.65,33.6,539.21,16.05,3.0303030303030276,0.010162803126557046
20251201,05847,CRIOLLA,3.46,3.42,27.42,8.02,1.1560693641618491,0.0005168006189243416
20251201,05847,PASTUSA_SUPREMA,2.89,3.42,61.69,18.04,0.0,0.001162707154684268
20251201,05887,PASTUSA_SUPREMA,55.67,104.77,4729.51,45.14,0.0,0.08913981382964488
20251201,15001,CRIOLLA,115.5,216.38,2170.55,10.03,0.0,0.040909612815690354
20251201,15001,PASTUSA_SUPREMA,923.99,1554.52,40543.53,26.08,0.0,0.7641473886716852
20251201,15022,PASTUSA_SUPREMA,5.2,2.85,25.7,9.02,45.192307692307686,0.00048438278287219464
20251201,15047,CRIOLLA,2.89,1.71,13.71,8.02,40.83044982698962,0.0002584003094621708
20251201,15047,PASTUSA_SUPREMA,23.1,22.78,456.96,20.06,1.3852813852813894,0.008612589745575022
20251201,15051,PASTUSA_SUPREMA,346.5,0.0,0.0,0.0,100.0,0.0
20251201,15087,CRIOLLA,57.75,62.64,753.98,12.04,0.0,0.014210697689882385
20251201,15087,PASTUSA_SUPREMA,164.59,165.13,2981.65,18.06,0.0,0.056196884223769616
20251201,15092,CRIOLLA,2.31,0.0,0.0,0.0,100.0,0.0
20251201,15092,PASTUSA_SUPREMA,4.04,12.53,201.06,16.05,0.0,0.0037894942538631697
20251201,15104,CRIOLLA,34.65,45.55,776.83,17.05,0.0,0.014641364872319337
20251201,15104,PASTUSA_SUPREMA,86.62,170.83,3427.18,20.06,0.0,0.06459404614023066
20251201,15109,CRIOLLA,4.04,3.99,51.98,13.03,1.2376237623762387,0.0009796971616224388
20251201,15109,PASTUSA_SUPREMA,13.28,12.53,238.76,19.06,5.647590361445786,0.004500047985936389
20251201,15114,PASTUSA_SUPREMA,5.77,5.69,114.24,20.08,1.3864818024263315,0.0021531474363937556
20251201,15131,CRIOLLA,40.42,74.02,965.32,13.04,0.0,0.018193945056894433
20251201,15131,PASTUSA_SUPREMA,75.07,68.33,1233.78,18.06,8.97828693219661,0.02325376614210336
20251201,15162,CRIOLLA,0.0,2.85,28.56,10.02,0.0,0.0005382868590984389
20251201,15162,PASTUSA_SUPREMA,25.99,14.24,257.04,18.05,45.209696036937274,0.00484458173188595
20251201,15172,PASTUSA_SUPREMA,2.89,3.42,44.55,13.03,0.0,0.0008396596489088044
20251201,15176,CRIOLLA,28.87,22.78,365.57,16.05,21.094561828888114,0.006890109491618218
20251201,15176,PASTUSA_SUPREMA,202.12,227.77,5711.97,25.08,0.0,0.10765680639231477
20251201,15180,PASTUSA_SUPREMA,75.07,54.09,976.75,18.06,27.94724923404821,0.01840937288600841
20251201,15183,PASTUSA_SUPREMA,196.35,187.91,2827.42,15.05,4.298446651387822,0.05329002209916345
20251201,15187,PASTUSA_SUPREMA,40.42,108.19,3147.29,29.09,0.0,0.059318797225907764
20251201,15189,CRIOLLA,1.73,1.59,19.19,12.07,8.092485549132943,0.00036168504293063874
20251201,15189,PASTUSA_SUPREMA,144.37,141.22,2691.48,19.06,2.1818937452379394,0.05072788219629784
20251201,15204,PASTUSA_SUPREMA,259.87,296.1,6237.47,21.07,0.0,0.11756120920940964
20251201,15215,PASTUSA_SUPREMA,0.58,0.57,11.42,20.04,1.7241379310344862,0.0002152393533229752
20251201,15224,PASTUSA_SUPREMA,57.75,56.94,1427.99,25.08,1.4025974025974053,0.026914154479130942
20251201,15226,CRIOLLA,1.73,1.71,27.42,16.04,1.1560693641618491,0.0005168006189243416
20251201,15226,PASTUSA_SUPREMA,19.63,17.08,479.81,28.09,12.990320937340805,0.009043256928011972
20251201,15232,CRIOLLA,4.62,4.56,45.7,10.02,1.2987012987013102,0.0008613343648739025
20251201,15232,PASTUSA_SUPREMA,404.24,375.82,7539.79,20.06,7.030476944389474,0.14210678842303287
20251201,15236,PASTUSA_SUPREMA,0.29,0.51,8.23,16.14,0.0,0.0001551155759937028
20251201,15238,CRIOLLA,1.15,1.14,21.48,18.84,0.8695652173913104,0.00040484599906983427
20251201,15238,PASTUSA_SUPREMA,5.77,11.39,228.48,20.06,0.0,0.004306294872787511
20251201,15244,PASTUSA_SUPREMA,69.3,108.19,1410.86,13.04,0.0,0.02659129544914648
20251201,15248,PASTUSA_SUPREMA,2.43,6.26,50.27,8.03,0.0,0.0009474678013612928
20251201,15272,PASTUSA_SUPREMA,17.32,60.36,1089.84,18.06,0.0,0.020540845606437066
20251201,15276,PASTUSA_SUPREMA,5.77,0.0,0.0,0.0,100.0,0.0
20251201,15293,PASTUSA_SUPREMA,17.32,17.08,342.72,20.07,1.3856812933025542,0.006459442309181267
20251201,15296,PASTUSA_SUPREMA,103.95,244.85,3684.22,15.05,0.0,0.06943862787211662
20251201,15299,PASTUSA_SUPREMA,1.15,1.71,13.71,8.02,0.0,0.0002584003094621708
20251201,15317,PASTUSA_SUPREMA,17.32,5.12,46.27,9.04,70.43879907621246,0.0008720774849609512
20251201,15332,CRIOLLA,1.73,1.71,20.56,12.02,1.1560693641618491,0.00038750622629775573
20251201,15332,PASTUSA_SUPREMA,14.44,22.78,411.26,18.05,0.0,0.007751255380701119
20251201,15362,PASTUSA_SUPREMA,5.77,13.1,262.75,20.06,0.0,0.004952201408547437
20251201,15367,PASTUSA_SUPREMA,202.12,170.83,3769.9,22.07,15.480902434197507,0.07105348844941192
20251201,15368,PASTUSA_SUPREMA,144.37,199.3,3998.38,20.06,0.0,0.07535978332219943
20251201,15377,PASTUSA_SUPREMA,5.77,2.28,21.71,9.52,60.48526863084922,0.00040918094226285393
20251201,15403,CRIOLLA,2.89,3.13,47.12,15.05,0.0,0.0008880979271960238
20251201,15403,PASTUSA_SUPREMA,5.77,11.39,285.6,25.07,0.0,0.005382868590984389
20251201,15407,PASTUSA_SUPREMA,65.83,82.57,1822.12,22.07,0.0,0.0343425508298476
20251201,15425,PASTUSA_SUPREMA,0.58,4.56,54.83,12.02,0.0,0.0010334127620576822
20251201,15442,CRIOLLA,1.15,1.14,19.42,17.04,0.8695652173913104,0.00036601998612365835
20251201,15442,PASTUSA_SUPREMA,5.77,5.12,97.67,19.08,11.265164644714032,0.0018408430507053405
20251201,15464,PASTUSA_SUPREMA,38.69,37.87,892.64,23.57,2.1194107004393947,0.016824103007900226
20251201,15466,CRIOLLA,2.89,3.42,34.27,10.02,0.0,0.0006459065357599265
20251201,15466,PASTUSA_SUPREMA,28.87,22.78,456.96,20.06,21.094561828888114,0.008612589745575022
20251201,15476,CRIOLLA,2.89,2.85,28.56,10.02,1.384083044982698,0.0005382868590984389
20251201,15476,PASTUSA_SUPREMA,433.12,569.42,22847.86,40.12,0.0,0.4306268486176771
20251201,15491,PASTUSA_SUPREMA,2.89,1.14,28.56,25.05,60.55363321799309,0.0005382868590984389
20251201,15494,PASTUSA_SUPREMA,69.3,91.11,2010.61,22.07,0.0,0.0378951310144227
20251201,15500,PASTUSA_SUPREMA,4.62,3.99,79.97,20.04,13.636363636363635,0.001507240900633829
20251201,15511,PASTUSA_SUPREMA,8.08,5.24,76.72,14.64,35.148514851485146,0.0014459862685585515
20251201,15516,PASTUSA_SUPREMA,49.09,46.12,925.34,20.06,6.050112039111843,0.01744041884447302
20251201,15518,CRIOLLA,0.58,0.46,4.34,9.43,20.68965517241378,8.179849329437061e-05
20251201,15522,PASTUSA_SUPREMA,5.77,7.4,148.51,20.07,0.0,0.002799053972153682
20251201,15531,CRIOLLA,5.77,5.12,35.99,7.03,11.265164644714032,0.0006783243718120733
20251201,15531,PASTUSA_SUPREMA,11.55,10.25,143.94,14.04,11.255411255411262,0.002712920535666292
20251201,15537,PASTUSA_SUPREMA,16.75,16.51,364.42,22.07,1.4328358208955172,0.0068684347756531195
20251201,15542,PASTUSA_SUPREMA,92.4,84.27,1859.82,22.07,8.798701298701307,0.03505310456192082
20251201,15599,CRIOLLA,8.66,8.54,154.22,18.06,1.3856812933025542,0.0029066736488151694
20251201,15599,PASTUSA_SUPREMA,57.75,108.19,3689.93,34.11,0.0,0.0695462475487781
20251201,15600,PASTUSA_SUPREMA,121.27,108.19,1627.91,15.05,10.78584975674115,0.030682162492820016
20251201,15621,PASTUSA_SUPREMA,2.31,3.42,47.98,14.03,0.0,0.0009043068452220972
20251201,15632,CRIOLLA,243.7,211.82,2549.82,12.04,13.081657775954037,0.04805793414097974
20251201,15632,PASTUSA_SUPREMA,1143.43,1185.53,23784.62,20.06,0.0,0.4482825068154731
20251201,15646,PASTUSA_SUPREMA,433.12,387.21,8545.1,22.07,10.599833764314749,0.1610544481681397
20251201,15676,PASTUSA_SUPREMA,1.73,1.71,34.27,20.04,1.1560693641618491,0.0006459065357599265
20251201,15693,CRIOLLA,1.85,1.82,27.42,15.07,1.6216216216216273,0.0005168006189243416
20251201,15693,PASTUSA_SUPREMA,23.1,22.78,399.84,17.55,1.3852813852813894,0.0075360160273781444
20251201,15696,PASTUSA_SUPREMA,11.55,0.0,0.0,0.0,100.0,0.0
20251201,15720,PASTUSA_SUPREMA,23.1,17.08,342.72,20.07,26.060606060606073,0.006459442309181267
20251201,15723,PASTUSA_SUPREMA,5.77,5.69,85.68,15.06,1.3864818024263315,0.0016148605772953167
20251201,15740,CRIOLLA,23.1,22.78,274.17,12.04,1.3852813852813894,0.005167440761870413
20251201,15740,PASTUSA_SUPREMA,2136.72,1992.97,63974.01,32.1,6.72760118312179,1.2057552138246541
20251201,15753,PASTUSA_SUPREMA,2.6,10.25,185.07,18.06,0.0,0.003488121464052804
20251201,15755,CRIOLLA,1.73,1.71,20.56,12.02,1.1560693641618491,0.00038750622629775573
20251201,15755,PASTUSA_SUPREMA,115.5,204.99,3701.35,18.06,0.0,0.06976148690210107
20251201,15757,PASTUSA_SUPREMA,7.22,10.25,215.91,21.06,0.0,0.004069380803499437
20251201,15759,CRIOLLA,1.15,1.14,13.71,12.03,0.8695652173913104,0.0002584003094621708
20251201,15759,PASTUSA_SUPREMA,103.95,108.19,2713.18,25.08,0.0,0.05113687466276969
20251201,15761,CRIOLLA,8.66,8.54,141.37,16.55,1.3856812933025542,0.002664482257379072
20251201,15761,PASTUSA_SUPREMA,28.87,19.93,559.77,28.09,30.966401108417042,0.010550309352854802
20251201,15762,PASTUSA_SUPREMA,34.65,56.94,1713.59,30.09,0.0,0.03229702307011533
20251201,15763,PASTUSA_SUPREMA,265.65,273.32,6031.84,22.07,0.0,0.11368558151905908
20251201,15764,CRIOLLA,231.0,222.07,3341.5,15.05,3.8658008658008725,0.06297918556293534
20251201,15764,PASTUSA_SUPREMA,288.75,392.9,11823.77,30.09,0.0,0.22284944033621668
20251201,15774,PASTUSA_SUPREMA,46.2,142.36,3569.98,25.08,0.0,0.06728548043572286
20251201,15776,PASTUSA_SUPREMA,46.2,43.28,694.57,16.05,6.320346320346326,0.013090963015546313
20251201,15790,CRIOLLA,2.89,2.85,28.56,10.02,1.384083044982698,0.0005382868590984389
20251201,15790,PASTUSA_SUPREMA,14.44,28.47,542.64,19.06,0.0,0.010227450322870339
20251201,15804,PASTUSA_SUPREMA,43.89,102.5,1902.08,18.56,0.0,0.03584960325469043
20251201,15806,PASTUSA_SUPREMA,5.77,17.08,479.81,28.09,0.0,0.009043256928011972
20251201,15808,CRIOLLA,1.15,1.14,8.0,7.02,0.8695652173913104,0.00015078063280068315
20251201,15808,PASTUSA_SUPREMA,4.62,5.69,142.8,25.1,0.0,0.0026914342954921944
20251201,15810,CRIOLLA,0.58,0.57,8.57,15.04,1.7241379310344862,0.00016152375288773182
20251201,15810,PASTUSA_SUPREMA,0.43,0.28,4.28,15.29,34.883720930232556,8.066763854836549e-05
20251201,15814,PASTUSA_SUPREMA,866.24,825.66,16564.7,20.06,4.684613963797569,0.31220449351918456
20251201,15816,CRIOLLA,2.89,2.85,28.56,10.02,1.384083044982698,0.0005382868590984389
20251201,15816,PASTUSA_SUPREMA,2.31,2.85,39.98,14.03,0.0,0.000753526212421414
20251201,15820,PASTUSA_SUPREMA,10.97,11.39,182.78,16.05,0.0,0.0034449605079136083
20251201,15822,PASTUSA_SUPREMA,57.75,170.83,3084.46,18.06,0.0,0.058134603831049396
20251201,15835,PASTUSA_SUPREMA,127.05,141.22,3541.42,25.08,0.0,0.06674719357662443
20251201,15837,PASTUSA_SUPREMA,92.4,170.83,5483.49,32.1,0.0,0.10335051151952726
20251201,15839,CRIOLLA,20.21,19.93,319.87,16.05,1.3854527461652721,0.006028775126744315
20251201,15839,PASTUSA_SUPREMA,271.42,284.71,4855.17,17.05,0.0,0.0915082006193616
20251201,15842,CRIOLLA,2.89,2.85,22.85,8.02,1.384083044982698,0.00043066718243695126
20251201,15842,PASTUSA_SUPREMA,346.5,654.83,13137.52,20.06,0.0,0.24761044737895388
20251201,15861,CRIOLLA,31.76,34.17,582.62,17.05,0.0,0.010980976535291752
20251201,15861,PASTUSA_SUPREMA,1154.98,905.38,19980.45,22.07,21.61076382275018,0.37658311183030124
20251201,15879,CRIOLLA,19.06,18.79,280.86,14.95,1.4165792235047214,0.005293531066049984
20251201,15879,PASTUSA_SUPREMA,300.3,296.1,5049.38,17.05,1.3986013986013957,0.09516858895638919
20251201,17001,PASTUSA_SUPREMA,23.1,22.78,342.72,15.04,1.3852813852813894,0.006459442309181267
20251201,17013,PASTUSA_SUPREMA,5.77,5.69,39.98,7.03,1.3864818024263315,0.000753526212421414
20251201,17446,CRIOLLA,3.46,3.42,34.27,10.02,1.1560693641618491,0.0006459065357599265
20251201,17446,PASTUSA_SUPREMA,6.35,6.83,143.94,21.07,0.0,0.002712920535666292
20251201,17541,PASTUSA_SUPREMA,20.21,19.36,421.43,21.77,4.205838693715991,0.007942935260148987
20251201,17653,PASTUSA_SUPREMA,28.87,39.86,639.74,16.05,0.0,0.01205755025348863
20251201,17873,PASTUSA_SUPREMA,14.44,17.08,342.72,20.07,0.0,0.006459442309181267
20251201,19001,PASTUSA_SUPREMA,0.46,0.74,3.34,4.51,0.0,6.295091419428521e-05
20251201,19022,PASTUSA_SUPREMA,72.19,79.72,1199.51,15.05,0.0,0.02260785960634343
20251201,19050,PASTUSA_SUPREMA,1.73,1.71,35.99,21.05,1.1560693641618491,0.0006783243718120733
20251201,19100,CRIOLLA,0.0,11.96,143.94,12.04,0.0,0.002712920535666292
20251201,19100,PASTUSA_SUPREMA,0.0,39.86,799.68,20.06,0.0,0.015072032054756289
20251201,19355,PASTUSA_SUPREMA,2.31,42.71,428.4,10.03,0.0,0.008074302886476583
20251201,19364,CRIOLLA,11.55,11.39,35.41,3.11,1.3852813852813894,0.0006673927759340238
20251201,19397,PASTUSA_SUPREMA,23.1,28.47,428.4,15.05,0.0,0.008074302886476583
20251201,19517,PASTUSA_SUPREMA,40.42,48.4,582.62,12.04,0.0,0.010980976535291752
20251201,19585,PASTUSA_SUPREMA,433.12,289.27,5803.36,20.06,33.212504617657935,0.10937928664627157
20251201,19622,PASTUSA_SUPREMA,0.58,0.0,0.0,0.0,100.0,0.0
20251201,19693,PASTUSA_SUPREMA,325.71,506.78,11184.03,22.07,0.0,0.21079189008272806
20251201,19701,CRIOLLA,1.15,1.14,23.99,21.04,0.8695652173913104,0.0004521534226110486
20251201,19701,PASTUSA_SUPREMA,1.44,0.57,11.71,20.54,60.41666666666667,0.00022070515126199996
20251201,19743,PASTUSA_SUPREMA,69.3,108.19,1953.49,18.06,0.0,0.036818557296225816
20251201,19760,PASTUSA_SUPREMA,34.65,45.55,1051.0,23.07,0.0,0.019808805634189748
20251201,19824,CRIOLLA,46.2,108.19,2170.55,20.06,0.0,0.040909612815690354
20251201,19824,PASTUSA_SUPREMA,346.5,398.59,11995.13,30.09,0.0,0.2260791614908073
20251201,25019,PASTUSA_SUPREMA,4.62,4.56,86.82,19.04,1.2987012987013102,0.0016363468174694139
20251201,25053,PASTUSA_SUPREMA,15.59,15.37,231.33,15.05,1.4111610006414366,0.0043600104732227545
20251201,25099,CRIOLLA,80.85,142.36,2284.79,16.05,0.0,0.04306276025208411
20251201,25099,PASTUSA_SUPREMA,86.62,125.27,2513.26,20.06,0.0,0.04736886664908062
20251201,25120,PASTUSA_SUPREMA,40.42,42.71,556.92,13.04,0.0,0.010496593752419557
20251201,25126,PASTUSA_SUPREMA,15.43,18.69,374.93,20.06,0.0,0.007066522831995017
20251201,25151,CRIOLLA,17.32,17.08,274.17,16.05,1.3856812933025542,0.005167440761870413
20251201,25151,PASTUSA_SUPREMA,40.42,25.62,591.19,23.08,36.61553686293914,0.011142500288179485
20251201,25154,CRIOLLA,11.55,11.39,182.78,16.05,1.3852813852813894,0.0034449605079136083
20251201,25154,PASTUSA_SUPREMA,346.5,455.54,9139.14,20.06,0.0,0.17225066405675443
20251201,25175,PASTUSA_SUPREMA,34.65,38.72,854.51,22.07,0.0,0.01610544481681397
20251201,25178,CRIOLLA,8.08,7.97,143.94,18.06,1.3613861386138626,0.002712920535666292
20251201,25178,PASTUSA_SUPREMA,11.55,34.17,959.61,28.08,0.0,0.018086325380232946
20251201,25181,CRIOLLA,46.2,45.55,639.74,14.04,1.4069264069264231,0.01205755025348863
20251201,25181,PASTUSA_SUPREMA,8.66,8.54,137.09,16.05,1.3856812933025542,0.0025838146188307065
20251201,25183,CRIOLLA,4.62,37.01,556.92,15.05,0.0,0.010496593752419557
20251201,25183,PASTUSA_SUPREMA,231.0,1024.96,30844.61,30.09,0.0,0.581346226786285
20251201,25200,PASTUSA_SUPREMA,231.0,170.83,3427.18,20.06,26.04761904761904,0.06459404614023066
20251201,25214,PASTUSA_SUPREMA,51.51,40.8,1064.08,26.08,20.7920792079208,0.020055331968818868
20251201,25224,CRIOLLA,8.66,8.54,128.52,15.05,1.3856812933025542,0.002422290865942975
20251201,25224,PASTUSA_SUPREMA,115.5,68.33,1439.42,21.07,40.83982683982684,0.02712958230824492
20251201,25260,CRIOLLA,5.77,5.69,142.8,25.1,1.3864818024263315,0.0026914342954921944
20251201,25260,PASTUSA_SUPREMA,115.5,56.94,1713.59,30.09,50.701298701298704,0.03229702307011533
20251201,25269,CRIOLLA,64.68,54.09,1085.27,20.06,16.37291280148423,0.020454712169949676
20251201,25269,PASTUSA_SUPREMA,202.7,219.23,5057.95,23.07,0.0,0.09533011270927692
20251201,25281,CRIOLLA,138.6,51.25,719.71,14.04,63.02308802308802,0.01356479115412246
20251201,25281,PASTUSA_SUPREMA,103.95,56.94,1199.51,21.07,45.223665223665236,0.02260785960634343
20251201,25286,PASTUSA_SUPREMA,141.49,159.44,4158.31,26.08,0.0,0.07837407664767611
20251201,25288,CRIOLLA,1.15,4.56,82.25,18.04,0.0,0.0015502133809820236
20251201,25288,PASTUSA_SUPREMA,69.3,113.88,2855.98,25.08,0.0,0.053828308958261885
20251201,25293,PASTUSA_SUPREMA,1.15,1.14,15.99,14.03,0.8695652173913104,0.00030137278981036544
20251201,25295,PASTUSA_SUPREMA,6.35,2.85,52.84,18.54,55.11811023622046,0.0009959060796485124
20251201,25297,PASTUSA_SUPREMA,5.77,1.14,20.56,18.04,80.24263431542461,0.00038750622629775573
20251201,25299,PASTUSA_SUPREMA,4.04,1.71,39.41,23.05,57.67326732673268,0.0007427830923343654
20251201,25312,CRIOLLA,11.55,11.39,171.36,15.04,1.3852813852813894,0.0032297211545906333
20251201,25312,PASTUSA_SUPREMA,40.42,39.86,879.64,22.07,1.3854527461652721,0.016579084479599118
20251201,25317,CRIOLLA,11.55,11.39,182.78,16.05,1.3852813852813894,0.0034449605079136083
20251201,25317,PASTUSA_SUPREMA,144.37,170.83,3427.18,20.06,0.0,0.06459404614023066
20251201,25322,CRIOLLA,11.55,11.39,159.94,14.04,1.3852813852813894,0.003014481801267658
20251201,25322,PASTUSA_SUPREMA,77.96,82.57,1822.12,22.07,0.0,0.0343425508298476
20251201,25326,CRIOLLA,46.2,11.39,194.21,17.05,75.34632034632035,0.0036603883370275843
20251201,25326,PASTUSA_SUPREMA,750.74,854.13,28274.23,33.1,0.0,0.5329007864190075
20251201,25339,CRIOLLA,6.35,6.26,113.1,18.07,1.4173228346456623,0.002131661196219658
20251201,25339,PASTUSA_SUPREMA,28.87,5.69,114.24,20.08,80.29095947350191,0.0021531474363937556
20251201,25372,CRIOLLA,0.0,4.56,63.97,14.03,0.0,0.0012056796350324627
20251201,25372,PASTUSA_SUPREMA,0.0,45.55,639.74,14.04,0.0,0.01205755025348863
20251201,25377,CRIOLLA,213.67,210.69,3909.84,18.56,1.3946740300463278,0.07369101866867787
20251201,25377,PASTUSA_SUPREMA,317.62,626.36,16964.54,27.08,0.0,0.3197405095465627
20251201,25407,CRIOLLA,17.32,17.08,291.31,17.06,1.3856812933025542,0.005490488267645876
20251201,25407,PASTUSA_SUPREMA,288.75,284.71,7139.96,25.08,1.399134199134211,0.1345709608714457
20251201,25426,CRIOLLA,10.39,10.25,143.94,14.04,1.347449470644857,0.002712920535666292
20251201,25426,PASTUSA_SUPREMA,115.5,113.88,2056.31,18.06,1.4025974025974053,0.0387564653792966
20251201,25430,PASTUSA_SUPREMA,295.68,289.09,7249.91,25.08,2.2287608225108335,0.1366432521935001
20251201,25436,PASTUSA_SUPREMA,17.32,16.51,298.16,18.06,4.676674364896072,0.005619594184481462
20251201,25473,PASTUSA_SUPREMA,144.37,139.51,4198.29,30.09,3.366350349795677,0.07912760286009751
20251201,25486,CRIOLLA,2.31,2.28,31.99,14.03,1.2987012987013102,0.0006029340554117318
20251201,25486,PASTUSA_SUPREMA,11.55,17.08,376.99,22.07,0.0,0.007105348844941193
20251201,25513,CRIOLLA,109.72,102.5,2159.12,21.06,6.580386438206343,0.04069418498657638
20251201,25513,PASTUSA_SUPREMA,51.97,14.24,328.44,23.06,72.59957667885318,0.006190298879632047
20251201,25535,PASTUSA_SUPREMA,461.99,683.3,11652.41,17.05,0.0,0.21961971918162607
20251201,25594,CRIOLLA,6.93,3.42,27.42,8.02,50.64935064935065,0.0005168006189243416
20251201,25594,PASTUSA_SUPREMA,9.24,4.56,36.56,8.02,50.64935064935065,0.000689067491899122
20251201,25649,PASTUSA_SUPREMA,5.77,6.83,143.94,21.07,0.0,0.002712920535666292
20251201,25653,CRIOLLA,11.55,10.82,173.64,16.05,6.320346320346326,0.0032726936349388278
20251201,25653,PASTUSA_SUPREMA,441.78,372.97,7482.67,20.06,15.575625877133403,0.14103021470483598
20251201,25736,CRIOLLA,14.44,22.78,616.89,27.08,0.0,0.01162688307105168
20251201,25736,PASTUSA_SUPREMA,461.99,683.3,26732.0,39.12,0.0,0.5038334845034828
20251201,25740,CRIOLLA,323.4,296.67,6547.05,22.07,8.265306122448967,0.12339604274721408
20251201,25740,PASTUSA_SUPREMA,410.02,551.2,12717.12,23.07,0.0,0.23968692512527798
20251201,25745,PASTUSA_SUPREMA,23.1,28.47,742.56,26.08,0.0,0.013995458336559411
20251201,25754,CRIOLLA,69.3,44.98,270.75,6.02,35.0937950937951,0.005102982041348121
20251201,25754,PASTUSA_SUPREMA,115.5,279.13,1680.0,6.02,0.0,0.03166393288814346
20251201,25758,PASTUSA_SUPREMA,25.99,79.72,2678.91,33.6,0.0,0.05049096812700977
20251201,25769,CRIOLLA,46.2,45.55,822.52,18.06,1.4069264069264231,0.015502510761402239
20251201,25769,PASTUSA_SUPREMA,127.05,199.3,4997.97,25.08,0.0,0.0941996349148538
20251201,25772,CRIOLLA,3.46,3.42,51.41,15.03,1.1560693641618491,0.0009689540415353901
20251201,25772,PASTUSA_SUPREMA,404.24,455.54,12794.8,28.09,0.0,0.2411510050697726
20251201,25779,CRIOLLA,17.32,17.08,274.17,16.05,1.3856812933025542,0.005167440761870413
20251201,25779,PASTUSA_SUPREMA,80.85,68.33,1370.87,20.06,15.485466914038337,0.025837580760934065
20251201,25781,PASTUSA_SUPREMA,40.42,39.86,719.71,18.06,1.3854527461652721,0.01356479115412246
20251201,25785,CRIOLLA,6.35,5.69,97.1,17.07,10.39370078740156,0.0018300999306182918
20251201,25785,PASTUSA_SUPREMA,46.2,60.93,1527.95,25.08,0.0,0.02879815848597548
20251201,25793,CRIOLLA,46.2,88.26,1593.64,18.06,0.0,0.03003625595706009
20251201,25793,PASTUSA_SUPREMA,4215.69,4304.82,107956.14,25.08,0.0,2.034711887989893
20251201,25799,CRIOLLA,23.1,22.78,411.26,18.05,1.3852813852813894,0.007751255380701119
20251201,25799,PASTUSA_SUPREMA,231.0,347.35,8710.75,25.08,0.0,0.16417654964606884
20251201,25807,PASTUSA_SUPREMA,259.87,0.0,0.0,0.0,100.0,0.0
20251201,25817,PASTUSA_SUPREMA,17.32,17.08,685.44,40.13,1.3856812933025542,0.012918884618362533
20251201,25841,CRIOLLA,77.96,105.34,2113.43,20.06,0.0,0.03983303909749347
20251201,25841,PASTUSA_SUPREMA,242.55,185.06,3341.5,18.06,23.702329416615132,0.06297918556293534
20251201,25843,CRIOLLA,8.66,11.39,194.21,17.05,0.0,0.0036603883370275843
20251201,25843,PASTUSA_SUPREMA,231.0,318.88,7996.75,25.08,0.0,0.1507193781686079
20251201,25845,CRIOLLA,242.55,227.77,3884.14,17.05,6.09358895073181,0.07320663588580568
20251201,25845,PASTUSA_SUPREMA,635.24,484.01,13594.48,28.09,23.806750204647066,0.2562230371245289
20251201,25873,CRIOLLA,25.99,25.62,488.37,19.06,1.4236244709503576,0.009204592205108704
20251201,25873,PASTUSA_SUPREMA,2887.46,5694.2,182782.89,32.1,0.0,3.4450149774172076
20251201,25898,CRIOLLA,51.97,51.25,1028.15,20.06,1.3854146623051733,0.0193781384517528
20251201,25898,PASTUSA_SUPREMA,69.3,68.33,2124.85,31.1,1.3997113997114008,0.04004827845081645
20251201,25899,CRIOLLA,63.52,74.02,1336.6,18.06,0.0,0.025191674225174137
20251201,25899,PASTUSA_SUPREMA,750.74,626.36,12566.32,20.06,16.56765324879452,0.2368447101969851
20251201,27099,PASTUSA_SUPREMA,1.73,1.42,1.43,1.01,17.919075144508678,2.6952038113122113e-05
20251201,41206,PASTUSA_SUPREMA,5.77,6.83,34.27,5.02,0.0,0.0006459065357599265
20251201,41359,PASTUSA_SUPREMA,2.02,1.99,13.99,7.03,1.4851485148514865,0.0002636776316101947
20251201,41396,PASTUSA_SUPREMA,1.73,1.71,13.71,8.02,1.1560693641618491,0.0002584003094621708
20251201,41668,PASTUSA_SUPREMA,1.73,1.71,6.85,4.01,1.1560693641618491,0.00012910591683558496
20251201,41676,PASTUSA_SUPREMA,1.73,1.71,37.7,22.05,1.1560693641618491,0.0007105537320732194
20251201,52001,CRIOLLA,69.3,48.4,873.93,18.06,30.15873015873016,0.016471464802937628
20251201,52001,PASTUSA_SUPREMA,2309.97,2562.39,51407.69,20.06,0.0,0.968910503627669
20251201,52022,PASTUSA_SUPREMA,69.3,45.55,1142.39,25.08,34.27128427128427,0.021531285888146554
20251201,52036,CRIOLLA,0.58,0.57,5.71,10.02,1.7241379310344862,0.0001076196766614876
20251201,52036,PASTUSA_SUPREMA,6.35,7.97,119.95,15.05,0.0,0.002260767113055243
20251201,52083,PASTUSA_SUPREMA,5.2,7.4,111.38,15.05,0.0,0.002099243360167511
20251201,52110,PASTUSA_SUPREMA,12.7,14.24,228.48,16.04,0.0,0.004306294872787511
20251201,52210,PASTUSA_SUPREMA,115.5,256.24,6683.0,26.08,0.0,0.1259583711258707
20251201,52215,CRIOLLA,54.86,51.25,565.48,11.03,6.580386438206343,0.010657929029516289
20251201,52215,PASTUSA_SUPREMA,259.87,244.85,4912.29,20.06,5.779812983414789,0.09258477433755849
20251201,52224,CRIOLLA,28.87,17.08,274.17,16.05,40.838240387945966,0.005167440761870413
20251201,52224,PASTUSA_SUPREMA,202.12,284.71,6568.76,23.07,0.0,0.12380522368947694
20251201,52227,CRIOLLA,69.3,45.55,548.35,12.04,34.27128427128427,0.010335069999531826
20251201,52227,PASTUSA_SUPREMA,259.87,284.71,6568.76,23.07,0.0,0.12380522368947694
20251201,52240,PASTUSA_SUPREMA,1.73,0.28,1.43,5.11,83.8150289017341,2.6952038113122113e-05
20251201,52258,PASTUSA_SUPREMA,4.62,4.27,64.26,15.05,7.575757575757591,0.0012111454329714875
20251201,52260,PASTUSA_SUPREMA,11.55,0.0,0.0,0.0,100.0,0.0
20251201,52287,PASTUSA_SUPREMA,4.62,6.83,102.82,15.05,0.0,0.0019379080830707802
20251201,52317,CRIOLLA,10.39,4.56,54.83,12.02,56.11164581328201,0.0010334127620576822
20251201,52317,PASTUSA_SUPREMA,161.7,142.36,2998.78,21.06,11.960420531849092,0.05651974325375408
20251201,52320,CRIOLLA,17.32,37.01,556.92,15.05,0.0,0.010496593752419557
20251201,52320,PASTUSA_SUPREMA,40.42,39.86,1119.55,28.09,1.3854527461652721,0.021100807181500602
20251201,52323,CRIOLLA,9.82,3.99,59.98,15.03,59.36863543788186,0.0011304777944231219
20251201,52323,PASTUSA_SUPREMA,57.75,267.63,6711.56,25.08,0.0,0.12649665798496912
20251201,52352,CRIOLLA,25.99,11.39,137.09,12.04,56.17545209696036,0.0025838146188307065
20251201,52352,PASTUSA_SUPREMA,72.76,51.25,1182.38,23.07,29.562946673996706,0.02228500057635897
20251201,52354,CRIOLLA,5.77,19.93,299.88,15.05,0.0,0.005652012020533608
20251201,52354,PASTUSA_SUPREMA,173.25,170.83,3941.26,23.07,1.3968253968253852,0.07428320960400256
20251201,52356,CRIOLLA,14.44,14.24,128.52,9.03,1.3850415512465353,0.002422290865942975
20251201,52356,PASTUSA_SUPREMA,404.24,512.48,9253.38,18.06,0.0,0.17440381149314818
20251201,52378,PASTUSA_SUPREMA,35.8,34.17,685.44,20.06,4.553072625698307,0.012918884618362533
20251201,52381,CRIOLLA,1.15,0.0,0.0,0.0,100.0,0.0
20251201,52381,PASTUSA_SUPREMA,2.89,2.85,42.84,15.03,1.384083044982698,0.0008074302886476583
20251201,52385,PASTUSA_SUPREMA,1.15,1.14,8.0,7.02,0.8695652173913104,0.00015078063280068315
20251201,52418,PASTUSA_SUPREMA,1.15,1.14,10.28,9.02,0.8695652173913104,0.00019375311314887787
20251201,52435,PASTUSA_SUPREMA,49.09,42.71,428.4,10.03,12.996536972906913,0.008074302886476583
20251201,52480,CRIOLLA,1.73,1.71,18.85,11.02,1.1560693641618491,0.0003552768660366097
20251201,52480,PASTUSA_SUPREMA,0.29,0.85,10.28,12.09,0.0,0.00019375311314887787
20251201,52506,PASTUSA_SUPREMA,231.0,170.83,4283.97,25.08,26.04761904761904,0.08074246343739283
20251201,52560,CRIOLLA,155.92,153.74,2621.79,17.05,1.3981528989225112,0.04941439440881289
20251201,52560,PASTUSA_SUPREMA,1732.48,1281.2,34700.19,27.08,26.04820834872552,0.6540145758129922
20251201,52565,CRIOLLA,8.66,13.1,236.48,18.05,0.0,0.004457075505588194
20251201,52565,PASTUSA_SUPREMA,20.21,42.71,942.47,22.07,0.0,0.017763277874457483
20251201,52573,CRIOLLA,37.54,37.01,445.53,12.04,1.4118273841236095,0.008397161916461046
20251201,52573,PASTUSA_SUPREMA,86.62,102.5,1747.86,17.05,0.0,0.032942929605875255
20251201,52585,CRIOLLA,47.35,45.55,731.13,16.05,3.801478352692722,0.013780030507445435
20251201,52585,PASTUSA_SUPREMA,1039.49,1070.51,25772.39,24.07,0.0,0.48574715912324984
20251201,52678,PASTUSA_SUPREMA,5.77,5.69,85.68,15.06,1.3864818024263315,0.0016148605772953167
20251201,52683,PASTUSA_SUPREMA,0.58,1.02,15.42,15.12,0.0,0.0002906296697233168
20251201,52685,PASTUSA_SUPREMA,3.46,2.85,42.84,15.03,17.6300578034682,0.0008074302886476583
20251201,52693,PASTUSA_SUPREMA,1.73,9.11,109.67,12.04,0.0,0.002067013999906365
20251201,52699,PASTUSA_SUPREMA,8.66,8.54,154.22,18.06,1.3856812933025542,0.0029066736488151694
20251201,52720,CRIOLLA,4.62,2.85,34.27,12.02,38.31168831168831,0.0006459065357599265
20251201,52720,PASTUSA_SUPREMA,375.37,341.65,6854.36,20.06,8.983136638516676,0.12918809228046133
20251201,52788,PASTUSA_SUPREMA,115.5,170.83,3427.18,20.06,0.0,0.06459404614023066
20251201,52838,CRIOLLA,213.67,96.8,1456.55,15.05,54.696494594468106,0.027452441338229383
20251201,52838,PASTUSA_SUPREMA,1328.23,1651.32,33129.4,20.06,0.0,0.6244089870383691
20251201,52885,CRIOLLA,6.93,2.85,42.84,15.03,58.87445887445888,0.0008074302886476583
20251201,52885,PASTUSA_SUPREMA,173.25,199.3,4598.13,23.07,0.0,0.08666361888747566
20251201,54125,CRIOLLA,27.72,28.47,628.32,22.07,0.0,0.011842310900165656
20251201,54125,PASTUSA_SUPREMA,23.1,34.17,685.44,20.06,0.0,0.012918884618362533
20251201,54172,PASTUSA_SUPREMA,0.0,0.57,8.57,15.04,0.0,0.00016152375288773182
20251201,54174,CRIOLLA,51.97,50.11,603.18,12.04,3.578987877621709,0.011368482761589508
20251201,54174,PASTUSA_SUPREMA,519.74,654.83,9853.14,15.05,0.0,0.1857078355342154
20251201,54347,CRIOLLA,2.89,2.85,41.41,14.53,1.384083044982698,0.0007804782505345362
20251201,54347,PASTUSA_SUPREMA,2.89,2.85,45.7,16.04,1.384083044982698,0.0008613343648739025
20251201,54377,CRIOLLA,5.77,5.69,91.39,16.06,1.3864818024263315,0.0017224802539568041
20251201,54377,PASTUSA_SUPREMA,5.77,5.69,91.39,16.06,1.3864818024263315,0.0017224802539568041
20251201,54480,CRIOLLA,50.82,67.19,1482.83,22.07,0.0,0.027947755716979626
20251201,54480,PASTUSA_SUPREMA,67.57,68.33,1645.05,24.08,0.0,0.03100520999859548
20251201,54518,CRIOLLA,54.86,53.53,698.0,13.04,2.4243528982865414,0.013155610211859606
20251201,54518,PASTUSA_SUPREMA,92.4,99.65,1499.39,15.05,0.0,0.02825987162687704
20251201,54743,CRIOLLA,99.91,133.81,2684.62,20.06,0.0,0.050598587803671255
20251201,54743,PASTUSA_SUPREMA,255.25,484.01,9710.34,20.06,0.0,0.1830164012387232
20251201,68013,PASTUSA_SUPREMA,0.0,1.14,21.71,19.04,0.0,0.00040918094226285393
20251201,68020,PASTUSA_SUPREMA,20.21,19.93,359.85,18.06,1.3854527461652721,0.0067823013391657295
20251201,68101,PASTUSA_SUPREMA,15.01,20.5,452.39,22.07,0.0,0.008526456309087632
20251201,68132,CRIOLLA,1.15,1.14,9.14,8.02,0.8695652173913104,0.0001722668729747805
20251201,68132,PASTUSA_SUPREMA,1.73,1.71,17.14,10.02,1.1560693641618491,0.00032304750577546364
20251201,68152,PASTUSA_SUPREMA,219.45,466.92,6088.95,13.04,0.0,0.11476196676146497
20251201,68162,PASTUSA_SUPREMA,288.75,569.42,13137.52,23.07,0.0,0.24761044737895388
20251201,68207,CRIOLLA,4.62,3.99,51.18,12.83,13.636363636363635,0.0009646190983423705
20251201,68207,PASTUSA_SUPREMA,23.1,56.37,1300.61,23.07,0.0,0.024513349853362065
20251201,68245,CRIOLLA,0.29,0.28,2.86,10.21,3.44827586206895,5.390407622624423e-05
20251201,68264,PASTUSA_SUPREMA,9.24,12.53,75.4,6.02,0.0,0.0014211074641464387
20251201,68271,PASTUSA_SUPREMA,0.0,1.71,10.28,6.01,0.0,0.00019375311314887787
20251201,68298,PASTUSA_SUPREMA,4.62,5.69,44.44,7.81,0.0,0.000837586415207795
20251201,68318,CRIOLLA,11.55,11.39,205.63,18.05,1.3852813852813894,0.0038756276903505597
20251201,68318,PASTUSA_SUPREMA,173.25,284.71,5997.56,21.07,0.0,0.11303948650750816
20251201,68368,CRIOLLA,1.15,1.14,17.14,15.04,0.8695652173913104,0.00032304750577546364
20251201,68377,PASTUSA_SUPREMA,2.89,2.28,61.69,27.06,21.107266435986173,0.001162707154684268
20251201,68432,CRIOLLA,2.31,2.28,52.55,23.05,1.2987012987013102,0.0009904402817094875
20251201,68468,PASTUSA_SUPREMA,5.77,5.12,97.67,19.08,11.265164644714032,0.0018408430507053405
20251201,68502,PASTUSA_SUPREMA,34.65,8.54,128.52,15.05,75.35353535353535,0.002422290865942975
20251201,68572,PASTUSA_SUPREMA,12.7,13.67,205.63,15.04,0.0,0.0038756276903505597
20251201,68669,PASTUSA_SUPREMA,12.7,23.92,479.81,20.06,0.0,0.009043256928011972
20251201,68682,CRIOLLA,1.15,1.71,10.28,6.01,0.0,0.00019375311314887787
20251201,68682,PASTUSA_SUPREMA,0.0,1.71,13.71,8.02,0.0,0.0002584003094621708
20251201,68705,PASTUSA_SUPREMA,2.89,2.85,57.12,20.04,1.384083044982698,0.0010765737181968778
20251201,68773,PASTUSA_SUPREMA,2.31,2.85,42.84,15.03,0.0,0.0008074302886476583
20251201,68820,PASTUSA_SUPREMA,0.0,466.92,13114.67,28.09,0.0,0.24717978019651693
20251201,68861,PASTUSA_SUPREMA,40.42,50.68,1779.28,35.11,0.0,0.03353512054119994
20251201,68867,CRIOLLA,0.14,0.28,3.57,12.75,0.0,6.728585738730486e-05
20251201,68867,PASTUSA_SUPREMA,0.58,1.14,22.85,20.04,0.0,0.00043066718243695126
20251201,73043,PASTUSA_SUPREMA,57.17,54.09,868.22,16.05,5.3874409655413675,0.01636384512627614
20251201,73124,CRIOLLA,6.35,6.26,75.4,12.04,1.4173228346456623,0.0014211074641464387
20251201,73124,PASTUSA_SUPREMA,10.97,9.68,131.09,13.54,11.759343664539657,0.0024707291442301943
20251201,73152,PASTUSA_SUPREMA,103.95,102.5,1747.86,17.05,1.3949013949013933,0.032942929605875255
20251201,73347,PASTUSA_SUPREMA,86.62,113.88,2079.16,18.26,0.0,0.03918713256173355
20251201,73461,CRIOLLA,3.46,3.42,41.13,12.03,1.1560693641618491,0.0007752009283865123
20251201,73461,PASTUSA_SUPREMA,4.04,3.99,95.96,24.05,1.2376237623762387,0.0018086136904441944
20251201,73622,CRIOLLA,31.76,29.61,445.53,15.05,6.769521410579349,0.008397161916461046
20251201,73622,PASTUSA_SUPREMA,34.65,32.46,716.28,22.07,6.3203463203463155,0.013500143957809166
20251201,73686,PASTUSA_SUPREMA,69.3,68.33,822.52,12.04,1.3997113997114008,0.015502510761402239
20251201,73870,PASTUSA_SUPREMA,14.44,14.24,99.96,7.02,1.3850415512465353,0.0018840040068445361
20251201,76111,PASTUSA_SUPREMA,9.24,8.54,137.09,16.05,7.575757575757591,0.0025838146188307065
20251201,76736,PASTUSA_SUPREMA,11.55,17.08,205.63,12.04,0.0,0.0038756276903505597
20251201,76834,PASTUSA_SUPREMA,146.11,133.81,2416.16,18.06,8.418314968174666,0.045538766718462326
20251201,85136,PASTUSA_SUPREMA,6.35,0.0,0.0,0.0,100.0,0.0
20251201,86749,PASTUSA_SUPREMA,0.0,0.57,7.43,13.04,0.0,0.0001400375127136345
20251201,86755,PASTUSA_SUPREMA,0.87,1.14,11.42,10.02,0.0,0.0002152393533229752
